ISO-10303-21;
HEADER;

/* File generated by Shapr3D Version 26.170.0.11783 */

FILE_DESCRIPTION(('HOOPS Exchange Step'),'2;1');

FILE_NAME('/Users/sanyamsaharan/Library/Containers/com.shapr3d.shapr/Data/tmp/export/temp_export',
'2026-10-02T09:40:55-14:00',
('sanyamsaharan'),
('Shapr3D Limited'),
'HOOPS Exchange 2026.3',
'Shapr3D',
'Authorized');

FILE_SCHEMA( ('AP242_MANAGED_MODEL_BASED_3D_ENGINEERING_MIM_LF {1 0 10303 442 1 1 4}') );

ENDSEC;

DATA;
#3=(NAMED_UNIT(*)PLANE_ANGLE_UNIT()SI_UNIT($,.RADIAN.));
#4=PLANE_ANGLE_MEASURE_WITH_UNIT(PLANE_ANGLE_MEASURE(0.0174532925),#3);
#5=(CONVERSION_BASED_UNIT('DEGREE',#4)NAMED_UNIT(#6)PLANE_ANGLE_UNIT());
#6=DIMENSIONAL_EXPONENTS(0.,0.,0.,0.,0.,0.,0.);
#7=(NAMED_UNIT(*)SI_UNIT($,.STERADIAN.)SOLID_ANGLE_UNIT());
#8=(LENGTH_UNIT()NAMED_UNIT(*)SI_UNIT(.MILLI.,.METRE.));
#9=UNCERTAINTY_MEASURE_WITH_UNIT(LENGTH_MEASURE(1.000000E-05),#8,'DISTANCE_ACCURACY_VALUE','Maximum Tolerance applied to model');
#10=(GEOMETRIC_REPRESENTATION_CONTEXT(3)GLOBAL_UNCERTAINTY_ASSIGNED_CONTEXT((#9))GLOBAL_UNIT_ASSIGNED_CONTEXT((#8,#5,#7))REPRESENTATION_CONTEXT('','root'));
#12=CARTESIAN_POINT('',(0.,0.,0.));
#13=DIRECTION('',(0.,0.,1.));
#14=DIRECTION('',(1.,0.,0.));
#15=AXIS2_PLACEMENT_3D('',#12,#13,#14);
#27=CARTESIAN_POINT('',(-26.523115093,22.561476571,47.137025121));
#28=CARTESIAN_POINT('',(-26.523115093,22.582583033,47.186405683));
#29=CARTESIAN_POINT('',(-26.543549452,22.606387803,47.230837423));
#30=CARTESIAN_POINT('',(-26.601107832,22.652900136,47.306323404));
#31=CARTESIAN_POINT('',(-26.636763689,22.675102531,47.337118422));
#32=CARTESIAN_POINT('',(-26.75159684,22.741462697,47.420868204));
#33=CARTESIAN_POINT('',(-26.838373174,22.784149089,47.464006847));
#34=CARTESIAN_POINT('',(-26.963577668,22.856533015,47.525688815));
#35=CARTESIAN_POINT('',(-27.004878164,22.881881757,47.545517677));
#36=CARTESIAN_POINT('',(-27.079150271,22.943039954,47.587784544));
#37=CARTESIAN_POINT('',(-27.115343749,22.981566648,47.611961347));
#38=CARTESIAN_POINT('',(-27.119828921,23.075935564,47.659813112));
#39=CARTESIAN_POINT('',(-27.086051568,23.119808344,47.677270513));
#40=CARTESIAN_POINT('',(-27.012651156,23.192105015,47.702119636));
#41=CARTESIAN_POINT('',(-26.971206562,23.22354276,47.710816776));
#42=CARTESIAN_POINT('',(-26.929282756,23.25474784,47.718065049));
#43=CARTESIAN_POINT('',(-26.60166907,22.561476571,47.137025121));
#44=CARTESIAN_POINT('',(-26.600524439,22.582774815,47.186854369));
#45=CARTESIAN_POINT('',(-26.619818541,22.606872296,47.231766522));
#46=CARTESIAN_POINT('',(-26.67510242,22.654150421,47.308232922));
#47=CARTESIAN_POINT('',(-26.709624034,22.676825898,47.339527945));
#48=CARTESIAN_POINT('',(-26.821059383,22.744843637,47.424741336));
#49=CARTESIAN_POINT('',(-26.905577083,22.78895285,47.468807177));
#50=CARTESIAN_POINT('',(-27.027387089,22.863818755,47.531543956));
#51=CARTESIAN_POINT('',(-27.067548426,22.890114111,47.551720741));
#52=CARTESIAN_POINT('',(-27.139530652,22.953386489,47.59440436));
#53=CARTESIAN_POINT('',(-27.174573408,22.99308075,47.618649992));
#54=CARTESIAN_POINT('',(-27.176749341,23.089988125,47.666088587));
#55=CARTESIAN_POINT('',(-27.141830831,23.134993269,47.683256116));
#56=CARTESIAN_POINT('',(-27.066154196,23.209393189,47.707413392));
#57=CARTESIAN_POINT('',(-27.023574534,23.241801816,47.715708556));
#58=CARTESIAN_POINT('',(-26.980508287,23.273953161,47.722526034));
#59=CARTESIAN_POINT('',(-26.680208241,22.557886649,47.138559541));
#60=CARTESIAN_POINT('',(-26.678696346,22.579060279,47.187835126));
#61=CARTESIAN_POINT('',(-26.696710285,22.602510472,47.231952304));
#62=CARTESIAN_POINT('',(-26.748237317,22.649713514,47.308912471));
#63=CARTESIAN_POINT('',(-26.781826448,22.673296418,47.341574915));
#64=CARTESIAN_POINT('',(-26.889690022,22.743754841,47.428969873));
#65=CARTESIAN_POINT('',(-26.972329116,22.790055197,47.474200037));
#66=CARTESIAN_POINT('',(-27.089868502,22.869568541,47.538582695));
#67=CARTESIAN_POINT('',(-27.128517641,22.897837882,47.559381136));
#68=CARTESIAN_POINT('',(-27.194771085,22.965601558,47.603052024));
#69=CARTESIAN_POINT('',(-27.221272481,23.007770468,47.627073983));
#70=CARTESIAN_POINT('',(-27.219690736,23.100275465,47.671016887));
#71=CARTESIAN_POINT('',(-27.190745625,23.146648083,47.688910379));
#72=CARTESIAN_POINT('',(-27.116666772,23.225022744,47.713922462));
#73=CARTESIAN_POINT('',(-27.073664945,23.259317582,47.722396944));
#74=CARTESIAN_POINT('',(-27.031731505,23.292728959,47.728832254));
#75=CARTESIAN_POINT('',(-26.836522696,22.543662235,47.144639404));
#76=CARTESIAN_POINT('',(-26.835257109,22.56407559,47.191964473));
#77=CARTESIAN_POINT('',(-26.850286039,22.586604849,47.235171498));
#78=CARTESIAN_POINT('',(-26.895683957,22.634234569,47.312709558));
#79=CARTESIAN_POINT('',(-26.926031786,22.659054978,47.346826897));
#80=CARTESIAN_POINT('',(-27.025393989,22.73516235,47.43857369));
#81=CARTESIAN_POINT('',(-27.103293455,22.787180326,47.486425618));
#82=CARTESIAN_POINT('',(-27.209534005,22.877861204,47.554343382));
#83=CARTESIAN_POINT('',(-27.243629683,22.910497986,47.576336117));
#84=CARTESIAN_POINT('',(-27.295850589,22.98617241,47.621046834));
#85=CARTESIAN_POINT('',(-27.312699148,23.029997572,47.643982516));
#86=CARTESIAN_POINT('',(-27.305218966,23.12263474,47.685378909));
#87=CARTESIAN_POINT('',(-27.280435661,23.169738503,47.703000128));
#88=CARTESIAN_POINT('',(-27.212712953,23.25468499,47.729389415));
#89=CARTESIAN_POINT('',(-27.171342769,23.293115618,47.738772048));
#90=CARTESIAN_POINT('',(-27.133935749,23.329340424,47.745080114));
#91=CARTESIAN_POINT('',(-26.91429798,22.533027744,47.149184846));
#92=CARTESIAN_POINT('',(-26.913646779,22.552799817,47.195113705));
#93=CARTESIAN_POINT('',(-26.927275111,22.574993686,47.237933801));
#94=CARTESIAN_POINT('',(-26.969496914,22.622903411,47.315526202));
#95=CARTESIAN_POINT('',(-26.998051774,22.64838394,47.350195441));
#96=CARTESIAN_POINT('',(-27.09241441,22.727618218,47.443902141));
#97=CARTESIAN_POINT('',(-27.167506573,22.783201457,47.49328698));
#98=CARTESIAN_POINT('',(-27.266857131,22.88027554,47.563023143));
#99=CARTESIAN_POINT('',(-27.297948121,22.915305875,47.585579176));
#100=CARTESIAN_POINT('',(-27.343128251,22.994597623,47.630589862));
#101=CARTESIAN_POINT('',(-27.35613779,23.039430539,47.653181175));
#102=CARTESIAN_POINT('',(-27.346018505,23.133094092,47.69385866));
#103=CARTESIAN_POINT('',(-27.322519347,23.180893902,47.711429738));
#104=CARTESIAN_POINT('',(-27.258366773,23.268844388,47.738458283));
#105=CARTESIAN_POINT('',(-27.21893464,23.309405955,47.748458717));
#106=CARTESIAN_POINT('',(-27.184916775,23.347176091,47.755021754));
#107=CARTESIAN_POINT('',(-27.068350387,22.504849466,47.161228933));
#108=CARTESIAN_POINT('',(-27.069006169,22.52322286,47.204547315));
#109=CARTESIAN_POINT('',(-27.080036516,22.545223301,47.246710019));
#110=CARTESIAN_POINT('',(-27.116102755,22.594343419,47.324212117));
#111=CARTESIAN_POINT('',(-27.140970008,22.621344468,47.359619836));
#112=CARTESIAN_POINT('',(-27.224612734,22.707488984,47.456318698));
#113=CARTESIAN_POINT('',(-27.292909046,22.770860406,47.508521207));
#114=CARTESIAN_POINT('',(-27.377915723,22.880978425,47.581632215));
#115=CARTESIAN_POINT('',(-27.403269395,22.920550682,47.605169111));
#116=CARTESIAN_POINT('',(-27.436425932,23.007217407,47.651047721));
#117=CARTESIAN_POINT('',(-27.443505857,23.054483249,47.673374944));
#118=CARTESIAN_POINT('',(-27.429157602,23.15202242,47.713640823));
#119=CARTESIAN_POINT('',(-27.407432633,23.20188772,47.73135788));
#120=CARTESIAN_POINT('',(-27.349451156,23.296314764,47.759807868));
#121=CARTESIAN_POINT('',(-27.313697749,23.340897307,47.770812885));
#122=CARTESIAN_POINT('',(-27.286399066,23.381826205,47.77848541));
#123=CARTESIAN_POINT('',(-27.144627509,22.487305678,47.168727577));
#124=CARTESIAN_POINT('',(-27.145968601,22.50491895,47.210832318));
#125=CARTESIAN_POINT('',(-27.155747294,22.527078164,47.252745729));
#126=CARTESIAN_POINT('',(-27.18883039,22.577089028,47.330064232));
#127=CARTESIAN_POINT('',(-27.211822782,22.604961964,47.365671106));
#128=CARTESIAN_POINT('',(-27.289783143,22.694877905,47.463411381));
#129=CARTESIAN_POINT('',(-27.354121366,22.762477033,47.516898828));
#130=CARTESIAN_POINT('',(-27.431751209,22.879259442,47.591572253));
#131=CARTESIAN_POINT('',(-27.454341889,22.92105455,47.615557539));
#132=CARTESIAN_POINT('',(-27.482412399,23.011449664,47.661975302));
#133=CARTESIAN_POINT('',(-27.487312278,23.060176277,47.684387088));
#134=CARTESIAN_POINT('',(-27.471356334,23.160433634,47.724904338));
#135=CARTESIAN_POINT('',(-27.450201263,23.211687424,47.742835754));
#136=CARTESIAN_POINT('',(-27.394916115,23.309561827,47.77206536));
#137=CARTESIAN_POINT('',(-27.360872583,23.356097588,47.783481513));
#138=CARTESIAN_POINT('',(-27.336900331,23.398640653,47.792007425));
#139=CARTESIAN_POINT('',(-27.294949317,22.445444083,47.186620249));
#140=CARTESIAN_POINT('',(-27.296649279,22.462223896,47.227328524));
#141=CARTESIAN_POINT('',(-27.304253644,22.484890082,47.268588324));
#142=CARTESIAN_POINT('',(-27.331810504,22.537114461,47.345101026));
#143=CARTESIAN_POINT('',(-27.35126238,22.566927315,47.380725652));
#144=CARTESIAN_POINT('',(-27.417902281,22.665117029,47.479601559));
#145=CARTESIAN_POINT('',(-27.473837202,22.741552305,47.535129919));
#146=CARTESIAN_POINT('',(-27.53764133,22.871759533,47.612692479));
#147=CARTESIAN_POINT('',(-27.555370278,22.917974767,47.637590324));
#148=CARTESIAN_POINT('',(-27.574996562,23.016093242,47.685439895));
#149=CARTESIAN_POINT('',(-27.576525186,23.068059924,47.708362554));
#150=CARTESIAN_POINT('',(-27.558364409,23.174540499,47.75006252));
#151=CARTESIAN_POINT('',(-27.538435449,23.228994835,47.768754022));
#152=CARTESIAN_POINT('',(-27.487950376,23.334476003,47.799993901));
#153=CARTESIAN_POINT('',(-27.456741731,23.38535435,47.812333346));
#154=CARTESIAN_POINT('',(-27.437185535,23.431167241,47.822576782));
#155=CARTESIAN_POINT('',(-27.368994002,22.421126274,47.197014277));
#156=CARTESIAN_POINT('',(-27.370359593,22.43783262,47.23753954));
#157=CARTESIAN_POINT('',(-27.3768635,22.461014055,47.278530777));
#158=CARTESIAN_POINT('',(-27.402132536,22.514326261,47.354215581));
#159=CARTESIAN_POINT('',(-27.419820829,22.545286509,47.389737292));
#160=CARTESIAN_POINT('',(-27.480870429,22.647933301,47.48867828));
#161=CARTESIAN_POINT('',(-27.532352349,22.729009843,47.544994405));
#162=CARTESIAN_POINT('',(-27.589706503,22.865987443,47.623879333));
#163=CARTESIAN_POINT('',(-27.605305841,22.914406534,47.649243019));
#164=CARTESIAN_POINT('',(-27.621563158,23.016510509,47.697979203));
#165=CARTESIAN_POINT('',(-27.621883083,23.070232791,47.721313403));
#166=CARTESIAN_POINT('',(-27.603174711,23.180254636,47.763978083));
#167=CARTESIAN_POINT('',(-27.58378426,23.236445928,47.783155302));
#168=CARTESIAN_POINT('',(-27.535630269,23.346191435,47.815745443));
#169=CARTESIAN_POINT('',(-27.505442904,23.399413799,47.8285209));
#170=CARTESIAN_POINT('',(-27.486969473,23.446879382,47.839624124));
#171=CARTESIAN_POINT('',(-27.514116659,22.365851909,47.220639895));
#172=CARTESIAN_POINT('',(-27.512751068,22.384358637,47.262498943));
#173=CARTESIAN_POINT('',(-27.519504155,22.406698535,47.301035039));
#174=CARTESIAN_POINT('',(-27.539693422,22.463316791,47.375396292));
#175=CARTESIAN_POINT('',(-27.55418904,22.496718324,47.410265286));
#176=CARTESIAN_POINT('',(-27.604114944,22.609389159,47.508689241));
#177=CARTESIAN_POINT('',(-27.646848713,22.700159086,47.565996306));
#178=CARTESIAN_POINT('',(-27.692525178,22.850950354,47.64740947));
#179=CARTESIAN_POINT('',(-27.704488474,22.903821952,47.673764027));
#180=CARTESIAN_POINT('',(-27.715282211,23.014039504,47.72461266));
#181=CARTESIAN_POINT('',(-27.713913263,23.071439366,47.749086408));
#182=CARTESIAN_POINT('',(-27.69479594,23.188680623,47.794218251));
#183=CARTESIAN_POINT('',(-27.676979067,23.248685228,47.814869612));
#184=CARTESIAN_POINT('',(-27.632314965,23.36668476,47.850276814));
#185=CARTESIAN_POINT('',(-27.606017641,23.426119167,47.865420607));
#186=CARTESIAN_POINT('',(-27.585582454,23.477120271,47.877189088));
#187=CARTESIAN_POINT('',(-27.585176817,22.33490079,47.233869162));
#188=CARTESIAN_POINT('',(-27.583405708,22.353671356,47.275549055));
#189=CARTESIAN_POINT('',(-27.589175154,22.376561928,47.313910766));
#190=CARTESIAN_POINT('',(-27.607196773,22.43488052,47.387234702));
#191=CARTESIAN_POINT('',(-27.619969201,22.469814448,47.421804973));
#192=CARTESIAN_POINT('',(-27.664432018,22.587991341,47.519586793));
#193=CARTESIAN_POINT('',(-27.702812191,22.683863231,47.57714951));
#194=CARTESIAN_POINT('',(-27.743274646,22.841685873,47.659749433));
#195=CARTESIAN_POINT('',(-27.753704376,22.896804574,47.68663134));
#196=CARTESIAN_POINT('',(-27.762425149,23.011164183,47.73871301));
#197=CARTESIAN_POINT('',(-27.760516908,23.070434314,47.763883218));
#198=CARTESIAN_POINT('',(-27.741651744,23.191462979,47.810586389));
#199=CARTESIAN_POINT('',(-27.724542459,23.253260977,47.832044658));
#200=CARTESIAN_POINT('',(-27.681695453,23.375833296,47.869292445));
#201=CARTESIAN_POINT('',(-27.656313274,23.437456808,47.885276603));
#202=CARTESIAN_POINT('',(-27.634408622,23.491648098,47.897705778));
#203=CARTESIAN_POINT('',(-27.723667799,22.266755906,47.262995955));
#204=CARTESIAN_POINT('',(-27.722205693,22.285066013,47.303672686));
#205=CARTESIAN_POINT('',(-27.72602609,22.309356355,47.34149979));
#206=CARTESIAN_POINT('',(-27.738921424,22.372487333,47.413175136));
#207=CARTESIAN_POINT('',(-27.748315602,22.410921785,47.446870672));
#208=CARTESIAN_POINT('',(-27.781813408,22.541570217,47.542845505));
#209=CARTESIAN_POINT('',(-27.8118992,22.648185927,47.600371563));
#210=CARTESIAN_POINT('',(-27.843049483,22.820472885,47.685312246));
#211=CARTESIAN_POINT('',(-27.850910842,22.880148867,47.713331223));
#212=CARTESIAN_POINT('',(-27.856410501,23.002850828,47.768236234));
#213=CARTESIAN_POINT('',(-27.853920242,23.065911534,47.795098201));
#214=CARTESIAN_POINT('',(-27.835981168,23.194397955,47.845494764));
#215=CARTESIAN_POINT('',(-27.820477757,23.259891424,47.868967683));
#216=CARTESIAN_POINT('',(-27.780360438,23.391185794,47.910153548));
#217=CARTESIAN_POINT('',(-27.756169275,23.457395368,47.927962334));
#218=CARTESIAN_POINT('',(-27.730879756,23.519459176,47.942087861));
#219=CARTESIAN_POINT('',(-27.791098624,22.229562141,47.278893482));
#220=CARTESIAN_POINT('',(-27.790342515,22.247145018,47.318749987));
#221=CARTESIAN_POINT('',(-27.793021675,22.27243317,47.356381798));
#222=CARTESIAN_POINT('',(-27.803215015,22.338472041,47.427213865));
#223=CARTESIAN_POINT('',(-27.810856096,22.378954668,47.460419006));
#224=CARTESIAN_POINT('',(-27.838895497,22.516531477,47.555188331));
#225=CARTESIAN_POINT('',(-27.865007037,22.628812355,47.612447593));
#226=CARTESIAN_POINT('',(-27.892067421,22.808525709,47.698531474));
#227=CARTESIAN_POINT('',(-27.898880482,22.870510695,47.727162171));
#228=CARTESIAN_POINT('',(-27.903243601,22.997423683,47.783661416));
#229=CARTESIAN_POINT('',(-27.900684442,23.062381108,47.811506514));
#230=CARTESIAN_POINT('',(-27.883457687,23.194594221,47.864050398));
#231=CARTESIAN_POINT('',(-27.868763959,23.261897492,47.888681702));
#232=CARTESIAN_POINT('',(-27.829701685,23.397540263,47.932048381));
#233=CARTESIAN_POINT('',(-27.805729644,23.465996288,47.950792068));
#234=CARTESIAN_POINT('',(-27.778524723,23.532742426,47.965953254));
#235=CARTESIAN_POINT('',(-27.92170395,22.149317193,47.313192139));
#236=CARTESIAN_POINT('',(-27.922374585,22.165251002,47.351605775));
#237=CARTESIAN_POINT('',(-27.922809053,22.192931251,47.38863302));
#238=CARTESIAN_POINT('',(-27.927631032,22.265659367,47.457338891));
#239=CARTESIAN_POINT('',(-27.931811967,22.310741541,47.489262041));
#240=CARTESIAN_POINT('',(-27.949187989,22.463594416,47.580787233));
#241=CARTESIAN_POINT('',(-27.967758364,22.587886649,47.637067047));
#242=CARTESIAN_POINT('',(-27.987585218,22.782891278,47.725449835));
#243=CARTESIAN_POINT('',(-27.992670753,22.84956095,47.755409948));
#244=CARTESIAN_POINT('',(-27.995443742,22.984929768,47.815496335));
#245=CARTESIAN_POINT('',(-27.993067749,23.053650619,47.84560334));
#246=CARTESIAN_POINT('',(-27.977600553,23.193230076,47.903105442));
#247=CARTESIAN_POINT('',(-27.964523682,23.264122543,47.930425318));
#248=CARTESIAN_POINT('',(-27.927177918,23.408592671,47.978739663));
#249=CARTESIAN_POINT('',(-27.903363325,23.481754774,47.999586731));
#250=CARTESIAN_POINT('',(-27.8724129,23.558005002,48.016913033));
#251=CARTESIAN_POINT('',(-27.984878452,22.10626601,47.33159327));
#252=CARTESIAN_POINT('',(-27.986259294,22.121278255,47.369383334));
#253=CARTESIAN_POINT('',(-27.985551936,22.150411498,47.406029269));
#254=CARTESIAN_POINT('',(-27.987727846,22.226887552,47.473443317));
#255=CARTESIAN_POINT('',(-27.990211395,22.274512452,47.504567646));
#256=CARTESIAN_POINT('',(-28.002397381,22.43569406,47.594041158));
#257=CARTESIAN_POINT('',(-28.017393691,22.566338535,47.649609818));
#258=CARTESIAN_POINT('',(-28.03407676,22.76920737,47.739146581));
#259=CARTESIAN_POINT('',(-28.038480434,22.838252404,47.76982499));
#260=CARTESIAN_POINT('',(-28.040802389,22.977868474,47.831905236));
#261=CARTESIAN_POINT('',(-28.038676034,23.048454577,47.863291121));
#262=CARTESIAN_POINT('',(-28.024261393,23.19168365,47.923607715));
#263=CARTESIAN_POINT('',(-28.011987856,23.26435995,47.952458422));
#264=CARTESIAN_POINT('',(-27.975314591,23.413340959,48.003546455));
#265=CARTESIAN_POINT('',(-27.951441494,23.488903601,48.025550023));
#266=CARTESIAN_POINT('',(-27.918656111,23.569984329,48.04400742));
#267=CARTESIAN_POINT('',(-28.106344142,22.014691453,47.370734479));
#268=CARTESIAN_POINT('',(-28.10806113,22.02902117,47.408061257));
#269=CARTESIAN_POINT('',(-28.105431952,22.061097113,47.443526821));
#270=CARTESIAN_POINT('',(-28.10276756,22.145580564,47.507515135));
#271=CARTESIAN_POINT('',(-28.102024862,22.198758223,47.536584677));
#272=CARTESIAN_POINT('',(-28.104296686,22.378009287,47.620877358));
#273=CARTESIAN_POINT('',(-28.112544352,22.522047976,47.674667712));
#274=CARTESIAN_POINT('',(-28.123701009,22.741060549,47.766589633));
#275=CARTESIAN_POINT('',(-28.127009197,22.814921178,47.798826042));
#276=CARTESIAN_POINT('',(-28.128935416,22.963039622,47.865317566));
#277=CARTESIAN_POINT('',(-28.127544777,23.037303019,47.899566711));
#278=CARTESIAN_POINT('',(-28.115589817,23.187678402,47.966259984));
#279=CARTESIAN_POINT('',(-28.105044369,23.263818165,47.998618766));
#280=CARTESIAN_POINT('',(-28.069654158,23.422075075,48.056076454));
#281=CARTESIAN_POINT('',(-28.045383271,23.503007578,48.080765073));
#282=CARTESIAN_POINT('',(-28.009520222,23.592579716,48.101305474));
#283=CARTESIAN_POINT('',(-28.164635331,21.96616808,47.391474558));
#284=CARTESIAN_POINT('',(-28.165968849,21.980739974,47.428959796));
#285=CARTESIAN_POINT('',(-28.162461186,22.014490543,47.463685059));
#286=CARTESIAN_POINT('',(-28.157776872,22.102945832,47.525443105));
#287=CARTESIAN_POINT('',(-28.155419252,22.159261733,47.553308216));
#288=CARTESIAN_POINT('',(-28.152998372,22.348202983,47.63444905));
#289=CARTESIAN_POINT('',(-28.15804644,22.499319975,47.687184737));
#290=CARTESIAN_POINT('',(-28.166829947,22.72659855,47.780330686));
#291=CARTESIAN_POINT('',(-28.169723899,22.802896989,47.813409366));
#292=CARTESIAN_POINT('',(-28.17169907,22.955286956,47.88231996));
#293=CARTESIAN_POINT('',(-28.170817542,23.031320632,47.918150048));
#294=CARTESIAN_POINT('',(-28.160235934,23.185264356,47.988416448));
#295=CARTESIAN_POINT('',(-28.150692435,23.262946473,48.022736765));
#296=CARTESIAN_POINT('',(-28.115802635,23.426181371,48.083816936));
#297=CARTESIAN_POINT('',(-28.091246877,23.509962728,48.110016831));
#298=CARTESIAN_POINT('',(-28.054141121,23.603195775,48.131509142));
#299=CARTESIAN_POINT('',(-28.275707404,21.864034371,47.435129008));
#300=CARTESIAN_POINT('',(-28.274373886,21.882140591,47.474097304));
#301=CARTESIAN_POINT('',(-28.271471924,21.916129952,47.50567792));
#302=CARTESIAN_POINT('',(-28.261973219,22.014904485,47.562712979));
#303=CARTESIAN_POINT('',(-28.25680815,22.0777298,47.58749603));
#304=CARTESIAN_POINT('',(-28.245289032,22.287888752,47.661367485));
#305=CARTESIAN_POINT('',(-28.244471927,22.453547807,47.711737765));
#306=CARTESIAN_POINT('',(-28.249062475,22.697739795,47.807515819));
#307=CARTESIAN_POINT('',(-28.251308657,22.778979331,47.842398673));
#308=CARTESIAN_POINT('',(-28.253751302,22.939868221,47.916546569));
#309=CARTESIAN_POINT('',(-28.253983358,23.019509785,47.955832619));
#310=CARTESIAN_POINT('',(-28.246723545,23.179992488,48.033961295));
#311=CARTESIAN_POINT('',(-28.239111532,23.261115075,48.072767905));
#312=CARTESIAN_POINT('',(-28.206588257,23.432348592,48.141846707));
#313=CARTESIAN_POINT('',(-28.180022308,23.524946499,48.171965359));
#314=CARTESIAN_POINT('',(-28.141540055,23.623005281,48.194906049));
#315=CARTESIAN_POINT('',(-28.328477364,21.810434082,47.458039085));
#316=CARTESIAN_POINT('',(-28.32682021,21.829209143,47.497136579));
#317=CARTESIAN_POINT('',(-28.322941989,21.865068727,47.527832659));
#318=CARTESIAN_POINT('',(-28.311461422,21.96908827,47.581871694));
#319=CARTESIAN_POINT('',(-28.304742216,22.035773257,47.604999435));
#320=CARTESIAN_POINT('',(-28.288926054,22.257316053,47.67467762));
#321=CARTESIAN_POINT('',(-28.285367423,22.430538712,47.723785145));
#322=CARTESIAN_POINT('',(-28.288168466,22.683339229,47.820949717));
#323=CARTESIAN_POINT('',(-28.290180731,22.767075323,47.856801153));
#324=CARTESIAN_POINT('',(-28.293017367,22.932239404,47.933770206));
#325=CARTESIAN_POINT('',(-28.293928591,23.013585501,47.974918491));
#326=CARTESIAN_POINT('',(-28.288469873,23.177304203,48.057368283));
#327=CARTESIAN_POINT('',(-28.282161694,23.25966249,48.098625889));
#328=CARTESIAN_POINT('',(-28.25074494,23.435263083,48.172233341));
#329=CARTESIAN_POINT('',(-28.224354189,23.530440495,48.20436116));
#330=CARTESIAN_POINT('',(-28.18431603,23.632198261,48.228097795));
#331=CARTESIAN_POINT('',(-28.428066187,21.698743167,47.505778519));
#332=CARTESIAN_POINT('',(-28.426734907,21.717298081,47.544752997));
#333=CARTESIAN_POINT('',(-28.420660681,21.758099815,47.57322588));
#334=CARTESIAN_POINT('',(-28.404474878,21.875329843,47.620759073));
#335=CARTESIAN_POINT('',(-28.394872196,21.950407377,47.640014076));
#336=CARTESIAN_POINT('',(-28.370828527,22.196520023,47.700550064));
#337=CARTESIAN_POINT('',(-28.362399683,22.384896966,47.747162375));
#338=CARTESIAN_POINT('',(-28.362032277,22.655165002,47.847370517));
#339=CARTESIAN_POINT('',(-28.363672086,22.743962006,47.885267448));
#340=CARTESIAN_POINT('',(-28.367461515,22.917702681,47.968189378));
#341=CARTESIAN_POINT('',(-28.369733853,23.00253748,48.013270012));
#342=CARTESIAN_POINT('',(-28.368304956,23.172200377,48.104962284));
#343=CARTESIAN_POINT('',(-28.364755454,23.256925306,48.151598783));
#344=CARTESIAN_POINT('',(-28.336980867,23.439340039,48.235208877));
#345=CARTESIAN_POINT('',(-28.311746187,23.538626031,48.27183096));
#346=CARTESIAN_POINT('',(-28.267834793,23.649127825,48.297292529));
#347=CARTESIAN_POINT('',(-28.47488505,21.640652542,47.530607876));
#348=CARTESIAN_POINT('',(-28.474192555,21.658319452,47.569333067));
#349=CARTESIAN_POINT('',(-28.466765276,21.702364928,47.596563896));
#350=CARTESIAN_POINT('',(-28.448074006,21.827283508,47.640447163));
#351=CARTESIAN_POINT('',(-28.437042418,21.907029823,47.657540048));
#352=CARTESIAN_POINT('',(-28.409109427,22.166281303,47.71309294));
#353=CARTESIAN_POINT('',(-28.398524519,22.362280171,47.758493341));
#354=CARTESIAN_POINT('',(-28.396788931,22.641392936,47.86035058));
#355=CARTESIAN_POINT('',(-28.398289911,22.732751043,47.899327392));
#356=CARTESIAN_POINT('',(-28.402627258,22.910812354,47.985381327));
#357=CARTESIAN_POINT('',(-28.405608007,22.997386224,48.032528593));
#358=CARTESIAN_POINT('',(-28.406359242,23.169837981,48.129150711));
#359=CARTESIAN_POINT('',(-28.40435982,23.255539571,48.178704996));
#360=CARTESIAN_POINT('',(-28.378968667,23.440646488,48.267810771));
#361=CARTESIAN_POINT('',(-28.354806305,23.541317571,48.306904959));
#362=CARTESIAN_POINT('',(-28.30857758,23.656864409,48.333295517));
#363=CARTESIAN_POINT('',(-28.562152739,21.520557491,47.581939444));
#364=CARTESIAN_POINT('',(-28.562632248,21.536209111,47.620355075));
#365=CARTESIAN_POINT('',(-28.552505462,21.588230381,47.644176068));
#366=CARTESIAN_POINT('',(-28.528934699,21.730694313,47.679502474));
#367=CARTESIAN_POINT('',(-28.515293473,21.820426863,47.691913335));
#368=CARTESIAN_POINT('',(-28.480470592,22.106847719,47.737161065));
#369=CARTESIAN_POINT('',(-28.46623159,22.317732195,47.780577147));
#370=CARTESIAN_POINT('',(-28.462094514,22.614610561,47.886058538));
#371=CARTESIAN_POINT('',(-28.46333652,22.711169263,47.92727857));
#372=CARTESIAN_POINT('',(-28.46867251,22.898077695,48.019744593));
#373=CARTESIAN_POINT('',(-28.472949611,22.988260097,48.071090014));
#374=CARTESIAN_POINT('',(-28.47801707,23.166235946,48.177890303));
#375=CARTESIAN_POINT('',(-28.479210899,23.253667583,48.233564632));
#376=CARTESIAN_POINT('',(-28.459679887,23.442785927,48.334739141));
#377=CARTESIAN_POINT('',(-28.438494685,23.545091517,48.37956628));
#378=CARTESIAN_POINT('',(-28.387843759,23.670848332,48.407937392));
#379=CARTESIAN_POINT('',(-28.602601565,21.458553064,47.608441655));
#380=CARTESIAN_POINT('',(-28.603603471,21.473082767,47.646793751));
#381=CARTESIAN_POINT('',(-28.592121204,21.529858075,47.668494397));
#382=CARTESIAN_POINT('',(-28.566176521,21.682178098,47.698870396));
#383=CARTESIAN_POINT('',(-28.551364428,21.777223759,47.708755279));
#384=CARTESIAN_POINT('',(-28.513549368,22.077661545,47.748676589));
#385=CARTESIAN_POINT('',(-28.497811537,22.295806335,47.791325529));
#386=CARTESIAN_POINT('',(-28.492640983,22.601603194,47.898782888));
#387=CARTESIAN_POINT('',(-28.493761736,22.700801777,47.941166084));
#388=CARTESIAN_POINT('',(-28.499546662,22.892238643,48.036911492));
#389=CARTESIAN_POINT('',(-28.504409625,22.984292438,48.090387014));
#390=CARTESIAN_POINT('',(-28.511610533,23.165007756,48.20243663));
#391=CARTESIAN_POINT('',(-28.514437057,23.253202706,48.26130688));
#392=CARTESIAN_POINT('',(-28.498407049,23.443633154,48.369090793));
#393=CARTESIAN_POINT('',(-28.479119794,23.546189755,48.417141523));
#394=CARTESIAN_POINT('',(-28.426367151,23.677095671,48.44657628));
#395=CARTESIAN_POINT('',(-28.676710238,21.331206943,47.662872508));
#396=CARTESIAN_POINT('',(-28.677900685,21.345157433,47.701588419));
#397=CARTESIAN_POINT('',(-28.663822835,21.413493439,47.717105477));
#398=CARTESIAN_POINT('',(-28.63397409,21.586922624,47.736273756));
#399=CARTESIAN_POINT('',(-28.617413028,21.692512117,47.741179494));
#400=CARTESIAN_POINT('',(-28.575111845,22.0204157,47.771009098));
#401=CARTESIAN_POINT('',(-28.557133545,22.252367417,47.81288338));
#402=CARTESIAN_POINT('',(-28.550203454,22.575949114,47.92464322));
#403=CARTESIAN_POINT('',(-28.551050902,22.680528106,47.969391078));
#404=CARTESIAN_POINT('',(-28.557405996,22.881415148,48.071632943));
#405=CARTESIAN_POINT('',(-28.563133516,22.977515839,48.129257535));
#406=CARTESIAN_POINT('',(-28.573997651,23.164201651,48.251680612));
#407=CARTESIAN_POINT('',(-28.579723914,23.254161341,48.316865164));
#408=CARTESIAN_POINT('',(-28.571040834,23.446578882,48.438686104));
#409=CARTESIAN_POINT('',(-28.557102209,23.548147123,48.494659442));
#410=CARTESIAN_POINT('',(-28.501008334,23.688068253,48.52631461));
#411=CARTESIAN_POINT('',(-28.710370084,21.265865249,47.690801149));
#412=CARTESIAN_POINT('',(-28.711218905,21.280365863,47.729940624));
#413=CARTESIAN_POINT('',(-28.695942188,21.35543883,47.74157582));
#414=CARTESIAN_POINT('',(-28.664476224,21.540305917,47.754141967));
#415=CARTESIAN_POINT('',(-28.6473983,21.651004627,47.756790138));
#416=CARTESIAN_POINT('',(-28.603585535,21.992383713,47.781781894));
#417=CARTESIAN_POINT('',(-28.584877924,22.230847215,47.823707978));
#418=CARTESIAN_POINT('',(-28.577220247,22.563305086,47.937770996));
#419=CARTESIAN_POINT('',(-28.577902097,22.67062885,47.983722573));
#420=CARTESIAN_POINT('',(-28.584407005,22.876421021,48.089196361));
#421=CARTESIAN_POINT('',(-28.5903508,22.974741175,48.148796937));
#422=CARTESIAN_POINT('',(-28.602837204,23.164596468,48.276413577));
#423=CARTESIAN_POINT('',(-28.609664101,23.255677541,48.344588196));
#424=CARTESIAN_POINT('',(-28.605032274,23.448630883,48.474014095));
#425=CARTESIAN_POINT('',(-28.594459516,23.549006253,48.534602118));
#426=CARTESIAN_POINT('',(-28.537126125,23.692793496,48.567414053));
#427=CARTESIAN_POINT('',(-28.770481857,21.132421128,47.747838437));
#428=CARTESIAN_POINT('',(-28.769633037,21.152013472,47.788462657));
#429=CARTESIAN_POINT('',(-28.751844183,21.243679418,47.786580872));
#430=CARTESIAN_POINT('',(-28.719497302,21.449691744,47.788732672));
#431=CARTESIAN_POINT('',(-28.701838169,21.570394912,47.786494338));
#432=CARTESIAN_POINT('',(-28.657077932,21.936504306,47.803970071));
#433=CARTESIAN_POINT('',(-28.637698423,22.187328744,47.846572682));
#434=CARTESIAN_POINT('',(-28.628971784,22.537380746,47.965655539));
#435=CARTESIAN_POINT('',(-28.62932144,22.650307241,48.013979746));
#436=CARTESIAN_POINT('',(-28.63556636,22.86650986,48.125588589));
#437=CARTESIAN_POINT('',(-28.641778936,22.969508836,48.189052881));
#438=CARTESIAN_POINT('',(-28.655857123,23.16708661,48.326041515));
#439=CARTESIAN_POINT('',(-28.665220673,23.260279865,48.400568351));
#440=CARTESIAN_POINT('',(-28.665564384,23.456364168,48.543312248));
#441=CARTESIAN_POINT('',(-28.665076687,23.551823764,48.616733166));
#442=CARTESIAN_POINT('',(-28.606769901,23.700689036,48.651898151));
#443=CARTESIAN_POINT('',(-28.796927871,21.064335082,47.776940082));
#444=CARTESIAN_POINT('',(-28.792865491,21.09158815,47.813546008));
#445=CARTESIAN_POINT('',(-28.776325197,21.188914661,47.80883305));
#446=CARTESIAN_POINT('',(-28.743679359,21.406277442,47.804528956));
#447=CARTESIAN_POINT('',(-28.726388508,21.531160447,47.800805719));
#448=CARTESIAN_POINT('',(-28.68203111,21.908769464,47.815203231));
#449=CARTESIAN_POINT('',(-28.662799969,22.165279177,47.858695783));
#450=CARTESIAN_POINT('',(-28.653707674,22.524110351,47.980384894));
#451=CARTESIAN_POINT('',(-28.653850948,22.639904943,48.029892094));
#452=CARTESIAN_POINT('',(-28.659802691,22.86153837,48.144461854));
#453=CARTESIAN_POINT('',(-28.66578669,22.967195621,48.209638044));
#454=CARTESIAN_POINT('',(-28.680386213,23.168934778,48.351161265));
#455=CARTESIAN_POINT('',(-28.689924751,23.264024068,48.428217815));
#456=CARTESIAN_POINT('',(-28.693742691,23.460879291,48.578349013));
#457=CARTESIAN_POINT('',(-28.694220529,23.556727401,48.656149039));
#458=CARTESIAN_POINT('',(-28.640293993,23.703859172,48.695280281));
#459=CARTESIAN_POINT('',(-28.831071746,20.960666424,47.821250606));
#460=CARTESIAN_POINT('',(-28.822600635,21.004161771,47.848500701));
#461=CARTESIAN_POINT('',(-28.807883894,21.109786547,47.839562648));
#462=CARTESIAN_POINT('',(-28.776466634,21.34250823,47.827722657));
#463=CARTESIAN_POINT('',(-28.760108199,21.473102921,47.822218817));
#464=CARTESIAN_POINT('',(-28.718008686,21.86595508,47.834038651));
#465=CARTESIAN_POINT('',(-28.699682489,22.130646442,47.879217539));
#466=CARTESIAN_POINT('',(-28.690438578,22.502603767,48.004961756));
#467=CARTESIAN_POINT('',(-28.690300751,22.62279175,48.056171785));
#468=CARTESIAN_POINT('',(-28.695464732,22.853005267,48.174841923));
#469=CARTESIAN_POINT('',(-28.700925136,22.962866914,48.242400194));
#470=CARTESIAN_POINT('',(-28.715075504,23.171907476,48.38984601));
#471=CARTESIAN_POINT('',(-28.724573793,23.270163297,48.470387343));
#472=CARTESIAN_POINT('',(-28.731647058,23.469549405,48.630396112));
#473=CARTESIAN_POINT('',(-28.732791536,23.566564965,48.713758155));
#474=CARTESIAN_POINT('',(-28.68853028,23.707444976,48.761900812));
#475=CARTESIAN_POINT('',(-28.841532181,20.925853606,47.836130458));
#476=CARTESIAN_POINT('',(-28.831638177,20.975564941,47.859741345));
#477=CARTESIAN_POINT('',(-28.81759547,21.083820786,47.849450982));
#478=CARTESIAN_POINT('',(-28.786797953,21.321491932,47.835346811));
#479=CARTESIAN_POINT('',(-28.770842922,21.453855264,47.829372919));
#480=CARTESIAN_POINT('',(-28.729757439,21.851482734,47.840644356));
#481=CARTESIAN_POINT('',(-28.711853744,22.118834095,47.88645685));
#482=CARTESIAN_POINT('',(-28.702624135,22.495165201,48.013569498));
#483=CARTESIAN_POINT('',(-28.702394388,22.616834156,48.065335424));
#484=CARTESIAN_POINT('',(-28.707248928,22.8499719,48.185321086));
#485=CARTESIAN_POINT('',(-28.712485845,22.961285542,48.253630838));
#486=CARTESIAN_POINT('',(-28.726319274,23.17290571,48.402928743));
#487=CARTESIAN_POINT('',(-28.735694506,23.272317393,48.484542154));
#488=CARTESIAN_POINT('',(-28.743631847,23.472690973,48.647710056));
#489=CARTESIAN_POINT('',(-28.744795956,23.570259878,48.732712584));
#490=CARTESIAN_POINT('',(-28.704267401,23.708445343,48.784365544));
#491=CARTESIAN_POINT('',(-28.860592946,20.855799174,47.866073439));
#492=CARTESIAN_POINT('',(-28.848347429,20.919018947,47.881791069));
#493=CARTESIAN_POINT('',(-28.83567027,21.032287898,47.868818048));
#494=CARTESIAN_POINT('',(-28.806478132,21.279576576,47.850699213));
#495=CARTESIAN_POINT('',(-28.791526811,21.41518964,47.844066924));
#496=CARTESIAN_POINT('',(-28.752996593,21.821828764,47.854847242));
#497=CARTESIAN_POINT('',(-28.736191448,22.094425026,47.902022661));
#498=CARTESIAN_POINT('',(-28.727144293,22.479527603,48.031866123));
#499=CARTESIAN_POINT('',(-28.726746431,22.604188593,48.084713349));
#500=CARTESIAN_POINT('',(-28.73091709,22.843286996,48.207215247));
#501=CARTESIAN_POINT('',(-28.735622579,22.957587224,48.276945717));
#502=CARTESIAN_POINT('',(-28.748519094,23.174627424,48.429690947));
#503=CARTESIAN_POINT('',(-28.757417036,23.276540076,48.513275215));
#504=CARTESIAN_POINT('',(-28.766632402,23.479202612,48.682403419));
#505=CARTESIAN_POINT('',(-28.767729792,23.577960791,48.770465317));
#506=CARTESIAN_POINT('',(-28.735041165,23.710055786,48.829783657));
#507=CARTESIAN_POINT('',(-28.869193277,20.820557558,47.881136569));
#508=CARTESIAN_POINT('',(-28.856020155,20.891066408,47.892583576));
#509=CARTESIAN_POINT('',(-28.844035228,21.006717299,47.878305484));
#510=CARTESIAN_POINT('',(-28.815827543,21.258677376,47.858424112));
#511=CARTESIAN_POINT('',(-28.801476107,21.395771333,47.85160773));
#512=CARTESIAN_POINT('',(-28.764487119,21.80664672,47.862444039));
#513=CARTESIAN_POINT('',(-28.748357945,22.081827998,47.910349611));
#514=CARTESIAN_POINT('',(-28.739479099,22.471328262,48.041555057));
#515=CARTESIAN_POINT('',(-28.739004924,22.597500399,48.094927776));
#516=CARTESIAN_POINT('',(-28.742801399,22.839635056,48.218630516));
#517=CARTESIAN_POINT('',(-28.747198529,22.955470197,48.289029902));
#518=CARTESIAN_POINT('',(-28.759475904,23.175350204,48.443371064));
#519=CARTESIAN_POINT('',(-28.768017497,23.278609668,48.527852386));
#520=CARTESIAN_POINT('',(-28.777652449,23.482569447,48.699785553));
#521=CARTESIAN_POINT('',(-28.778659208,23.581966793,48.789263622));
#522=CARTESIAN_POINT('',(-28.750077809,23.710665862,48.852737037));
#523=CARTESIAN_POINT('',(-28.884515446,20.749729927,47.911410034));
#524=CARTESIAN_POINT('',(-28.870287467,20.835037445,47.914014529));
#525=CARTESIAN_POINT('',(-28.859640851,20.955432004,47.897368682));
#526=CARTESIAN_POINT('',(-28.833782984,21.216442365,47.874439673));
#527=CARTESIAN_POINT('',(-28.820833028,21.356258425,47.867551877));
#528=CARTESIAN_POINT('',(-28.787467834,21.775215574,47.879014317));
#529=CARTESIAN_POINT('',(-28.77294446,22.055583103,47.92841174));
#530=CARTESIAN_POINT('',(-28.764586612,22.453932721,48.062287066));
#531=CARTESIAN_POINT('',(-28.76399036,22.58315579,48.116670396));
#532=CARTESIAN_POINT('',(-28.767014031,22.831444205,48.242657283));
#533=CARTESIAN_POINT('',(-28.770737533,22.950406574,48.314312782));
#534=CARTESIAN_POINT('',(-28.781529599,23.176151832,48.471618814));
#535=CARTESIAN_POINT('',(-28.789146362,23.282274119,48.557710541));
#536=CARTESIAN_POINT('',(-28.799157126,23.489112782,48.734909126));
#537=CARTESIAN_POINT('',(-28.800073198,23.589769524,48.827045206));
#538=CARTESIAN_POINT('',(-28.779433428,23.711495229,48.899105313));
#539=CARTESIAN_POINT('',(-28.891237284,20.714143912,47.926620369));
#540=CARTESIAN_POINT('',(-28.876884232,20.806953142,47.924649473));
#541=CARTESIAN_POINT('',(-28.866880822,20.929716078,47.906944814));
#542=CARTESIAN_POINT('',(-28.842389507,21.195106716,47.882730338));
#543=CARTESIAN_POINT('',(-28.830240491,21.336163286,47.875955384));
#544=CARTESIAN_POINT('',(-28.798958269,21.758965866,47.887988326));
#545=CARTESIAN_POINT('',(-28.785364526,22.041934843,47.938147048));
#546=CARTESIAN_POINT('',(-28.777359532,22.444736207,48.073330362));
#547=CARTESIAN_POINT('',(-28.776717536,22.575499044,48.128198742));
#548=CARTESIAN_POINT('',(-28.779342601,22.826904895,48.255269075));
#549=CARTESIAN_POINT('',(-28.782701034,22.947459583,48.327511688));
#550=CARTESIAN_POINT('',(-28.792626641,23.176230137,48.486186976));
#551=CARTESIAN_POINT('',(-28.799675021,23.283869143,48.572991274));
#552=CARTESIAN_POINT('',(-28.809641867,23.492288487,48.752651685));
#553=CARTESIAN_POINT('',(-28.810559459,23.593565996,48.846028778));
#554=CARTESIAN_POINT('',(-28.793752403,23.71171452,48.922520209));
#555=CARTESIAN_POINT('',(-28.902784077,20.642711879,47.957152171));
#556=CARTESIAN_POINT('',(-28.889122913,20.749791538,47.946265496));
#557=CARTESIAN_POINT('',(-28.880394545,20.877494585,47.926775208));
#558=CARTESIAN_POINT('',(-28.859109352,21.151278504,47.90052119));
#559=CARTESIAN_POINT('',(-28.848775584,21.2946689,47.89421604));
#560=CARTESIAN_POINT('',(-28.822220273,21.725015181,47.907738946));
#561=CARTESIAN_POINT('',(-28.810729764,22.013311104,47.959371381));
#562=CARTESIAN_POINT('',(-28.803649311,22.425106726,48.097061126));
#563=CARTESIAN_POINT('',(-28.802961767,22.558974064,48.152849246));
#564=CARTESIAN_POINT('',(-28.804819383,22.816655837,48.281967283));
#565=CARTESIAN_POINT('',(-28.807424796,22.940412861,48.355315577));
#566=CARTESIAN_POINT('',(-28.815463393,23.1753155,48.516542701));
#567=CARTESIAN_POINT('',(-28.821204844,23.28607833,48.604640231));
#568=CARTESIAN_POINT('',(-28.830594856,23.4979608,48.788840026));
#569=CARTESIAN_POINT('',(-28.831599237,23.600371927,48.884655086));
#570=CARTESIAN_POINT('',(-28.82165549,23.711761828,48.969784387));
#571=CARTESIAN_POINT('',(-28.907609033,20.606865862,47.972473637));
#572=CARTESIAN_POINT('',(-28.894765344,20.720709773,47.957243881));
#573=CARTESIAN_POINT('',(-28.88666616,20.850992283,47.93702863));
#574=CARTESIAN_POINT('',(-28.867222572,21.12878629,47.910020338));
#575=CARTESIAN_POINT('',(-28.857902857,21.27326898,47.904074032));
#576=CARTESIAN_POINT('',(-28.833992175,21.707313385,47.918515894));
#577=CARTESIAN_POINT('',(-28.82367495,21.998335234,47.97086072));
#578=CARTESIAN_POINT('',(-28.817166423,22.414673424,48.109748753));
#579=CARTESIAN_POINT('',(-28.816479045,22.550105468,48.165971603));
#580=CARTESIAN_POINT('',(-28.817967948,22.810945667,48.29605401));
#581=CARTESIAN_POINT('',(-28.820185535,22.936312551,48.369920887));
#582=CARTESIAN_POINT('',(-28.82720342,23.174322021,48.532330852));
#583=CARTESIAN_POINT('',(-28.832206559,23.28669181,48.621008891));
#584=CARTESIAN_POINT('',(-28.841060339,23.500459824,48.807284818));
#585=CARTESIAN_POINT('',(-28.842152753,23.603381387,48.904297821));
#586=CARTESIAN_POINT('',(-28.835239602,23.711589844,48.993633669));
#587=CARTESIAN_POINT('',(-28.919210994,20.499064405,48.018550621));
#588=CARTESIAN_POINT('',(-28.910133911,20.630816168,47.99187608));
#589=CARTESIAN_POINT('',(-28.904204913,20.769147095,47.969887184));
#590=CARTESIAN_POINT('',(-28.891224551,21.058216948,47.941576766));
#591=CARTESIAN_POINT('',(-28.885290855,21.206018983,47.936870032));
#592=CARTESIAN_POINT('',(-28.870177079,21.651446537,47.954224722));
#593=CARTESIAN_POINT('',(-28.863720697,21.951007303,48.008504859));
#594=CARTESIAN_POINT('',(-28.859307036,22.381168719,48.150729834));
#595=CARTESIAN_POINT('',(-28.858715829,22.52132691,48.208163122));
#596=CARTESIAN_POINT('',(-28.859231896,22.791629085,48.340962754));
#597=CARTESIAN_POINT('',(-28.860328217,22.921781433,48.416302215));
#598=CARTESIAN_POINT('',(-28.864212926,23.169022827,48.582082513));
#599=CARTESIAN_POINT('',(-28.866932167,23.286155462,48.672417583));
#600=CARTESIAN_POINT('',(-28.873292803,23.506019583,48.864365342));
#601=CARTESIAN_POINT('',(-28.874677265,23.610363417,48.964925174));
#602=CARTESIAN_POINT('',(-28.874863856,23.710486242,49.065792394));
#603=CARTESIAN_POINT('',(-28.923115093,20.426845561,48.049418725));
#604=CARTESIAN_POINT('',(-28.918353585,20.567318939,48.017370421));
#605=CARTESIAN_POINT('',(-28.914134208,20.712051254,47.994020196));
#606=CARTESIAN_POINT('',(-28.906728343,21.006977018,47.966812209));
#607=CARTESIAN_POINT('',(-28.903541854,21.157172341,47.962961327));
#608=CARTESIAN_POINT('',(-28.895454653,21.610466253,47.982580989));
#609=CARTESIAN_POINT('',(-28.892026208,21.916255262,48.037815079));
#610=CARTESIAN_POINT('',(-28.889519819,22.355876054,48.181949572));
#611=CARTESIAN_POINT('',(-28.889123736,22.499226783,48.240061702));
#612=CARTESIAN_POINT('',(-28.889158952,22.775834196,48.37442901));
#613=CARTESIAN_POINT('',(-28.889590252,22.909081235,48.4506758));
#614=CARTESIAN_POINT('',(-28.891228859,23.1624349,48.618396471));
#615=CARTESIAN_POINT('',(-28.892436166,23.282536126,48.709859324));
#616=CARTESIAN_POINT('',(-28.895575411,23.507475824,48.904478581));
#617=CARTESIAN_POINT('',(-28.89750735,23.612319843,49.007630505));
#618=CARTESIAN_POINT('',(-28.899775916,23.708966972,49.11471272));
#619=CARTESIAN_POINT('',(-28.923115093,20.354613101,48.080292648));
#620=CARTESIAN_POINT('',(-28.923115093,20.498027275,48.049032942));
#621=CARTESIAN_POINT('',(-28.923115093,20.645894709,48.026287817));
#622=CARTESIAN_POINT('',(-28.923115093,20.947331068,48.00005998));
#623=CARTESIAN_POINT('',(-28.923115093,21.100901867,47.996584148));
#624=CARTESIAN_POINT('',(-28.923115093,21.56446032,48.017189297));
#625=CARTESIAN_POINT('',(-28.923115093,21.8772765,48.072894162));
#626=CARTESIAN_POINT('',(-28.923115093,22.326824547,48.218277156));
#627=CARTESIAN_POINT('',(-28.923115093,22.47338211,48.276895841));
#628=CARTESIAN_POINT('',(-28.923115093,22.756050404,48.412593986));
#629=CARTESIAN_POINT('',(-28.923115093,22.89215149,48.489665055));
#630=CARTESIAN_POINT('',(-28.923115093,23.150712174,48.65948895));
#631=CARTESIAN_POINT('',(-28.923115093,23.273166372,48.752230748));
#632=CARTESIAN_POINT('',(-28.923115093,23.502162654,48.949999504));
#633=CARTESIAN_POINT('',(-28.923115093,23.608710284,49.055021983));
#634=CARTESIAN_POINT('',(-28.923115093,23.706662201,49.164339029));
#635=B_SPLINE_SURFACE_WITH_KNOTS('',3,3,((#27,#28,#29,#30,#31,#32,#33,#34,#35,#36,#37,#38,#39,#40,#41,#42),(#43,#44,#45,#46,#47,#48,#49,#50,#51,#52,#53,#54,#55,#56,#57,#58),(#59,#60,#61,#62,#63,#64,#65,#66,#67,#68,#69,#70,#71,#72,#73,#74),(#75,#76,#77,#78,#79,#80,#81,#82,#83,#84,#85,#86,#87,#88,#89,#90),(#91,#92,#93,#94,#95,#96,#97,#98,#99,#100,#101,#102,#103,#104,#105,#106),(#107,#108,#109,#110,#111,#112,#113,#114,#115,#116,#117,#118,#119,#120,#121,#122),(#123,#124,#125,#126,#127,#128,#129,#130,#131,#132,#133,#134,#135,#136,#137,#138),(#139,#140,#141,#142,#143,#144,#145,#146,#147,#148,#149,#150,#151,#152,#153,#154),(#155,#156,#157,#158,#159,#160,#161,#162,#163,#164,#165,#166,#167,#168,#169,#170),(#171,#172,#173,#174,#175,#176,#177,#178,#179,#180,#181,#182,#183,#184,#185,#186),(#187,#188,#189,#190,#191,#192,#193,#194,#195,#196,#197,#198,#199,#200,#201,#202),(#203,#204,#205,#206,#207,#208,#209,#210,#211,#212,#213,#214,#215,#216,#217,#218),(#219,#220,#221,#222,#223,#224,#225,#226,#227,#228,#229,#230,#231,#232,#233,#234),(#235,#236,#237,#238,#239,#240,#241,#242,#243,#244,#245,#246,#247,#248,#249,#250),(#251,#252,#253,#254,#255,#256,#257,#258,#259,#260,#261,#262,#263,#264,#265,#266),(#267,#268,#269,#270,#271,#272,#273,#274,#275,#276,#277,#278,#279,#280,#281,#282),(#283,#284,#285,#286,#287,#288,#289,#290,#291,#292,#293,#294,#295,#296,#297,#298),(#299,#300,#301,#302,#303,#304,#305,#306,#307,#308,#309,#310,#311,#312,#313,#314),(#315,#316,#317,#318,#319,#320,#321,#322,#323,#324,#325,#326,#327,#328,#329,#330),(#331,#332,#333,#334,#335,#336,#337,#338,#339,#340,#341,#342,#343,#344,#345,#346),(#347,#348,#349,#350,#351,#352,#353,#354,#355,#356,#357,#358,#359,#360,#361,#362),(#363,#364,#365,#366,#367,#368,#369,#370,#371,#372,#373,#374,#375,#376,#377,#378),(#379,#380,#381,#382,#383,#384,#385,#386,#387,#388,#389,#390,#391,#392,#393,#394),(#395,#396,#397,#398,#399,#400,#401,#402,#403,#404,#405,#406,#407,#408,#409,#410),(#411,#412,#413,#414,#415,#416,#417,#418,#419,#420,#421,#422,#423,#424,#425,#426),(#427,#428,#429,#430,#431,#432,#433,#434,#435,#436,#437,#438,#439,#440,#441,#442),
(#443,#444,#445,#446,#447,#448,#449,#450,#451,#452,#453,#454,#455,#456,#457,#458),(#459,#460,#461,#462,#463,#464,#465,#466,#467,#468,#469,#470,#471,#472,#473,#474),(#475,#476,#477,#478,#479,#480,#481,#482,#483,#484,#485,#486,#487,#488,#489,#490),(#491,#492,#493,#494,#495,#496,#497,#498,#499,#500,#501,#502,#503,#504,#505,#506),(#507,#508,#509,#510,#511,#512,#513,#514,#515,#516,#517,#518,#519,#520,#521,#522),(#523,#524,#525,#526,#527,#528,#529,#530,#531,#532,#533,#534,#535,#536,#537,#538),(#539,#540,#541,#542,#543,#544,#545,#546,#547,#548,#549,#550,#551,#552,#553,#554),(#555,#556,#557,#558,#559,#560,#561,#562,#563,#564,#565,#566,#567,#568,#569,#570),(#571,#572,#573,#574,#575,#576,#577,#578,#579,#580,#581,#582,#583,#584,#585,#586),(#587,#588,#589,#590,#591,#592,#593,#594,#595,#596,#597,#598,#599,#600,#601,#602),(#603,#604,#605,#606,#607,#608,#609,#610,#611,#612,#613,#614,#615,#616,#617,#618),(#619,#620,#621,#622,#623,#624,#625,#626,#627,#628,#629,#630,#631,#632,#633,#634)),.UNSPECIFIED.,.F.,.F.,.U.,(4,2,2,2,2,2,2,2,2,2,2,2,2,2,2,2,2,2,4),(4,2,2,2,2,2,2,4),(0.,0.0625,0.125,0.1875,0.25,0.3125,0.375,0.4375,0.5,0.5625,0.625,0.6875,0.75,0.8125,0.84375,0.875,0.90625,0.9375,1.),(0.,0.125,0.25,0.5,0.625,0.75,0.875,1.),.UNSPECIFIED.);
#636=CARTESIAN_POINT('',(-28.923115093,23.706662201,49.164339029));
#637=VERTEX_POINT('',#636);
#638=CARTESIAN_POINT('',(-26.929282756,23.25474784,47.718065049));
#639=VERTEX_POINT('',#638);
#640=CARTESIAN_POINT('',(-28.923115093,23.706662201,49.164339029));
#641=CARTESIAN_POINT('',(-28.736401675,23.72510037,48.767328553));
#642=CARTESIAN_POINT('',(-28.447436322,23.692338551,48.416795223));
#643=CARTESIAN_POINT('',(-28.097840588,23.613100528,48.163207595));
#644=CARTESIAN_POINT('',(-27.748244854,23.533862505,47.909619967));
#645=CARTESIAN_POINT('',(-27.339087004,23.408390406,47.753752931));
#646=CARTESIAN_POINT('',(-26.929282756,23.25474784,47.718065049));
#647=B_SPLINE_CURVE_WITH_KNOTS('',3,(#640,#641,#642,#643,#644,#645,#646),.UNSPECIFIED.,.F.,.F.,(4,3,4),(0.,0.5,1.),.UNSPECIFIED.);
#648=EDGE_CURVE('',#637,#639,#647,.T.);
#649=ORIENTED_EDGE('',*,*,#648,.F.);
#650=CARTESIAN_POINT('',(-28.923115093,21.1,48.000002406));
#651=VERTEX_POINT('',#650);
#652=CARTESIAN_POINT('',(-28.923115093,20.354613101,48.080292648));
#653=CARTESIAN_POINT('',(-28.923115093,20.504907443,48.047533286));
#654=CARTESIAN_POINT('',(-28.923115093,20.657363787,48.024696452));
#655=CARTESIAN_POINT('',(-28.923115093,20.810660429,48.01198013));
#656=CARTESIAN_POINT('',(-28.923115093,20.96395707,47.999263808));
#657=CARTESIAN_POINT('',(-28.923115093,21.118092466,47.996668125));
#658=CARTESIAN_POINT('',(-28.923115093,21.271730355,48.004215584));
#659=CARTESIAN_POINT('',(-28.923115093,21.425368244,48.011763043));
#660=CARTESIAN_POINT('',(-28.923115093,21.57850708,48.029453568));
#661=CARTESIAN_POINT('',(-28.923115093,21.729819241,48.057133792));
#662=CARTESIAN_POINT('',(-28.923115093,21.881131403,48.084814017));
#663=CARTESIAN_POINT('',(-28.923115093,22.030615367,48.122483663));
#664=CARTESIAN_POINT('',(-28.923115093,22.176975198,48.169816158));
#665=CARTESIAN_POINT('',(-28.923115093,22.323335029,48.217148652));
#666=CARTESIAN_POINT('',(-28.923115093,22.466569253,48.274143518));
#667=CARTESIAN_POINT('',(-28.923115093,22.605436116,48.340306645));
#668=CARTESIAN_POINT('',(-28.923115093,22.74430298,48.406469771));
#669=CARTESIAN_POINT('',(-28.923115093,22.878801085,48.481800493));
#670=CARTESIAN_POINT('',(-28.923115093,23.007764413,48.565645737));
#671=CARTESIAN_POINT('',(-28.923115093,23.136727742,48.64949098));
#672=CARTESIAN_POINT('',(-28.923115093,23.260154996,48.741849903));
#673=CARTESIAN_POINT('',(-28.923115093,23.376976137,48.841921808));
#674=CARTESIAN_POINT('',(-28.923115093,23.493797277,48.941993714));
#675=CARTESIAN_POINT('',(-28.923115093,23.604011128,49.049777594));
#676=CARTESIAN_POINT('',(-28.923115093,23.706662201,49.164339029));
#677=B_SPLINE_CURVE_WITH_KNOTS('',3,(#652,#653,#654,#655,#656,#657,#658,#659,#660,#661,#662,#663,#664,#665,#666,#667,#668,#669,#670,#671,#672,#673,#674,#675,#676),.UNSPECIFIED.,.F.,.F.,(4,3,3,3,3,3,3,3,4),(0.,0.125,0.25,0.375,0.5,0.625,0.75,0.875,1.),.UNSPECIFIED.);
#678=EDGE_CURVE('',#651,#637,#677,.T.);
#679=ORIENTED_EDGE('',*,*,#678,.F.);
#680=CARTESIAN_POINT('',(-28.923115093,20.354613101,48.080292648));
#681=VERTEX_POINT('',#680);
#682=CARTESIAN_POINT('',(-28.923115093,20.354613101,48.080292648));
#683=CARTESIAN_POINT('',(-28.923115093,20.504907443,48.047533286));
#684=CARTESIAN_POINT('',(-28.923115093,20.657363787,48.024696452));
#685=CARTESIAN_POINT('',(-28.923115093,20.810660429,48.01198013));
#686=CARTESIAN_POINT('',(-28.923115093,20.96395707,47.999263808));
#687=CARTESIAN_POINT('',(-28.923115093,21.118092466,47.996668125));
#688=CARTESIAN_POINT('',(-28.923115093,21.271730355,48.004215584));
#689=CARTESIAN_POINT('',(-28.923115093,21.425368244,48.011763043));
#690=CARTESIAN_POINT('',(-28.923115093,21.57850708,48.029453568));
#691=CARTESIAN_POINT('',(-28.923115093,21.729819241,48.057133792));
#692=CARTESIAN_POINT('',(-28.923115093,21.881131403,48.084814017));
#693=CARTESIAN_POINT('',(-28.923115093,22.030615367,48.122483663));
#694=CARTESIAN_POINT('',(-28.923115093,22.176975198,48.169816158));
#695=CARTESIAN_POINT('',(-28.923115093,22.323335029,48.217148652));
#696=CARTESIAN_POINT('',(-28.923115093,22.466569253,48.274143518));
#697=CARTESIAN_POINT('',(-28.923115093,22.605436116,48.340306645));
#698=CARTESIAN_POINT('',(-28.923115093,22.74430298,48.406469771));
#699=CARTESIAN_POINT('',(-28.923115093,22.878801085,48.481800493));
#700=CARTESIAN_POINT('',(-28.923115093,23.007764413,48.565645737));
#701=CARTESIAN_POINT('',(-28.923115093,23.136727742,48.64949098));
#702=CARTESIAN_POINT('',(-28.923115093,23.260154996,48.741849903));
#703=CARTESIAN_POINT('',(-28.923115093,23.376976137,48.841921808));
#704=CARTESIAN_POINT('',(-28.923115093,23.493797277,48.941993714));
#705=CARTESIAN_POINT('',(-28.923115093,23.604011128,49.049777594));
#706=CARTESIAN_POINT('',(-28.923115093,23.706662201,49.164339029));
#707=B_SPLINE_CURVE_WITH_KNOTS('',3,(#682,#683,#684,#685,#686,#687,#688,#689,#690,#691,#692,#693,#694,#695,#696,#697,#698,#699,#700,#701,#702,#703,#704,#705,#706),.UNSPECIFIED.,.F.,.F.,(4,3,3,3,3,3,3,3,4),(0.,0.125,0.25,0.375,0.5,0.625,0.75,0.875,1.),.UNSPECIFIED.);
#708=EDGE_CURVE('',#681,#651,#707,.T.);
#709=ORIENTED_EDGE('',*,*,#708,.F.);
#710=CARTESIAN_POINT('',(-26.523115093,22.561476571,47.137025121));
#711=VERTEX_POINT('',#710);
#712=CARTESIAN_POINT('',(-26.523115093,20.354613101,48.080292648));
#713=DIRECTION('',(-0.,-0.393028137,-0.919526445));
#714=DIRECTION('',(0.,-0.919526445,0.393028137));
#715=AXIS2_PLACEMENT_3D('',#712,#713,#714);
#716=CIRCLE('',#715,2.4);
#717=EDGE_CURVE('',#681,#711,#716,.T.);
#718=ORIENTED_EDGE('',*,*,#717,.T.);
#719=CARTESIAN_POINT('',(-26.929282756,23.25474784,47.718065049));
#720=CARTESIAN_POINT('',(-26.941599469,23.24558016,47.715935593));
#721=CARTESIAN_POINT('',(-26.952028255,23.237749612,47.713983088));
#722=CARTESIAN_POINT('',(-26.960569115,23.231235291,47.712302764));
#723=CARTESIAN_POINT('',(-26.964839545,23.22797813,47.711462602));
#724=CARTESIAN_POINT('',(-26.971546937,23.22281301,47.710100046));
#725=CARTESIAN_POINT('',(-26.976664736,23.218810077,47.709012457));
#726=CARTESIAN_POINT('',(-26.981782535,23.214807144,47.707924867));
#727=CARTESIAN_POINT('',(-26.986652926,23.210942679,47.706848183));
#728=CARTESIAN_POINT('',(-26.991275909,23.207215642,47.705787228));
#729=CARTESIAN_POINT('',(-27.009767842,23.192307495,47.701543411));
#730=CARTESIAN_POINT('',(-27.031739767,23.173300684,47.695656391));
#731=CARTESIAN_POINT('',(-27.049351362,23.155956679,47.689695075));
#732=CARTESIAN_POINT('',(-27.066962957,23.138612674,47.683733759));
#733=CARTESIAN_POINT('',(-27.086048471,23.116642018,47.675510665));
#734=CARTESIAN_POINT('',(-27.098072396,23.096487674,47.667115585));
#735=CARTESIAN_POINT('',(-27.101078377,23.091449089,47.665016815));
#736=CARTESIAN_POINT('',(-27.104616385,23.084788767,47.662176632));
#737=CARTESIAN_POINT('',(-27.107183023,23.079026889,47.659647132));
#738=CARTESIAN_POINT('',(-27.109749661,23.07326501,47.657117631));
#739=CARTESIAN_POINT('',(-27.11184606,23.067561584,47.654548924));
#740=CARTESIAN_POINT('',(-27.113472222,23.06191674,47.6519434));
#741=CARTESIAN_POINT('',(-27.116724545,23.050627053,47.646732351));
#742=CARTESIAN_POINT('',(-27.118095916,23.039571765,47.641374075));
#743=CARTESIAN_POINT('',(-27.117586335,23.028751106,47.63588723));
#744=CARTESIAN_POINT('',(-27.117076753,23.017930448,47.630400385));
#745=CARTESIAN_POINT('',(-27.114544839,23.006216657,47.624192011));
#746=CARTESIAN_POINT('',(-27.110054358,22.994977984,47.617941873));
#747=CARTESIAN_POINT('',(-27.105563877,22.983739311,47.611691734));
#748=CARTESIAN_POINT('',(-27.100277239,22.974628386,47.606393571));
#749=CARTESIAN_POINT('',(-27.092885326,22.964384572,47.600212718));
#750=CARTESIAN_POINT('',(-27.078101502,22.943896946,47.587851014));
#751=CARTESIAN_POINT('',(-27.06271589,22.929509746,47.57843372));
#752=CARTESIAN_POINT('',(-27.042014218,22.912460855,47.56665111));
#753=CARTESIAN_POINT('',(-27.0368388,22.908198633,47.563705458));
#754=CARTESIAN_POINT('',(-27.033481235,22.905549075,47.561842386));
#755=CARTESIAN_POINT('',(-27.028958913,22.902057187,47.559362992));
#756=CARTESIAN_POINT('',(-27.024436591,22.898565299,47.556883597));
#757=CARTESIAN_POINT('',(-27.019743715,22.895049858,47.554353743));
#758=CARTESIAN_POINT('',(-27.014880286,22.891512265,47.55177211));
#759=CARTESIAN_POINT('',(-27.005153428,22.884437077,47.546608844));
#760=CARTESIAN_POINT('',(-26.994744356,22.877273213,47.541238464));
#761=CARTESIAN_POINT('',(-26.983653069,22.870032619,47.535650428));
#762=CARTESIAN_POINT('',(-26.978107426,22.866412323,47.532856409));
#763=CARTESIAN_POINT('',(-26.974206421,22.863928232,47.530912111));
#764=CARTESIAN_POINT('',(-26.969098282,22.860722128,47.528376752));
#765=CARTESIAN_POINT('',(-26.963990144,22.857516025,47.525841392));
#766=CARTESIAN_POINT('',(-26.958625463,22.85420847,47.523193898));
#767=CARTESIAN_POINT('',(-26.953004239,22.850803287,47.520430047));
#768=CARTESIAN_POINT('',(-26.947383016,22.847398104,47.517666196));
#769=CARTESIAN_POINT('',(-26.944075793,22.845429491,47.516047631));
#770=CARTESIAN_POINT('',(-26.938882226,22.842360385,47.513500454));
#771=CARTESIAN_POINT('',(-26.933688659,22.83929128,47.510953277));
#772=CARTESIAN_POINT('',(-26.928008863,22.835969828,47.508165893));
#773=CARTESIAN_POINT('',(-26.921842837,22.83240504,47.505128159));
#774=CARTESIAN_POINT('',(-26.918759824,22.830622646,47.503609292));
#775=CARTESIAN_POINT('',(-26.917191616,22.829722262,47.502836107));
#776=CARTESIAN_POINT('',(-26.914740207,22.828318163,47.501626499));
#777=CARTESIAN_POINT('',(-26.912288797,22.826914063,47.500416892));
#778=CARTESIAN_POINT('',(-26.909753521,22.825468371,47.499164659));
#779=CARTESIAN_POINT('',(-26.90713438,22.823981779,47.497869051));
#780=CARTESIAN_POINT('',(-26.901896096,22.821008594,47.495277835));
#781=CARTESIAN_POINT('',(-26.896322347,22.817871757,47.492513154));
#782=CARTESIAN_POINT('',(-26.890413134,22.814577422,47.489568529));
#783=CARTESIAN_POINT('',(-26.888935831,22.813753839,47.488832372));
#784=CARTESIAN_POINT('',(-26.888981657,22.813779914,47.488855173));
#785=CARTESIAN_POINT('',(-26.888145889,22.813315237,47.488438406));
#786=CARTESIAN_POINT('',(-26.887310122,22.812850561,47.488021638));
#787=CARTESIAN_POINT('',(-26.886394335,22.812342004,47.487564737));
#788=CARTESIAN_POINT('',(-26.885398529,22.811789812,47.48706743));
#789=CARTESIAN_POINT('',(-26.883406918,22.810685429,47.486072817));
#790=CARTESIAN_POINT('',(-26.88109523,22.809406461,47.484916626));
#791=CARTESIAN_POINT('',(-26.878463465,22.807955403,47.483596139));
#792=CARTESIAN_POINT('',(-26.873199936,22.805053287,47.480955165));
#793=CARTESIAN_POINT('',(-26.8666561,22.80146206,47.477657696));
#794=CARTESIAN_POINT('',(-26.858831957,22.797210427,47.473673416));
#795=CARTESIAN_POINT('',(-26.851007815,22.792958794,47.469689136));
#796=CARTESIAN_POINT('',(-26.846302379,22.790422265,47.467262961));
#797=CARTESIAN_POINT('',(-26.841040025,22.787590306,47.464537624));
#798=CARTESIAN_POINT('',(-26.835777671,22.784758347,47.461812286));
#799=CARTESIAN_POINT('',(-26.831183606,22.782296723,47.459411686));
#800=CARTESIAN_POINT('',(-26.827257832,22.780194951,47.457346867));
#801=CARTESIAN_POINT('',(-26.825294945,22.779144065,47.456314457));
#802=CARTESIAN_POINT('',(-26.821551558,22.777141759,47.454337489));
#803=CARTESIAN_POINT('',(-26.81879946,22.775671398,47.452874483));
#804=CARTESIAN_POINT('',(-26.816047362,22.774201037,47.451411477));
#805=CARTESIAN_POINT('',(-26.813362624,22.77276797,47.449976479));
#806=CARTESIAN_POINT('',(-26.810745245,22.771371626,47.44857011));
#807=CARTESIAN_POINT('',(-26.805510487,22.768578938,47.445757373));
#808=CARTESIAN_POINT('',(-26.800545167,22.765933123,47.443059189));
#809=CARTESIAN_POINT('',(-26.795849286,22.763429867,47.440480132));
#810=CARTESIAN_POINT('',(-26.791153404,22.760926611,47.437901076));
#811=CARTESIAN_POINT('',(-26.784480985,22.757367329,47.434192147));
#812=CARTESIAN_POINT('',(-26.779029819,22.754454532,47.431112186));
#813=CARTESIAN_POINT('',(-26.773578652,22.751541736,47.428032225));
#814=CARTESIAN_POINT('',(-26.768282809,22.748707205,47.424995807));
#815=CARTESIAN_POINT('',(-26.763142287,22.745948826,47.422005345));
#816=CARTESIAN_POINT('',(-26.752861245,22.740432068,47.416024421));
#817=CARTESIAN_POINT('',(-26.743201493,22.735219868,47.410227462));
#818=CARTESIAN_POINT('',(-26.734163032,22.730295848,47.404632094));
#819=CARTESIAN_POINT('',(-26.729643801,22.727833838,47.40183441));
#820=CARTESIAN_POINT('',(-26.723528258,22.724485146,47.397984575));
#821=CARTESIAN_POINT('',(-26.718378264,22.721644708,47.394669683));
#822=CARTESIAN_POINT('',(-26.713228271,22.71880427,47.39135479));
#823=CARTESIAN_POINT('',(-26.708189873,22.716006865,47.388046188));
#824=CARTESIAN_POINT('',(-26.703263071,22.713251752,47.384744982));
#825=CARTESIAN_POINT('',(-26.693409467,22.707741526,47.378142569));
#826=CARTESIAN_POINT('',(-26.684002245,22.70240048,47.371569772));
#827=CARTESIAN_POINT('',(-26.675041406,22.697222586,47.365035016));
#828=CARTESIAN_POINT('',(-26.63919805,22.67651101,47.338895992));
#829=CARTESIAN_POINT('',(-26.599327906,22.651456983,47.303981276));
#830=CARTESIAN_POINT('',(-26.572328642,22.62964397,47.268580413));
#831=CARTESIAN_POINT('',(-26.545329378,22.607830957,47.233179551));
#832=CARTESIAN_POINT('',(-26.523115093,22.581541674,47.183969326));
#833=CARTESIAN_POINT('',(-26.523115093,22.561476571,47.137025121));
#834=B_SPLINE_CURVE_WITH_KNOTS('',3,(#719,#720,#721,#722,#723,#724,#725,#726,#727,#728,#729,#730,#731,#732,#733,#734,#735,#736,#737,#738,#739,#740,#741,#742,#743,#744,
#745,#746,#747,#748,#749,#750,#751,#752,#753,#754,#755,#756,#757,#758,#759,#760,#761,#762,#763,#764,#765,#766,#767,#768,#769,
#770,#771,#772,#773,#774,#775,#776,#777,#778,#779,#780,#781,#782,#783,#784,#785,#786,#787,#788,#789,#790,#791,#792,#793,#794,
#795,#796,#797,#798,#799,#800,#801,#802,#803,#804,#805,#806,#807,#808,#809,#810,#811,#812,#813,#814,#815,#816,#817,#818,#819,
#820,#821,#822,#823,#824,#825,#826,#827,#828,#829,#830,#831,#832,#833),.UNSPECIFIED.,.F.,.F.,(4,3,3,3,3,3,3,3,3,3,3,3,3,3,3,3,3,3,3,3,3,3,3,3,3,3,
3,3,3,3,3,3,3,3,3,3,3,3,4),(0.,0.03125,0.046875,0.0625,0.125,0.1875,0.203125,0.21875,0.25,0.28125,0.3125,0.375,0.390625,0.40625,0.4375,0.453125,0.46875,0.484375,0.5,0.5078125,0.515625,0.53125,0.53515625,0.5390625,0.546875,0.5625,
0.578125,0.59375,0.6015625,0.609375,0.625,0.640625,0.65625,0.6875,0.703125,0.71875,0.75,0.875,1.),.UNSPECIFIED.);
#835=EDGE_CURVE('',#639,#711,#834,.T.);
#836=ORIENTED_EDGE('',*,*,#835,.F.);
#837=EDGE_LOOP('',(#649,#679,#709,#718,#836));
#838=FACE_BOUND('',#837,.T.);
#839=ADVANCED_FACE('',(#838),#635,.F.);
#840=CARTESIAN_POINT('',(-28.923115093,0.,0.));
#841=DIRECTION('',(1.,0.,0.));
#842=DIRECTION('',(0.,1.,0.));
#843=AXIS2_PLACEMENT_3D('',#840,#841,#842);
#844=PLANE('',#843);
#845=CARTESIAN_POINT('',(-28.923115093,49.368996984,-43.271496984));
#846=VERTEX_POINT('',#845);
#847=CARTESIAN_POINT('',(-28.923115093,40.631003016,-43.271496984));
#848=VERTEX_POINT('',#847);
#849=CARTESIAN_POINT('',(-28.923115093,49.368996984,-43.271496984));
#850=DIRECTION('',(0.,-1.,0.));
#851=VECTOR('',#850,8.737993968);
#852=LINE('',#849,#851);
#853=EDGE_CURVE('',#846,#848,#852,.T.);
#854=ORIENTED_EDGE('',*,*,#853,.T.);
#855=CARTESIAN_POINT('',(-28.923115093,37.431388236,-41.021481879));
#856=VERTEX_POINT('',#855);
#857=CARTESIAN_POINT('',(-28.923115093,40.631003016,-39.871496984));
#858=DIRECTION('',(-1.,-0.,-0.));
#859=DIRECTION('',(0.,0.,-1.));
#860=AXIS2_PLACEMENT_3D('',#857,#858,#859);
#861=CIRCLE('',#860,3.4);
#862=EDGE_CURVE('',#848,#856,#861,.T.);
#863=ORIENTED_EDGE('',*,*,#862,.T.);
#864=CARTESIAN_POINT('',(-28.923115093,34.4,-42.6));
#865=VERTEX_POINT('',#864);
#866=CARTESIAN_POINT('',(-28.923115093,34.4,-38.9));
#867=DIRECTION('',(1.,0.,0.));
#868=DIRECTION('',(0.,0.,-1.));
#869=AXIS2_PLACEMENT_3D('',#866,#867,#868);
#870=CIRCLE('',#869,3.7);
#871=EDGE_CURVE('',#865,#856,#870,.T.);
#872=ORIENTED_EDGE('',*,*,#871,.F.);
#873=CARTESIAN_POINT('',(-28.923115093,31.845238095,-41.576413946));
#874=VERTEX_POINT('',#873);
#875=CARTESIAN_POINT('',(-28.923115093,34.4,-38.9));
#876=DIRECTION('',(1.,0.,0.));
#877=DIRECTION('',(0.,0.,-1.));
#878=AXIS2_PLACEMENT_3D('',#875,#876,#877);
#879=CIRCLE('',#878,3.7);
#880=EDGE_CURVE('',#874,#865,#879,.T.);
#881=ORIENTED_EDGE('',*,*,#880,.F.);
#882=CARTESIAN_POINT('',(-28.923115093,31.,-41.938091506));
#883=VERTEX_POINT('',#882);
#884=CARTESIAN_POINT('',(-28.923115093,31.5,-41.938091506));
#885=DIRECTION('',(1.,0.,0.));
#886=DIRECTION('',(0.,0.,-1.));
#887=AXIS2_PLACEMENT_3D('',#884,#885,#886);
#888=CIRCLE('',#887,0.5);
#889=EDGE_CURVE('',#874,#883,#888,.T.);
#890=ORIENTED_EDGE('',*,*,#889,.T.);
#891=CARTESIAN_POINT('',(-28.923115093,31.,-54.972268384));
#892=VERTEX_POINT('',#891);
#893=CARTESIAN_POINT('',(-28.923115093,31.,-41.938091506));
#894=DIRECTION('',(0.,0.,-1.));
#895=VECTOR('',#894,13.034176878);
#896=LINE('',#893,#895);
#897=EDGE_CURVE('',#883,#892,#896,.T.);
#898=ORIENTED_EDGE('',*,*,#897,.T.);
#899=CARTESIAN_POINT('',(-28.923115093,33.,-56.972268384));
#900=VERTEX_POINT('',#899);
#901=CARTESIAN_POINT('',(-28.923115093,33.,-54.972268384));
#902=DIRECTION('',(1.,0.,0.));
#903=DIRECTION('',(0.,0.,-1.));
#904=AXIS2_PLACEMENT_3D('',#901,#902,#903);
#905=CIRCLE('',#904,2.);
#906=EDGE_CURVE('',#892,#900,#905,.T.);
#907=ORIENTED_EDGE('',*,*,#906,.T.);
#908=CARTESIAN_POINT('',(-28.923115093,48.307588495,-56.972268384));
#909=VERTEX_POINT('',#908);
#910=CARTESIAN_POINT('',(-28.923115093,48.307588495,-56.972268384));
#911=DIRECTION('',(0.,-1.,0.));
#912=VECTOR('',#911,15.307588495);
#913=LINE('',#910,#912);
#914=EDGE_CURVE('',#909,#900,#913,.T.);
#915=ORIENTED_EDGE('',*,*,#914,.F.);
#916=CARTESIAN_POINT('',(-28.923115093,48.543162808,-55.8204489));
#917=VERTEX_POINT('',#916);
#918=CARTESIAN_POINT('',(-28.923115093,48.307588495,-56.372268384));
#919=DIRECTION('',(1.,0.,0.));
#920=DIRECTION('',(0.,0.,-1.));
#921=AXIS2_PLACEMENT_3D('',#918,#919,#920);
#922=CIRCLE('',#921,0.6);
#923=EDGE_CURVE('',#909,#917,#922,.T.);
#924=ORIENTED_EDGE('',*,*,#923,.T.);
#925=CARTESIAN_POINT('',(-28.923115093,50.,-44.));
#926=VERTEX_POINT('',#925);
#927=CARTESIAN_POINT('',(-28.923115093,50.,-50.));
#928=DIRECTION('',(1.,0.,0.));
#929=DIRECTION('',(0.,0.,-1.));
#930=AXIS2_PLACEMENT_3D('',#927,#928,#929);
#931=CIRCLE('',#930,6.);
#932=EDGE_CURVE('',#926,#917,#931,.T.);
#933=ORIENTED_EDGE('',*,*,#932,.F.);
#934=CARTESIAN_POINT('',(-28.923115093,52.769756612,-44.677552414));
#935=VERTEX_POINT('',#934);
#936=CARTESIAN_POINT('',(-28.923115093,50.,-50.));
#937=DIRECTION('',(1.,0.,0.));
#938=DIRECTION('',(0.,0.,-1.));
#939=AXIS2_PLACEMENT_3D('',#936,#937,#938);
#940=CIRCLE('',#939,6.);
#941=EDGE_CURVE('',#935,#926,#940,.T.);
#942=ORIENTED_EDGE('',*,*,#941,.F.);
#943=CARTESIAN_POINT('',(-28.923115093,53.693008816,-44.903403218));
#944=VERTEX_POINT('',#943);
#945=CARTESIAN_POINT('',(-28.923115093,53.693008816,-42.903403218));
#946=DIRECTION('',(1.,0.,0.));
#947=DIRECTION('',(0.,0.,-1.));
#948=AXIS2_PLACEMENT_3D('',#945,#946,#947);
#949=CIRCLE('',#948,2.);
#950=EDGE_CURVE('',#935,#944,#949,.T.);
#951=ORIENTED_EDGE('',*,*,#950,.T.);
#952=CARTESIAN_POINT('',(-28.923115093,55.671274927,-43.197449464));
#953=VERTEX_POINT('',#952);
#954=CARTESIAN_POINT('',(-28.923115093,53.693008816,-42.903403218));
#955=DIRECTION('',(1.,0.,0.));
#956=DIRECTION('',(0.,0.,-1.));
#957=AXIS2_PLACEMENT_3D('',#954,#955,#956);
#958=CIRCLE('',#957,2.);
#959=EDGE_CURVE('',#944,#953,#958,.T.);
#960=ORIENTED_EDGE('',*,*,#959,.T.);
#961=CARTESIAN_POINT('',(-28.923115093,56.,-38.75));
#962=VERTEX_POINT('',#961);
#963=CARTESIAN_POINT('',(-28.923115093,25.75,-38.75));
#964=DIRECTION('',(1.,0.,0.));
#965=DIRECTION('',(0.,0.,-1.));
#966=AXIS2_PLACEMENT_3D('',#963,#964,#965);
#967=CIRCLE('',#966,30.25);
#968=EDGE_CURVE('',#953,#962,#967,.T.);
#969=ORIENTED_EDGE('',*,*,#968,.T.);
#970=CARTESIAN_POINT('',(-28.923115093,56.,-34.9));
#971=VERTEX_POINT('',#970);
#972=CARTESIAN_POINT('',(-28.923115093,56.,-38.75));
#973=DIRECTION('',(0.,-0.,1.));
#974=VECTOR('',#973,3.85);
#975=LINE('',#972,#974);
#976=EDGE_CURVE('',#962,#971,#975,.T.);
#977=ORIENTED_EDGE('',*,*,#976,.T.);
#978=CARTESIAN_POINT('',(-28.923115093,52.574487728,-34.9));
#979=VERTEX_POINT('',#978);
#980=CARTESIAN_POINT('',(-28.923115093,52.574487728,-34.9));
#981=DIRECTION('',(0.,1.,0.));
#982=VECTOR('',#981,3.425512272);
#983=LINE('',#980,#982);
#984=EDGE_CURVE('',#979,#971,#983,.T.);
#985=ORIENTED_EDGE('',*,*,#984,.F.);
#986=CARTESIAN_POINT('',(-28.923115093,52.768996984,-36.033503016));
#987=VERTEX_POINT('',#986);
#988=CARTESIAN_POINT('',(-28.923115093,49.368996984,-36.033503016));
#989=DIRECTION('',(-1.,-0.,-0.));
#990=DIRECTION('',(0.,0.,-1.));
#991=AXIS2_PLACEMENT_3D('',#988,#989,#990);
#992=CIRCLE('',#991,3.4);
#993=EDGE_CURVE('',#979,#987,#992,.T.);
#994=ORIENTED_EDGE('',*,*,#993,.T.);
#995=CARTESIAN_POINT('',(-28.923115093,52.768996984,-39.871496984));
#996=VERTEX_POINT('',#995);
#997=CARTESIAN_POINT('',(-28.923115093,52.768996984,-36.033503016));
#998=DIRECTION('',(-0.,-0.,-1.));
#999=VECTOR('',#998,3.837993968);
#1000=LINE('',#997,#999);
#1001=EDGE_CURVE('',#987,#996,#1000,.T.);
#1002=ORIENTED_EDGE('',*,*,#1001,.T.);
#1003=CARTESIAN_POINT('',(-28.923115093,49.368996984,-39.871496984));
#1004=DIRECTION('',(-1.,-0.,-0.));
#1005=DIRECTION('',(0.,0.,-1.));
#1006=AXIS2_PLACEMENT_3D('',#1003,#1004,#1005);
#1007=CIRCLE('',#1006,3.4);
#1008=EDGE_CURVE('',#996,#846,#1007,.T.);
#1009=ORIENTED_EDGE('',*,*,#1008,.T.);
#1010=EDGE_LOOP('',(#854,#863,#872,#881,#890,#898,#907,#915,#924,#933,#942,#951,#960,#969,#977,#985,#994,#1002,#1009));
#1011=FACE_BOUND('',#1010,.T.);
#1012=ADVANCED_FACE('',(#1011),#844,.T.);
#1013=CARTESIAN_POINT('',(-30.423115093,39.47480248,-38.20391201));
#1014=DIRECTION('',(0.,-0.587785252,-0.809016994));
#1015=DIRECTION('',(0.,0.809016994,-0.587785252));
#1016=AXIS2_PLACEMENT_3D('',#1013,#1014,#1015);
#1017=PLANE('',#1016);
#1018=CARTESIAN_POINT('',(-38.623115093,37.338807527,-36.652020837));
#1019=VERTEX_POINT('',#1018);
#1020=CARTESIAN_POINT('',(-30.423115093,37.338807527,-36.652020837));
#1021=VERTEX_POINT('',#1020);
#1022=CARTESIAN_POINT('',(-38.623115093,37.338807527,-36.652020837));
#1023=DIRECTION('',(1.,0.,-0.));
#1024=VECTOR('',#1023,8.2);
#1025=LINE('',#1022,#1024);
#1026=EDGE_CURVE('',#1019,#1021,#1025,.T.);
#1027=ORIENTED_EDGE('',*,*,#1026,.F.);
#1028=CARTESIAN_POINT('',(-38.623115093,40.145502105,-38.691203811));
#1029=VERTEX_POINT('',#1028);
#1030=CARTESIAN_POINT('',(-38.623115093,40.145502105,-38.691203811));
#1031=DIRECTION('',(0.,-0.809016994,0.587785252));
#1032=VECTOR('',#1031,3.46926529);
#1033=LINE('',#1030,#1032);
#1034=EDGE_CURVE('',#1029,#1019,#1033,.T.);
#1035=ORIENTED_EDGE('',*,*,#1034,.F.);
#1036=CARTESIAN_POINT('',(-32.541125596,47.949604959,-44.361216427));
#1037=VERTEX_POINT('',#1036);
#1038=CARTESIAN_POINT('',(-38.623115093,40.145502105,-38.691203811));
#1039=CARTESIAN_POINT('',(-38.62311432,40.347414158,-38.837901504));
#1040=CARTESIAN_POINT('',(-38.613977319,40.549893965,-38.985011695));
#1041=CARTESIAN_POINT('',(-38.595545261,40.752951397,-39.132541555));
#1042=CARTESIAN_POINT('',(-38.577113202,40.956008829,-39.280071415));
#1043=CARTESIAN_POINT('',(-38.549403379,41.158742552,-39.427366087));
#1044=CARTESIAN_POINT('',(-38.512949269,41.358999453,-39.572861242));
#1045=CARTESIAN_POINT('',(-38.440041048,41.759513255,-39.863851552));
#1046=CARTESIAN_POINT('',(-38.332084141,42.152781248,-40.149577473));
#1047=CARTESIAN_POINT('',(-38.190212235,42.539037803,-40.430209288));
#1048=CARTESIAN_POINT('',(-38.119276282,42.732166081,-40.570525195));
#1049=CARTESIAN_POINT('',(-38.039835853,42.923536182,-40.709563712));
#1050=CARTESIAN_POINT('',(-37.951838973,43.113137359,-40.847317031));
#1051=CARTESIAN_POINT('',(-37.863842093,43.302738537,-40.98507035));
#1052=CARTESIAN_POINT('',(-37.766946131,43.491163099,-41.121968808));
#1053=CARTESIAN_POINT('',(-37.662236449,43.676220759,-41.256421067));
#1054=CARTESIAN_POINT('',(-37.452817086,44.046336079,-41.525325587));
#1055=CARTESIAN_POINT('',(-37.213200196,44.401919631,-41.783672161));
#1056=CARTESIAN_POINT('',(-36.944454138,44.743485536,-42.031834317));
#1057=CARTESIAN_POINT('',(-36.810081108,44.914268489,-42.155915395));
#1058=CARTESIAN_POINT('',(-36.668400106,45.081534671,-42.27744139));
#1059=CARTESIAN_POINT('',(-36.519371793,45.245265153,-42.396398548));
#1060=CARTESIAN_POINT('',(-36.370343479,45.408995635,-42.515355706));
#1061=CARTESIAN_POINT('',(-36.213840495,45.569227994,-42.631771329));
#1062=CARTESIAN_POINT('',(-36.052108714,45.723846358,-42.744108147));
#1063=CARTESIAN_POINT('',(-35.728645154,46.033083087,-42.968781782));
#1064=CARTESIAN_POINT('',(-35.382442759,46.322215347,-43.178848664));
#1065=CARTESIAN_POINT('',(-35.013940911,46.591631613,-43.37459104));
#1066=CARTESIAN_POINT('',(-34.645439063,46.86104788,-43.570333415));
#1067=CARTESIAN_POINT('',(-34.254692768,47.110796787,-43.751786617));
#1068=CARTESIAN_POINT('',(-33.840067001,47.339432734,-43.917900356));
#1069=CARTESIAN_POINT('',(-33.632754118,47.453750707,-44.000957226));
#1070=CARTESIAN_POINT('',(-33.419018254,47.562884325,-44.08024744));
#1071=CARTESIAN_POINT('',(-33.202345624,47.664743637,-44.154252562));
#1072=CARTESIAN_POINT('',(-32.985672995,47.766602948,-44.228257683));
#1073=CARTESIAN_POINT('',(-32.765312031,47.861641259,-44.297307058));
#1074=CARTESIAN_POINT('',(-32.541125596,47.949604959,-44.361216428));
#1075=B_SPLINE_CURVE_WITH_KNOTS('',3,(#1038,#1039,#1040,#1041,#1042,#1043,#1044,#1045,#1046,#1047,#1048,#1049,#1050,#1051,#1052,#1053,#1054,#1055,#1056,#1057,#1058,#1059,#1060,#1061,#1062,#1063,
#1064,#1065,#1066,#1067,#1068,#1069,#1070,#1071,#1072,#1073,#1074),.UNSPECIFIED.,.F.,.F.,(4,3,3,3,3,3,3,3,3,3,3,3,4),(0.054855343,0.055600353,0.056345363,0.057835383,0.058580393,0.059325403,0.060815423,0.061560433,0.062305442,0.063795462,0.065285482,0.066030492,0.066775502),.UNSPECIFIED.);
#1076=EDGE_CURVE('',#1029,#1037,#1075,.T.);
#1077=ORIENTED_EDGE('',*,*,#1076,.T.);
#1078=CARTESIAN_POINT('',(-30.423115093,47.949604959,-44.361216427));
#1079=VERTEX_POINT('',#1078);
#1080=CARTESIAN_POINT('',(-30.423115093,47.949604959,-44.361216427));
#1081=DIRECTION('',(-1.,0.,0.));
#1082=VECTOR('',#1081,2.118010503);
#1083=LINE('',#1080,#1082);
#1084=EDGE_CURVE('',#1079,#1037,#1083,.T.);
#1085=ORIENTED_EDGE('',*,*,#1084,.F.);
#1086=CARTESIAN_POINT('',(-30.423115093,47.949604959,-44.361216427));
#1087=DIRECTION('',(0.,-0.809016994,0.587785252));
#1088=VECTOR('',#1087,13.115666921);
#1089=LINE('',#1086,#1088);
#1090=EDGE_CURVE('',#1079,#1021,#1089,.T.);
#1091=ORIENTED_EDGE('',*,*,#1090,.T.);
#1092=EDGE_LOOP('',(#1027,#1035,#1077,#1085,#1091));
#1093=FACE_BOUND('',#1092,.T.);
#1094=ADVANCED_FACE('',(#1093),#1017,.T.);
#1095=CARTESIAN_POINT('',(-30.423115093,0.,0.));
#1096=DIRECTION('',(-1.,0.,0.));
#1097=DIRECTION('',(0.,-1.,0.));
#1098=AXIS2_PLACEMENT_3D('',#1095,#1096,#1097);
#1099=PLANE('',#1098);
#1100=CARTESIAN_POINT('',(-30.423115093,35.629813762,-35.410364187));
#1101=VERTEX_POINT('',#1100);
#1102=CARTESIAN_POINT('',(-30.423115093,31.,-32.046607592));
#1103=VERTEX_POINT('',#1102);
#1104=CARTESIAN_POINT('',(-30.423115093,35.629813762,-35.410364187));
#1105=DIRECTION('',(0.,-0.809016994,0.587785252));
#1106=VECTOR('',#1105,5.722764533);
#1107=LINE('',#1104,#1106);
#1108=EDGE_CURVE('',#1101,#1103,#1107,.T.);
#1109=ORIENTED_EDGE('',*,*,#1108,.F.);
#1110=CARTESIAN_POINT('',(-30.423115093,33.464271389,-35.320277669));
#1111=VERTEX_POINT('',#1110);
#1112=CARTESIAN_POINT('',(-30.423115093,34.4,-38.9));
#1113=DIRECTION('',(-1.,0.,0.));
#1114=DIRECTION('',(0.,0.,1.));
#1115=AXIS2_PLACEMENT_3D('',#1112,#1113,#1114);
#1116=CIRCLE('',#1115,3.7);
#1117=EDGE_CURVE('',#1111,#1101,#1116,.T.);
#1118=ORIENTED_EDGE('',*,*,#1117,.F.);
#1119=CARTESIAN_POINT('',(-30.423115093,31.,-33.529879705));
#1120=VERTEX_POINT('',#1119);
#1121=CARTESIAN_POINT('',(-30.423115093,33.464271389,-35.320277669));
#1122=DIRECTION('',(0.,-0.809016994,0.587785252));
#1123=VECTOR('',#1122,3.046006951);
#1124=LINE('',#1121,#1123);
#1125=EDGE_CURVE('',#1111,#1120,#1124,.T.);
#1126=ORIENTED_EDGE('',*,*,#1125,.T.);
#1127=CARTESIAN_POINT('',(-30.423115093,31.,-33.529879705));
#1128=DIRECTION('',(0.,-0.,1.));
#1129=VECTOR('',#1128,1.483272113);
#1130=LINE('',#1127,#1129);
#1131=EDGE_CURVE('',#1120,#1103,#1130,.T.);
#1132=ORIENTED_EDGE('',*,*,#1131,.T.);
#1133=EDGE_LOOP('',(#1109,#1118,#1126,#1132));
#1134=FACE_BOUND('',#1133,.T.);
#1135=ADVANCED_FACE('',(#1134),#1099,.T.);
#1136=CARTESIAN_POINT('',(-30.923115093,31.,-32.375));
#1137=DIRECTION('',(0.,-1.,-0.));
#1138=DIRECTION('',(0.,0.,-1.));
#1139=AXIS2_PLACEMENT_3D('',#1136,#1137,#1138);
#1140=PLANE('',#1139);
#1141=CARTESIAN_POINT('',(-32.923115093,31.,-40.08293569));
#1142=VERTEX_POINT('',#1141);
#1143=CARTESIAN_POINT('',(-38.623115093,31.,-40.08293569));
#1144=VERTEX_POINT('',#1143);
#1145=CARTESIAN_POINT('',(-32.923115093,31.,-40.08293569));
#1146=DIRECTION('',(-1.,0.,0.));
#1147=VECTOR('',#1146,5.7);
#1148=LINE('',#1145,#1147);
#1149=EDGE_CURVE('',#1142,#1144,#1148,.T.);
#1150=ORIENTED_EDGE('',*,*,#1149,.F.);
#1151=CARTESIAN_POINT('',(-32.923115093,31.,-38.806355272));
#1152=VERTEX_POINT('',#1151);
#1153=CARTESIAN_POINT('',(-32.923115093,31.,-40.08293569));
#1154=DIRECTION('',(0.,-0.,1.));
#1155=VECTOR('',#1154,1.276580419);
#1156=LINE('',#1153,#1155);
#1157=EDGE_CURVE('',#1142,#1152,#1156,.T.);
#1158=ORIENTED_EDGE('',*,*,#1157,.T.);
#1159=CARTESIAN_POINT('',(-38.623115093,31.,-38.806355272));
#1160=VERTEX_POINT('',#1159);
#1161=CARTESIAN_POINT('',(-32.923115093,31.,-38.806355272));
#1162=DIRECTION('',(-1.,0.,0.));
#1163=VECTOR('',#1162,5.7);
#1164=LINE('',#1161,#1163);
#1165=EDGE_CURVE('',#1152,#1160,#1164,.T.);
#1166=ORIENTED_EDGE('',*,*,#1165,.T.);
#1167=CARTESIAN_POINT('',(-38.623115093,31.,-38.806355272));
#1168=DIRECTION('',(0.,0.,-1.));
#1169=VECTOR('',#1168,1.276580419);
#1170=LINE('',#1167,#1169);
#1171=EDGE_CURVE('',#1160,#1144,#1170,.T.);
#1172=ORIENTED_EDGE('',*,*,#1171,.T.);
#1173=EDGE_LOOP('',(#1150,#1158,#1166,#1172));
#1174=FACE_BOUND('',#1173,.T.);
#1175=ADVANCED_FACE('',(#1174),#1140,.T.);
#1176=CARTESIAN_POINT('',(-30.423115093,0.,0.));
#1177=DIRECTION('',(-1.,0.,0.));
#1178=DIRECTION('',(0.,-1.,0.));
#1179=AXIS2_PLACEMENT_3D('',#1176,#1177,#1178);
#1180=PLANE('',#1179);
#1181=CARTESIAN_POINT('',(-30.423115093,21.75884213,54.937430297));
#1182=VERTEX_POINT('',#1181);
#1183=CARTESIAN_POINT('',(-30.423115093,22.892627291,54.506075082));
#1184=VERTEX_POINT('',#1183);
#1185=CARTESIAN_POINT('',(-30.423115093,21.1,51.5));
#1186=DIRECTION('',(-1.,0.,0.));
#1187=DIRECTION('',(0.,0.,1.));
#1188=AXIS2_PLACEMENT_3D('',#1185,#1186,#1187);
#1189=CIRCLE('',#1188,3.5);
#1190=EDGE_CURVE('',#1182,#1184,#1189,.T.);
#1191=ORIENTED_EDGE('',*,*,#1190,.F.);
#1192=CARTESIAN_POINT('',(-30.423115093,26.271579701,62.995503048));
#1193=VERTEX_POINT('',#1192);
#1194=CARTESIAN_POINT('',(-30.423115093,26.271579701,62.995503048));
#1195=DIRECTION('',(0.,-0.488621241,-0.872496007));
#1196=VECTOR('',#1195,9.235655734);
#1197=LINE('',#1194,#1196);
#1198=EDGE_CURVE('',#1193,#1182,#1197,.T.);
#1199=ORIENTED_EDGE('',*,*,#1198,.F.);
#1200=CARTESIAN_POINT('',(-30.423115093,27.617151976,62.942320936));
#1201=VERTEX_POINT('',#1200);
#1202=CARTESIAN_POINT('',(-30.423115093,25.75,32.75));
#1203=DIRECTION('',(-1.,0.,0.));
#1204=DIRECTION('',(0.,0.017242304,0.99985134));
#1205=AXIS2_PLACEMENT_3D('',#1202,#1203,#1204);
#1206=CIRCLE('',#1205,30.25);
#1207=EDGE_CURVE('',#1193,#1201,#1206,.T.);
#1208=ORIENTED_EDGE('',*,*,#1207,.T.);
#1209=CARTESIAN_POINT('',(-30.423115093,27.617151976,62.942320936));
#1210=DIRECTION('',(0.,-0.488621241,-0.872496007));
#1211=VECTOR('',#1210,9.66909394);
#1212=LINE('',#1209,#1211);
#1213=EDGE_CURVE('',#1201,#1184,#1212,.T.);
#1214=ORIENTED_EDGE('',*,*,#1213,.T.);
#1215=EDGE_LOOP('',(#1191,#1199,#1208,#1214));
#1216=FACE_BOUND('',#1215,.T.);
#1217=ADVANCED_FACE('',(#1216),#1180,.T.);
#1218=CARTESIAN_POINT('',(-30.423115093,0.,0.));
#1219=DIRECTION('',(-1.,0.,0.));
#1220=DIRECTION('',(0.,-1.,0.));
#1221=AXIS2_PLACEMENT_3D('',#1218,#1219,#1220);
#1222=PLANE('',#1221);
#1223=CARTESIAN_POINT('',(-30.423115093,23.94403993,53.539960018));
#1224=VERTEX_POINT('',#1223);
#1225=CARTESIAN_POINT('',(-30.423115093,24.529537832,52.198763377));
#1226=VERTEX_POINT('',#1225);
#1227=CARTESIAN_POINT('',(-30.423115093,21.1,51.5));
#1228=DIRECTION('',(-1.,0.,0.));
#1229=DIRECTION('',(0.,0.,1.));
#1230=AXIS2_PLACEMENT_3D('',#1227,#1228,#1229);
#1231=CIRCLE('',#1230,3.5);
#1232=EDGE_CURVE('',#1224,#1226,#1231,.T.);
#1233=ORIENTED_EDGE('',*,*,#1232,.F.);
#1234=CARTESIAN_POINT('',(-30.423115093,29.591109027,62.755139251));
#1235=VERTEX_POINT('',#1234);
#1236=CARTESIAN_POINT('',(-30.423115093,29.591109027,62.755139251));
#1237=DIRECTION('',(0.,-0.522498565,-0.852640164));
#1238=VECTOR('',#1237,10.807817433);
#1239=LINE('',#1236,#1238);
#1240=EDGE_CURVE('',#1235,#1224,#1239,.T.);
#1241=ORIENTED_EDGE('',*,*,#1240,.F.);
#1242=CARTESIAN_POINT('',(-30.423115093,30.880033702,62.561830776));
#1243=VERTEX_POINT('',#1242);
#1244=CARTESIAN_POINT('',(-30.423115093,25.75,32.75));
#1245=DIRECTION('',(-1.,0.,0.));
#1246=DIRECTION('',(0.,0.126978811,0.99190543));
#1247=AXIS2_PLACEMENT_3D('',#1244,#1245,#1246);
#1248=CIRCLE('',#1247,30.25);
#1249=EDGE_CURVE('',#1235,#1243,#1248,.T.);
#1250=ORIENTED_EDGE('',*,*,#1249,.T.);
#1251=CARTESIAN_POINT('',(-30.423115093,30.880033702,62.561830776));
#1252=DIRECTION('',(0.,-0.522498565,-0.852640164));
#1253=VECTOR('',#1252,12.154092467);
#1254=LINE('',#1251,#1253);
#1255=EDGE_CURVE('',#1243,#1226,#1254,.T.);
#1256=ORIENTED_EDGE('',*,*,#1255,.T.);
#1257=EDGE_LOOP('',(#1233,#1241,#1250,#1256));
#1258=FACE_BOUND('',#1257,.T.);
#1259=ADVANCED_FACE('',(#1258),#1222,.T.);
#1260=CARTESIAN_POINT('',(-30.423115093,0.,0.));
#1261=DIRECTION('',(-1.,0.,0.));
#1262=DIRECTION('',(0.,-1.,0.));
#1263=AXIS2_PLACEMENT_3D('',#1260,#1261,#1262);
#1264=PLANE('',#1263);
#1265=CARTESIAN_POINT('',(-30.423115093,2.173302602,61.274803843));
#1266=VERTEX_POINT('',#1265);
#1267=CARTESIAN_POINT('',(-30.423115093,3.243532506,60.504255059));
#1268=VERTEX_POINT('',#1267);
#1269=CARTESIAN_POINT('',(-30.423115093,0.7,58.1));
#1270=DIRECTION('',(-1.,0.,0.));
#1271=DIRECTION('',(0.,0.,1.));
#1272=AXIS2_PLACEMENT_3D('',#1269,#1270,#1271);
#1273=CIRCLE('',#1272,3.5);
#1274=EDGE_CURVE('',#1266,#1268,#1273,.T.);
#1275=ORIENTED_EDGE('',*,*,#1274,.F.);
#1276=CARTESIAN_POINT('',(-30.423115093,2.516465454,63.));
#1277=VERTEX_POINT('',#1276);
#1278=CARTESIAN_POINT('',(-30.423115093,2.516465454,63.));
#1279=DIRECTION('',(0.,-0.195090322,-0.98078528));
#1280=VECTOR('',#1279,1.758994748);
#1281=LINE('',#1278,#1280);
#1282=EDGE_CURVE('',#1277,#1266,#1281,.T.);
#1283=ORIENTED_EDGE('',*,*,#1282,.F.);
#1284=CARTESIAN_POINT('',(-30.423115093,3.73996704,63.));
#1285=VERTEX_POINT('',#1284);
#1286=CARTESIAN_POINT('',(-30.423115093,3.73996704,63.));
#1287=DIRECTION('',(0.,-1.,0.));
#1288=VECTOR('',#1287,1.223501587);
#1289=LINE('',#1286,#1288);
#1290=EDGE_CURVE('',#1285,#1277,#1289,.T.);
#1291=ORIENTED_EDGE('',*,*,#1290,.F.);
#1292=CARTESIAN_POINT('',(-30.423115093,3.73996704,63.));
#1293=DIRECTION('',(0.,-0.195090322,-0.98078528));
#1294=VECTOR('',#1293,2.544639474);
#1295=LINE('',#1292,#1294);
#1296=EDGE_CURVE('',#1285,#1268,#1295,.T.);
#1297=ORIENTED_EDGE('',*,*,#1296,.T.);
#1298=EDGE_LOOP('',(#1275,#1283,#1291,#1297));
#1299=FACE_BOUND('',#1298,.T.);
#1300=ADVANCED_FACE('',(#1299),#1264,.T.);
#1301=CARTESIAN_POINT('',(-30.423115093,0.,0.));
#1302=DIRECTION('',(-1.,0.,0.));
#1303=DIRECTION('',(0.,-1.,0.));
#1304=AXIS2_PLACEMENT_3D('',#1301,#1302,#1303);
#1305=PLANE('',#1304);
#1306=CARTESIAN_POINT('',(-30.423115093,-0.248822673,54.731063145));
#1307=VERTEX_POINT('',#1306);
#1308=CARTESIAN_POINT('',(-30.423115093,-1.376436961,55.282481669));
#1309=VERTEX_POINT('',#1308);
#1310=CARTESIAN_POINT('',(-30.423115093,0.7,58.1));
#1311=DIRECTION('',(-1.,0.,0.));
#1312=DIRECTION('',(0.,0.,1.));
#1313=AXIS2_PLACEMENT_3D('',#1310,#1311,#1312);
#1314=CIRCLE('',#1313,3.5);
#1315=EDGE_CURVE('',#1307,#1309,#1314,.T.);
#1316=ORIENTED_EDGE('',*,*,#1315,.F.);
#1317=CARTESIAN_POINT('',(-30.423115093,-2.898762745,38.));
#1318=VERTEX_POINT('',#1317);
#1319=CARTESIAN_POINT('',(-30.423115093,-0.248822673,54.731063145));
#1320=DIRECTION('',(0.,-0.156434465,-0.987688341));
#1321=VECTOR('',#1320,16.939617951);
#1322=LINE('',#1319,#1321);
#1323=EDGE_CURVE('',#1307,#1318,#1322,.T.);
#1324=ORIENTED_EDGE('',*,*,#1323,.T.);
#1325=CARTESIAN_POINT('',(-30.423115093,-4.113713148,38.));
#1326=VERTEX_POINT('',#1325);
#1327=CARTESIAN_POINT('',(-30.423115093,-2.898762745,38.));
#1328=DIRECTION('',(0.,-1.,0.));
#1329=VECTOR('',#1328,1.214950402);
#1330=LINE('',#1327,#1329);
#1331=EDGE_CURVE('',#1318,#1326,#1330,.T.);
#1332=ORIENTED_EDGE('',*,*,#1331,.T.);
#1333=CARTESIAN_POINT('',(-30.423115093,-1.376436961,55.282481669));
#1334=DIRECTION('',(0.,-0.156434465,-0.987688341));
#1335=VECTOR('',#1334,17.497909977);
#1336=LINE('',#1333,#1335);
#1337=EDGE_CURVE('',#1309,#1326,#1336,.T.);
#1338=ORIENTED_EDGE('',*,*,#1337,.F.);
#1339=EDGE_LOOP('',(#1316,#1324,#1332,#1338));
#1340=FACE_BOUND('',#1339,.T.);
#1341=ADVANCED_FACE('',(#1340),#1305,.T.);
#1342=CARTESIAN_POINT('',(-30.923115093,31.,-32.375));
#1343=DIRECTION('',(0.,-1.,-0.));
#1344=DIRECTION('',(0.,0.,-1.));
#1345=AXIS2_PLACEMENT_3D('',#1342,#1343,#1344);
#1346=PLANE('',#1345);
#1347=CARTESIAN_POINT('',(-28.923115093,31.,-36.372155068));
#1348=VERTEX_POINT('',#1347);
#1349=CARTESIAN_POINT('',(-28.923115093,31.,20.4));
#1350=VERTEX_POINT('',#1349);
#1351=CARTESIAN_POINT('',(-28.923115093,31.,-36.372155068));
#1352=DIRECTION('',(0.,-0.,1.));
#1353=VECTOR('',#1352,56.772155068);
#1354=LINE('',#1351,#1353);
#1355=EDGE_CURVE('',#1348,#1350,#1354,.T.);
#1356=ORIENTED_EDGE('',*,*,#1355,.T.);
#1357=CARTESIAN_POINT('',(-29.673115093,31.,20.4));
#1358=VERTEX_POINT('',#1357);
#1359=CARTESIAN_POINT('',(-29.673115093,31.,20.4));
#1360=DIRECTION('',(1.,0.,-0.));
#1361=VECTOR('',#1360,0.75);
#1362=LINE('',#1359,#1361);
#1363=EDGE_CURVE('',#1358,#1350,#1362,.T.);
#1364=ORIENTED_EDGE('',*,*,#1363,.F.);
#1365=CARTESIAN_POINT('',(-29.673115093,31.,31.2));
#1366=VERTEX_POINT('',#1365);
#1367=CARTESIAN_POINT('',(-29.673115093,31.,20.4));
#1368=DIRECTION('',(0.,-0.,1.));
#1369=VECTOR('',#1368,10.8);
#1370=LINE('',#1367,#1369);
#1371=EDGE_CURVE('',#1358,#1366,#1370,.T.);
#1372=ORIENTED_EDGE('',*,*,#1371,.T.);
#1373=CARTESIAN_POINT('',(-28.923115093,31.,31.2));
#1374=VERTEX_POINT('',#1373);
#1375=CARTESIAN_POINT('',(-29.673115093,31.,31.2));
#1376=DIRECTION('',(1.,0.,-0.));
#1377=VECTOR('',#1376,0.75);
#1378=LINE('',#1375,#1377);
#1379=EDGE_CURVE('',#1366,#1374,#1378,.T.);
#1380=ORIENTED_EDGE('',*,*,#1379,.T.);
#1381=CARTESIAN_POINT('',(-28.923115093,31.,32.75));
#1382=VERTEX_POINT('',#1381);
#1383=CARTESIAN_POINT('',(-28.923115093,31.,31.2));
#1384=DIRECTION('',(0.,-0.,1.));
#1385=VECTOR('',#1384,1.55);
#1386=LINE('',#1383,#1385);
#1387=EDGE_CURVE('',#1374,#1382,#1386,.T.);
#1388=ORIENTED_EDGE('',*,*,#1387,.T.);
#1389=CARTESIAN_POINT('',(-30.423115093,31.,32.75));
#1390=VERTEX_POINT('',#1389);
#1391=CARTESIAN_POINT('',(-28.923115093,31.,32.75));
#1392=DIRECTION('',(-1.,0.,0.));
#1393=VECTOR('',#1392,1.5);
#1394=LINE('',#1391,#1393);
#1395=EDGE_CURVE('',#1382,#1390,#1394,.T.);
#1396=ORIENTED_EDGE('',*,*,#1395,.T.);
#1397=CARTESIAN_POINT('',(-30.423115093,31.,31.228260936));
#1398=VERTEX_POINT('',#1397);
#1399=CARTESIAN_POINT('',(-30.423115093,31.,31.228260936));
#1400=DIRECTION('',(0.,-0.,1.));
#1401=VECTOR('',#1400,1.521739064);
#1402=LINE('',#1399,#1401);
#1403=EDGE_CURVE('',#1398,#1390,#1402,.T.);
#1404=ORIENTED_EDGE('',*,*,#1403,.F.);
#1405=CARTESIAN_POINT('',(-38.623115093,31.,31.228260936));
#1406=VERTEX_POINT('',#1405);
#1407=CARTESIAN_POINT('',(-30.423115093,31.,31.228260936));
#1408=DIRECTION('',(-1.,0.,0.));
#1409=VECTOR('',#1408,8.2);
#1410=LINE('',#1407,#1409);
#1411=EDGE_CURVE('',#1398,#1406,#1410,.T.);
#1412=ORIENTED_EDGE('',*,*,#1411,.T.);
#1413=CARTESIAN_POINT('',(-38.623115093,31.,30.085811694));
#1414=VERTEX_POINT('',#1413);
#1415=CARTESIAN_POINT('',(-38.623115093,31.,30.085811694));
#1416=DIRECTION('',(0.,-0.,1.));
#1417=VECTOR('',#1416,1.142449242);
#1418=LINE('',#1415,#1417);
#1419=EDGE_CURVE('',#1414,#1406,#1418,.T.);
#1420=ORIENTED_EDGE('',*,*,#1419,.F.);
#1421=CARTESIAN_POINT('',(-30.423115093,31.,30.085811694));
#1422=VERTEX_POINT('',#1421);
#1423=CARTESIAN_POINT('',(-30.423115093,31.,30.085811694));
#1424=DIRECTION('',(-1.,0.,0.));
#1425=VECTOR('',#1424,8.2);
#1426=LINE('',#1423,#1425);
#1427=EDGE_CURVE('',#1422,#1414,#1426,.T.);
#1428=ORIENTED_EDGE('',*,*,#1427,.F.);
#1429=CARTESIAN_POINT('',(-30.423115093,31.,28.557775942));
#1430=VERTEX_POINT('',#1429);
#1431=CARTESIAN_POINT('',(-30.423115093,31.,28.557775942));
#1432=DIRECTION('',(0.,-0.,1.));
#1433=VECTOR('',#1432,1.528035752);
#1434=LINE('',#1431,#1433);
#1435=EDGE_CURVE('',#1430,#1422,#1434,.T.);
#1436=ORIENTED_EDGE('',*,*,#1435,.F.);
#1437=CARTESIAN_POINT('',(-38.623115093,31.,28.557775942));
#1438=VERTEX_POINT('',#1437);
#1439=CARTESIAN_POINT('',(-30.423115093,31.,28.557775942));
#1440=DIRECTION('',(-1.,0.,0.));
#1441=VECTOR('',#1440,8.2);
#1442=LINE('',#1439,#1441);
#1443=EDGE_CURVE('',#1430,#1438,#1442,.T.);
#1444=ORIENTED_EDGE('',*,*,#1443,.T.);
#1445=CARTESIAN_POINT('',(-38.623115093,31.,27.529879705));
#1446=VERTEX_POINT('',#1445);
#1447=CARTESIAN_POINT('',(-38.623115093,31.,27.529879705));
#1448=DIRECTION('',(0.,-0.,1.));
#1449=VECTOR('',#1448,1.027896237);
#1450=LINE('',#1447,#1449);
#1451=EDGE_CURVE('',#1446,#1438,#1450,.T.);
#1452=ORIENTED_EDGE('',*,*,#1451,.F.);
#1453=CARTESIAN_POINT('',(-30.423115093,31.,27.529879705));
#1454=VERTEX_POINT('',#1453);
#1455=CARTESIAN_POINT('',(-30.423115093,31.,27.529879705));
#1456=DIRECTION('',(-1.,0.,0.));
#1457=VECTOR('',#1456,8.2);
#1458=LINE('',#1455,#1457);
#1459=EDGE_CURVE('',#1454,#1446,#1458,.T.);
#1460=ORIENTED_EDGE('',*,*,#1459,.F.);
#1461=CARTESIAN_POINT('',(-30.423115093,31.,26.046607592));
#1462=VERTEX_POINT('',#1461);
#1463=CARTESIAN_POINT('',(-30.423115093,31.,26.046607592));
#1464=DIRECTION('',(0.,-0.,1.));
#1465=VECTOR('',#1464,1.483272113);
#1466=LINE('',#1463,#1465);
#1467=EDGE_CURVE('',#1462,#1454,#1466,.T.);
#1468=ORIENTED_EDGE('',*,*,#1467,.F.);
#1469=CARTESIAN_POINT('',(-38.623115093,31.,26.046607592));
#1470=VERTEX_POINT('',#1469);
#1471=CARTESIAN_POINT('',(-30.423115093,31.,26.046607592));
#1472=DIRECTION('',(-1.,0.,0.));
#1473=VECTOR('',#1472,8.2);
#1474=LINE('',#1471,#1473);
#1475=EDGE_CURVE('',#1462,#1470,#1474,.T.);
#1476=ORIENTED_EDGE('',*,*,#1475,.T.);
#1477=CARTESIAN_POINT('',(-38.623115093,31.,25.116933417));
#1478=VERTEX_POINT('',#1477);
#1479=CARTESIAN_POINT('',(-38.623115093,31.,25.116933417));
#1480=DIRECTION('',(0.,-0.,1.));
#1481=VECTOR('',#1480,0.929674175);
#1482=LINE('',#1479,#1481);
#1483=EDGE_CURVE('',#1478,#1470,#1482,.T.);
#1484=ORIENTED_EDGE('',*,*,#1483,.F.);
#1485=CARTESIAN_POINT('',(-30.423115093,31.,25.116933417));
#1486=VERTEX_POINT('',#1485);
#1487=CARTESIAN_POINT('',(-30.423115093,31.,25.116933417));
#1488=DIRECTION('',(-1.,0.,0.));
#1489=VECTOR('',#1488,8.2);
#1490=LINE('',#1487,#1489);
#1491=EDGE_CURVE('',#1486,#1478,#1490,.T.);
#1492=ORIENTED_EDGE('',*,*,#1491,.F.);
#1493=CARTESIAN_POINT('',(-30.423115093,31.,23.673714893));
#1494=VERTEX_POINT('',#1493);
#1495=CARTESIAN_POINT('',(-30.423115093,31.,23.673714893));
#1496=DIRECTION('',(0.,-0.,1.));
#1497=VECTOR('',#1496,1.443218524);
#1498=LINE('',#1495,#1497);
#1499=EDGE_CURVE('',#1494,#1486,#1498,.T.);
#1500=ORIENTED_EDGE('',*,*,#1499,.F.);
#1501=CARTESIAN_POINT('',(-38.623115093,31.,23.673714893));
#1502=VERTEX_POINT('',#1501);
#1503=CARTESIAN_POINT('',(-30.423115093,31.,23.673714893));
#1504=DIRECTION('',(-1.,0.,0.));
#1505=VECTOR('',#1504,8.2);
#1506=LINE('',#1503,#1505);
#1507=EDGE_CURVE('',#1494,#1502,#1506,.T.);
#1508=ORIENTED_EDGE('',*,*,#1507,.T.);
#1509=CARTESIAN_POINT('',(-38.623115093,31.,22.828524444));
#1510=VERTEX_POINT('',#1509);
#1511=CARTESIAN_POINT('',(-38.623115093,31.,22.828524444));
#1512=DIRECTION('',(0.,-0.,1.));
#1513=VECTOR('',#1512,0.845190449);
#1514=LINE('',#1511,#1513);
#1515=EDGE_CURVE('',#1510,#1502,#1514,.T.);
#1516=ORIENTED_EDGE('',*,*,#1515,.F.);
#1517=CARTESIAN_POINT('',(-30.423115093,31.,22.828524444));
#1518=VERTEX_POINT('',#1517);
#1519=CARTESIAN_POINT('',(-30.423115093,31.,22.828524444));
#1520=DIRECTION('',(-1.,0.,0.));
#1521=VECTOR('',#1520,8.2);
#1522=LINE('',#1519,#1521);
#1523=EDGE_CURVE('',#1518,#1510,#1522,.T.);
#1524=ORIENTED_EDGE('',*,*,#1523,.F.);
#1525=CARTESIAN_POINT('',(-30.423115093,31.,21.421140184));
#1526=VERTEX_POINT('',#1525);
#1527=CARTESIAN_POINT('',(-30.423115093,31.,21.421140184));
#1528=DIRECTION('',(0.,-0.,1.));
#1529=VECTOR('',#1528,1.40738426);
#1530=LINE('',#1527,#1529);
#1531=EDGE_CURVE('',#1526,#1518,#1530,.T.);
#1532=ORIENTED_EDGE('',*,*,#1531,.F.);
#1533=CARTESIAN_POINT('',(-38.623115093,31.,21.421140184));
#1534=VERTEX_POINT('',#1533);
#1535=CARTESIAN_POINT('',(-30.423115093,31.,21.421140184));
#1536=DIRECTION('',(-1.,0.,0.));
#1537=VECTOR('',#1536,8.2);
#1538=LINE('',#1535,#1537);
#1539=EDGE_CURVE('',#1526,#1534,#1538,.T.);
#1540=ORIENTED_EDGE('',*,*,#1539,.T.);
#1541=CARTESIAN_POINT('',(-38.623115093,31.,20.648781092));
#1542=VERTEX_POINT('',#1541);
#1543=CARTESIAN_POINT('',(-38.623115093,31.,20.648781092));
#1544=DIRECTION('',(0.,-0.,1.));
#1545=VECTOR('',#1544,0.772359092);
#1546=LINE('',#1543,#1545);
#1547=EDGE_CURVE('',#1542,#1534,#1546,.T.);
#1548=ORIENTED_EDGE('',*,*,#1547,.F.);
#1549=CARTESIAN_POINT('',(-30.423115093,31.,20.648781092));
#1550=VERTEX_POINT('',#1549);
#1551=CARTESIAN_POINT('',(-30.423115093,31.,20.648781092));
#1552=DIRECTION('',(-1.,0.,0.));
#1553=VECTOR('',#1552,8.2);
#1554=LINE('',#1551,#1553);
#1555=EDGE_CURVE('',#1550,#1542,#1554,.T.);
#1556=ORIENTED_EDGE('',*,*,#1555,.F.);
#1557=CARTESIAN_POINT('',(-30.423115093,31.,19.273425403));
#1558=VERTEX_POINT('',#1557);
#1559=CARTESIAN_POINT('',(-30.423115093,31.,19.273425403));
#1560=DIRECTION('',(0.,-0.,1.));
#1561=VECTOR('',#1560,1.375355689);
#1562=LINE('',#1559,#1561);
#1563=EDGE_CURVE('',#1558,#1550,#1562,.T.);
#1564=ORIENTED_EDGE('',*,*,#1563,.F.);
#1565=CARTESIAN_POINT('',(-38.923115093,31.,19.273425403));
#1566=VERTEX_POINT('',#1565);
#1567=CARTESIAN_POINT('',(-30.423115093,31.,19.273425403));
#1568=DIRECTION('',(-1.,0.,0.));
#1569=VECTOR('',#1568,8.5);
#1570=LINE('',#1567,#1569);
#1571=EDGE_CURVE('',#1558,#1566,#1570,.T.);
#1572=ORIENTED_EDGE('',*,*,#1571,.T.);
#1573=CARTESIAN_POINT('',(-38.923115093,31.,18.563934877));
#1574=VERTEX_POINT('',#1573);
#1575=CARTESIAN_POINT('',(-38.923115093,31.,18.563934877));
#1576=DIRECTION('',(0.,-0.,1.));
#1577=VECTOR('',#1576,0.709490526);
#1578=LINE('',#1575,#1577);
#1579=EDGE_CURVE('',#1574,#1566,#1578,.T.);
#1580=ORIENTED_EDGE('',*,*,#1579,.F.);
#1581=CARTESIAN_POINT('',(-30.423115093,31.,18.563934877));
#1582=VERTEX_POINT('',#1581);
#1583=CARTESIAN_POINT('',(-30.423115093,31.,18.563934877));
#1584=DIRECTION('',(-1.,0.,0.));
#1585=VECTOR('',#1584,8.5);
#1586=LINE('',#1583,#1585);
#1587=EDGE_CURVE('',#1582,#1574,#1586,.T.);
#1588=ORIENTED_EDGE('',*,*,#1587,.F.);
#1589=CARTESIAN_POINT('',(-30.423115093,31.,17.217151981));
#1590=VERTEX_POINT('',#1589);
#1591=CARTESIAN_POINT('',(-30.423115093,31.,17.217151981));
#1592=DIRECTION('',(0.,-0.,1.));
#1593=VECTOR('',#1592,1.346782896);
#1594=LINE('',#1591,#1593);
#1595=EDGE_CURVE('',#1590,#1582,#1594,.T.);
#1596=ORIENTED_EDGE('',*,*,#1595,.F.);
#1597=CARTESIAN_POINT('',(-38.923115093,31.,17.217151981));
#1598=VERTEX_POINT('',#1597);
#1599=CARTESIAN_POINT('',(-30.423115093,31.,17.217151981));
#1600=DIRECTION('',(-1.,0.,0.));
#1601=VECTOR('',#1600,8.5);
#1602=LINE('',#1599,#1601);
#1603=EDGE_CURVE('',#1590,#1598,#1602,.T.);
#1604=ORIENTED_EDGE('',*,*,#1603,.T.);
#1605=CARTESIAN_POINT('',(-38.923115093,31.,16.561943452));
#1606=VERTEX_POINT('',#1605);
#1607=CARTESIAN_POINT('',(-38.923115093,31.,16.561943452));
#1608=DIRECTION('',(0.,-0.,1.));
#1609=VECTOR('',#1608,0.65520853);
#1610=LINE('',#1607,#1609);
#1611=EDGE_CURVE('',#1606,#1598,#1610,.T.);
#1612=ORIENTED_EDGE('',*,*,#1611,.F.);
#1613=CARTESIAN_POINT('',(-30.423115093,31.,16.561943452));
#1614=VERTEX_POINT('',#1613);
#1615=CARTESIAN_POINT('',(-30.423115093,31.,16.561943452));
#1616=DIRECTION('',(-1.,0.,0.));
#1617=VECTOR('',#1616,8.5);
#1618=LINE('',#1615,#1617);
#1619=EDGE_CURVE('',#1614,#1606,#1618,.T.);
#1620=ORIENTED_EDGE('',*,*,#1619,.F.);
#1621=CARTESIAN_POINT('',(-30.423115093,31.,15.240574331));
#1622=VERTEX_POINT('',#1621);
#1623=CARTESIAN_POINT('',(-30.423115093,31.,15.240574331));
#1624=DIRECTION('',(0.,-0.,1.));
#1625=VECTOR('',#1624,1.321369121);
#1626=LINE('',#1623,#1625);
#1627=EDGE_CURVE('',#1622,#1614,#1626,.T.);
#1628=ORIENTED_EDGE('',*,*,#1627,.F.);
#1629=CARTESIAN_POINT('',(-38.923115093,31.,15.240574331));
#1630=VERTEX_POINT('',#1629);
#1631=CARTESIAN_POINT('',(-30.423115093,31.,15.240574331));
#1632=DIRECTION('',(-1.,0.,0.));
#1633=VECTOR('',#1632,8.5);
#1634=LINE('',#1631,#1633);
#1635=EDGE_CURVE('',#1622,#1630,#1634,.T.);
#1636=ORIENTED_EDGE('',*,*,#1635,.T.);
#1637=CARTESIAN_POINT('',(-38.923115093,31.,14.632187236));
#1638=VERTEX_POINT('',#1637);
#1639=CARTESIAN_POINT('',(-38.923115093,31.,14.632187236));
#1640=DIRECTION('',(0.,-0.,1.));
#1641=VECTOR('',#1640,0.608387096);
#1642=LINE('',#1639,#1641);
#1643=EDGE_CURVE('',#1638,#1630,#1642,.T.);
#1644=ORIENTED_EDGE('',*,*,#1643,.F.);
#1645=CARTESIAN_POINT('',(-30.423115093,31.,14.632187236));
#1646=VERTEX_POINT('',#1645);
#1647=CARTESIAN_POINT('',(-30.423115093,31.,14.632187236));
#1648=DIRECTION('',(-1.,0.,0.));
#1649=VECTOR('',#1648,8.5);
#1650=LINE('',#1647,#1649);
#1651=EDGE_CURVE('',#1646,#1638,#1650,.T.);
#1652=ORIENTED_EDGE('',*,*,#1651,.F.);
#1653=CARTESIAN_POINT('',(-30.423115093,31.,13.333324879));
#1654=VERTEX_POINT('',#1653);
#1655=CARTESIAN_POINT('',(-30.423115093,31.,13.333324879));
#1656=DIRECTION('',(0.,-0.,1.));
#1657=VECTOR('',#1656,1.298862357);
#1658=LINE('',#1655,#1657);
#1659=EDGE_CURVE('',#1654,#1646,#1658,.T.);
#1660=ORIENTED_EDGE('',*,*,#1659,.F.);
#1661=CARTESIAN_POINT('',(-38.923115093,31.,13.333324879));
#1662=VERTEX_POINT('',#1661);
#1663=CARTESIAN_POINT('',(-30.423115093,31.,13.333324879));
#1664=DIRECTION('',(-1.,0.,0.));
#1665=VECTOR('',#1664,8.5);
#1666=LINE('',#1663,#1665);
#1667=EDGE_CURVE('',#1654,#1662,#1666,.T.);
#1668=ORIENTED_EDGE('',*,*,#1667,.T.);
#1669=CARTESIAN_POINT('',(-38.923115093,31.,12.765222879));
#1670=VERTEX_POINT('',#1669);
#1671=CARTESIAN_POINT('',(-38.923115093,31.,12.765222879));
#1672=DIRECTION('',(0.,-0.,1.));
#1673=VECTOR('',#1672,0.568102);
#1674=LINE('',#1671,#1673);
#1675=EDGE_CURVE('',#1670,#1662,#1674,.T.);
#1676=ORIENTED_EDGE('',*,*,#1675,.F.);
#1677=CARTESIAN_POINT('',(-30.423115093,31.,12.765222879));
#1678=VERTEX_POINT('',#1677);
#1679=CARTESIAN_POINT('',(-30.423115093,31.,12.765222879));
#1680=DIRECTION('',(-1.,0.,0.));
#1681=VECTOR('',#1680,8.5);
#1682=LINE('',#1679,#1681);
#1683=EDGE_CURVE('',#1678,#1670,#1682,.T.);
#1684=ORIENTED_EDGE('',*,*,#1683,.F.);
#1685=CARTESIAN_POINT('',(-30.423115093,31.,11.486174244));
#1686=VERTEX_POINT('',#1685);
#1687=CARTESIAN_POINT('',(-30.423115093,31.,11.486174244));
#1688=DIRECTION('',(0.,-0.,1.));
#1689=VECTOR('',#1688,1.279048634);
#1690=LINE('',#1687,#1689);
#1691=EDGE_CURVE('',#1686,#1678,#1690,.T.);
#1692=ORIENTED_EDGE('',*,*,#1691,.F.);
#1693=CARTESIAN_POINT('',(-38.923115093,31.,11.486174244));
#1694=VERTEX_POINT('',#1693);
#1695=CARTESIAN_POINT('',(-30.423115093,31.,11.486174244));
#1696=DIRECTION('',(-1.,0.,0.));
#1697=VECTOR('',#1696,8.5);
#1698=LINE('',#1695,#1697);
#1699=EDGE_CURVE('',#1686,#1694,#1698,.T.);
#1700=ORIENTED_EDGE('',*,*,#1699,.T.);
#1701=CARTESIAN_POINT('',(-38.923115093,31.,10.952580857));
#1702=VERTEX_POINT('',#1701);
#1703=CARTESIAN_POINT('',(-38.923115093,31.,10.952580857));
#1704=DIRECTION('',(0.,-0.,1.));
#1705=VECTOR('',#1704,0.533593388);
#1706=LINE('',#1703,#1705);
#1707=EDGE_CURVE('',#1702,#1694,#1706,.T.);
#1708=ORIENTED_EDGE('',*,*,#1707,.F.);
#1709=CARTESIAN_POINT('',(-30.423115093,31.,10.952580857));
#1710=VERTEX_POINT('',#1709);
#1711=CARTESIAN_POINT('',(-30.423115093,31.,10.952580857));
#1712=DIRECTION('',(-1.,0.,0.));
#1713=VECTOR('',#1712,8.5);
#1714=LINE('',#1711,#1713);
#1715=EDGE_CURVE('',#1710,#1702,#1714,.T.);
#1716=ORIENTED_EDGE('',*,*,#1715,.F.);
#1717=CARTESIAN_POINT('',(-30.423115093,31.,9.690834234));
#1718=VERTEX_POINT('',#1717);
#1719=CARTESIAN_POINT('',(-30.423115093,31.,9.690834234));
#1720=DIRECTION('',(0.,-0.,1.));
#1721=VECTOR('',#1720,1.261746622);
#1722=LINE('',#1719,#1721);
#1723=EDGE_CURVE('',#1718,#1710,#1722,.T.);
#1724=ORIENTED_EDGE('',*,*,#1723,.F.);
#1725=CARTESIAN_POINT('',(-38.923115093,31.,9.690834234));
#1726=VERTEX_POINT('',#1725);
#1727=CARTESIAN_POINT('',(-30.423115093,31.,9.690834234));
#1728=DIRECTION('',(-1.,0.,0.));
#1729=VECTOR('',#1728,8.5);
#1730=LINE('',#1727,#1729);
#1731=EDGE_CURVE('',#1718,#1726,#1730,.T.);
#1732=ORIENTED_EDGE('',*,*,#1731,.T.);
#1733=CARTESIAN_POINT('',(-38.923115093,31.,9.186597541));
#1734=VERTEX_POINT('',#1733);
#1735=CARTESIAN_POINT('',(-38.923115093,31.,9.186597541));
#1736=DIRECTION('',(0.,-0.,1.));
#1737=VECTOR('',#1736,0.504236693);
#1738=LINE('',#1735,#1737);
#1739=EDGE_CURVE('',#1734,#1726,#1738,.T.);
#1740=ORIENTED_EDGE('',*,*,#1739,.F.);
#1741=CARTESIAN_POINT('',(-30.423115093,31.,9.186597541));
#1742=VERTEX_POINT('',#1741);
#1743=CARTESIAN_POINT('',(-30.423115093,31.,9.186597541));
#1744=DIRECTION('',(-1.,0.,0.));
#1745=VECTOR('',#1744,8.5);
#1746=LINE('',#1743,#1745);
#1747=EDGE_CURVE('',#1742,#1734,#1746,.T.);
#1748=ORIENTED_EDGE('',*,*,#1747,.F.);
#1749=CARTESIAN_POINT('',(-30.423115093,31.,7.93979426));
#1750=VERTEX_POINT('',#1749);
#1751=CARTESIAN_POINT('',(-30.423115093,31.,7.93979426));
#1752=DIRECTION('',(0.,-0.,1.));
#1753=VECTOR('',#1752,1.246803281);
#1754=LINE('',#1751,#1753);
#1755=EDGE_CURVE('',#1750,#1742,#1754,.T.);
#1756=ORIENTED_EDGE('',*,*,#1755,.F.);
#1757=CARTESIAN_POINT('',(-38.923115093,31.,7.93979426));
#1758=VERTEX_POINT('',#1757);
#1759=CARTESIAN_POINT('',(-30.423115093,31.,7.93979426));
#1760=DIRECTION('',(-1.,0.,0.));
#1761=VECTOR('',#1760,8.5);
#1762=LINE('',#1759,#1761);
#1763=EDGE_CURVE('',#1750,#1758,#1762,.T.);
#1764=ORIENTED_EDGE('',*,*,#1763,.T.);
#1765=CARTESIAN_POINT('',(-38.923115093,31.,7.460274303));
#1766=VERTEX_POINT('',#1765);
#1767=CARTESIAN_POINT('',(-38.923115093,31.,7.460274303));
#1768=DIRECTION('',(0.,-0.,1.));
#1769=VECTOR('',#1768,0.479519957);
#1770=LINE('',#1767,#1769);
#1771=EDGE_CURVE('',#1766,#1758,#1770,.T.);
#1772=ORIENTED_EDGE('',*,*,#1771,.F.);
#1773=CARTESIAN_POINT('',(-30.423115093,31.,7.460274303));
#1774=VERTEX_POINT('',#1773);
#1775=CARTESIAN_POINT('',(-30.423115093,31.,7.460274303));
#1776=DIRECTION('',(-1.,0.,0.));
#1777=VECTOR('',#1776,8.5);
#1778=LINE('',#1775,#1777);
#1779=EDGE_CURVE('',#1774,#1766,#1778,.T.);
#1780=ORIENTED_EDGE('',*,*,#1779,.F.);
#1781=CARTESIAN_POINT('',(-30.423115093,31.,6.226183941));
#1782=VERTEX_POINT('',#1781);
#1783=CARTESIAN_POINT('',(-30.423115093,31.,6.226183941));
#1784=DIRECTION('',(0.,-0.,1.));
#1785=VECTOR('',#1784,1.234090362);
#1786=LINE('',#1783,#1785);
#1787=EDGE_CURVE('',#1782,#1774,#1786,.T.);
#1788=ORIENTED_EDGE('',*,*,#1787,.F.);
#1789=CARTESIAN_POINT('',(-38.923115093,31.,6.226183941));
#1790=VERTEX_POINT('',#1789);
#1791=CARTESIAN_POINT('',(-30.423115093,31.,6.226183941));
#1792=DIRECTION('',(-1.,0.,0.));
#1793=VECTOR('',#1792,8.5);
#1794=LINE('',#1791,#1793);
#1795=EDGE_CURVE('',#1782,#1790,#1794,.T.);
#1796=ORIENTED_EDGE('',*,*,#1795,.T.);
#1797=CARTESIAN_POINT('',(-38.923115093,31.,5.767157856));
#1798=VERTEX_POINT('',#1797);
#1799=CARTESIAN_POINT('',(-38.923115093,31.,5.767157856));
#1800=DIRECTION('',(0.,-0.,1.));
#1801=VECTOR('',#1800,0.459026085);
#1802=LINE('',#1799,#1801);
#1803=EDGE_CURVE('',#1798,#1790,#1802,.T.);
#1804=ORIENTED_EDGE('',*,*,#1803,.F.);
#1805=CARTESIAN_POINT('',(-30.423115093,31.,5.767157856));
#1806=VERTEX_POINT('',#1805);
#1807=CARTESIAN_POINT('',(-30.423115093,31.,5.767157856));
#1808=DIRECTION('',(-1.,0.,0.));
#1809=VECTOR('',#1808,8.5);
#1810=LINE('',#1807,#1809);
#1811=EDGE_CURVE('',#1806,#1798,#1810,.T.);
#1812=ORIENTED_EDGE('',*,*,#1811,.F.);
#1813=CARTESIAN_POINT('',(-30.423115093,31.,4.543656269));
#1814=VERTEX_POINT('',#1813);
#1815=CARTESIAN_POINT('',(-30.423115093,31.,4.543656269));
#1816=DIRECTION('',(0.,-0.,1.));
#1817=VECTOR('',#1816,1.223501587);
#1818=LINE('',#1815,#1817);
#1819=EDGE_CURVE('',#1814,#1806,#1818,.T.);
#1820=ORIENTED_EDGE('',*,*,#1819,.F.);
#1821=CARTESIAN_POINT('',(-38.923115093,31.,4.543656269));
#1822=VERTEX_POINT('',#1821);
#1823=CARTESIAN_POINT('',(-30.423115093,31.,4.543656269));
#1824=DIRECTION('',(-1.,0.,0.));
#1825=VECTOR('',#1824,8.5);
#1826=LINE('',#1823,#1825);
#1827=EDGE_CURVE('',#1814,#1822,#1826,.T.);
#1828=ORIENTED_EDGE('',*,*,#1827,.T.);
#1829=CARTESIAN_POINT('',(-38.923115093,31.,4.101237255));
#1830=VERTEX_POINT('',#1829);
#1831=CARTESIAN_POINT('',(-38.923115093,31.,4.101237255));
#1832=DIRECTION('',(0.,-0.,1.));
#1833=VECTOR('',#1832,0.442419015);
#1834=LINE('',#1831,#1833);
#1835=EDGE_CURVE('',#1830,#1822,#1834,.T.);
#1836=ORIENTED_EDGE('',*,*,#1835,.F.);
#1837=CARTESIAN_POINT('',(-30.423115093,31.,4.101237255));
#1838=VERTEX_POINT('',#1837);
#1839=CARTESIAN_POINT('',(-30.423115093,31.,4.101237255));
#1840=DIRECTION('',(-1.,0.,0.));
#1841=VECTOR('',#1840,8.5);
#1842=LINE('',#1839,#1841);
#1843=EDGE_CURVE('',#1838,#1830,#1842,.T.);
#1844=ORIENTED_EDGE('',*,*,#1843,.F.);
#1845=CARTESIAN_POINT('',(-30.423115093,31.,2.886286852));
#1846=VERTEX_POINT('',#1845);
#1847=CARTESIAN_POINT('',(-30.423115093,31.,2.886286852));
#1848=DIRECTION('',(0.,-0.,1.));
#1849=VECTOR('',#1848,1.214950402);
#1850=LINE('',#1847,#1849);
#1851=EDGE_CURVE('',#1846,#1838,#1850,.T.);
#1852=ORIENTED_EDGE('',*,*,#1851,.F.);
#1853=CARTESIAN_POINT('',(-38.923115093,31.,2.886286852));
#1854=VERTEX_POINT('',#1853);
#1855=CARTESIAN_POINT('',(-30.423115093,31.,2.886286852));
#1856=DIRECTION('',(-1.,0.,0.));
#1857=VECTOR('',#1856,8.5);
#1858=LINE('',#1855,#1857);
#1859=EDGE_CURVE('',#1846,#1854,#1858,.T.);
#1860=ORIENTED_EDGE('',*,*,#1859,.T.);
#1861=CARTESIAN_POINT('',(-38.923115093,31.,2.456853887));
#1862=VERTEX_POINT('',#1861);
#1863=CARTESIAN_POINT('',(-38.923115093,31.,2.456853887));
#1864=DIRECTION('',(0.,-0.,1.));
#1865=VECTOR('',#1864,0.429432965);
#1866=LINE('',#1863,#1865);
#1867=EDGE_CURVE('',#1862,#1854,#1866,.T.);
#1868=ORIENTED_EDGE('',*,*,#1867,.F.);
#1869=CARTESIAN_POINT('',(-30.423115093,31.,2.456853887));
#1870=VERTEX_POINT('',#1869);
#1871=CARTESIAN_POINT('',(-30.423115093,31.,2.456853887));
#1872=DIRECTION('',(-1.,0.,0.));
#1873=VECTOR('',#1872,8.5);
#1874=LINE('',#1871,#1873);
#1875=EDGE_CURVE('',#1870,#1862,#1874,.T.);
#1876=ORIENTED_EDGE('',*,*,#1875,.F.);
#1877=CARTESIAN_POINT('',(-30.423115093,31.,1.248485684));
#1878=VERTEX_POINT('',#1877);
#1879=CARTESIAN_POINT('',(-30.423115093,31.,1.248485684));
#1880=DIRECTION('',(0.,-0.,1.));
#1881=VECTOR('',#1880,1.208368203);
#1882=LINE('',#1879,#1881);
#1883=EDGE_CURVE('',#1878,#1870,#1882,.T.);
#1884=ORIENTED_EDGE('',*,*,#1883,.F.);
#1885=CARTESIAN_POINT('',(-38.923115093,31.,1.248485684));
#1886=VERTEX_POINT('',#1885);
#1887=CARTESIAN_POINT('',(-30.423115093,31.,1.248485684));
#1888=DIRECTION('',(-1.,0.,0.));
#1889=VECTOR('',#1888,8.5);
#1890=LINE('',#1887,#1889);
#1891=EDGE_CURVE('',#1878,#1886,#1890,.T.);
#1892=ORIENTED_EDGE('',*,*,#1891,.T.);
#1893=CARTESIAN_POINT('',(-38.923115093,31.,0.828621461));
#1894=VERTEX_POINT('',#1893);
#1895=CARTESIAN_POINT('',(-38.923115093,31.,0.828621461));
#1896=DIRECTION('',(0.,-0.,1.));
#1897=VECTOR('',#1896,0.419864223);
#1898=LINE('',#1895,#1897);
#1899=EDGE_CURVE('',#1894,#1886,#1898,.T.);
#1900=ORIENTED_EDGE('',*,*,#1899,.F.);
#1901=CARTESIAN_POINT('',(-30.423115093,31.,0.828621461));
#1902=VERTEX_POINT('',#1901);
#1903=CARTESIAN_POINT('',(-30.423115093,31.,0.828621461));
#1904=DIRECTION('',(-1.,0.,0.));
#1905=VECTOR('',#1904,8.5);
#1906=LINE('',#1903,#1905);
#1907=EDGE_CURVE('',#1902,#1894,#1906,.T.);
#1908=ORIENTED_EDGE('',*,*,#1907,.F.);
#1909=CARTESIAN_POINT('',(-30.423115093,31.,-0.375081501));
#1910=VERTEX_POINT('',#1909);
#1911=CARTESIAN_POINT('',(-30.423115093,31.,-0.375081501));
#1912=DIRECTION('',(0.,-0.,1.));
#1913=VECTOR('',#1912,1.203702961);
#1914=LINE('',#1911,#1913);
#1915=EDGE_CURVE('',#1910,#1902,#1914,.T.);
#1916=ORIENTED_EDGE('',*,*,#1915,.F.);
#1917=CARTESIAN_POINT('',(-38.923115093,31.,-0.375081501));
#1918=VERTEX_POINT('',#1917);
#1919=CARTESIAN_POINT('',(-30.423115093,31.,-0.375081501));
#1920=DIRECTION('',(-1.,0.,0.));
#1921=VECTOR('',#1920,8.5);
#1922=LINE('',#1919,#1921);
#1923=EDGE_CURVE('',#1910,#1918,#1922,.T.);
#1924=ORIENTED_EDGE('',*,*,#1923,.T.);
#1925=CARTESIAN_POINT('',(-38.923115093,31.,-0.788646507));
#1926=VERTEX_POINT('',#1925);
#1927=CARTESIAN_POINT('',(-38.923115093,31.,-0.788646507));
#1928=DIRECTION('',(0.,-0.,1.));
#1929=VECTOR('',#1928,0.413565006);
#1930=LINE('',#1927,#1929);
#1931=EDGE_CURVE('',#1926,#1918,#1930,.T.);
#1932=ORIENTED_EDGE('',*,*,#1931,.F.);
#1933=CARTESIAN_POINT('',(-30.423115093,31.,-0.788646507));
#1934=VERTEX_POINT('',#1933);
#1935=CARTESIAN_POINT('',(-30.423115093,31.,-0.788646507));
#1936=DIRECTION('',(-1.,0.,0.));
#1937=VECTOR('',#1936,8.5);
#1938=LINE('',#1935,#1937);
#1939=EDGE_CURVE('',#1934,#1926,#1938,.T.);
#1940=ORIENTED_EDGE('',*,*,#1939,.F.);
#1941=CARTESIAN_POINT('',(-30.423115093,31.,-1.989564718));
#1942=VERTEX_POINT('',#1941);
#1943=CARTESIAN_POINT('',(-30.423115093,31.,-1.989564718));
#1944=DIRECTION('',(0.,-0.,1.));
#1945=VECTOR('',#1944,1.200918211);
#1946=LINE('',#1943,#1945);
#1947=EDGE_CURVE('',#1942,#1934,#1946,.T.);
#1948=ORIENTED_EDGE('',*,*,#1947,.F.);
#1949=CARTESIAN_POINT('',(-38.923115093,31.,-1.989564718));
#1950=VERTEX_POINT('',#1949);
#1951=CARTESIAN_POINT('',(-30.423115093,31.,-1.989564718));
#1952=DIRECTION('',(-1.,0.,0.));
#1953=VECTOR('',#1952,8.5);
#1954=LINE('',#1951,#1953);
#1955=EDGE_CURVE('',#1942,#1950,#1954,.T.);
#1956=ORIENTED_EDGE('',*,*,#1955,.T.);
#1957=CARTESIAN_POINT('',(-38.923115093,31.,-2.400003827));
#1958=VERTEX_POINT('',#1957);
#1959=CARTESIAN_POINT('',(-38.923115093,31.,-2.400003827));
#1960=DIRECTION('',(0.,-0.,1.));
#1961=VECTOR('',#1960,0.410439108);
#1962=LINE('',#1959,#1961);
#1963=EDGE_CURVE('',#1958,#1950,#1962,.T.);
#1964=ORIENTED_EDGE('',*,*,#1963,.F.);
#1965=CARTESIAN_POINT('',(-30.423115093,31.,-2.400003827));
#1966=VERTEX_POINT('',#1965);
#1967=CARTESIAN_POINT('',(-30.423115093,31.,-2.400003827));
#1968=DIRECTION('',(-1.,0.,0.));
#1969=VECTOR('',#1968,8.5);
#1970=LINE('',#1967,#1969);
#1971=EDGE_CURVE('',#1966,#1958,#1970,.T.);
#1972=ORIENTED_EDGE('',*,*,#1971,.F.);
#1973=CARTESIAN_POINT('',(-30.423115093,31.,-3.599996173));
#1974=VERTEX_POINT('',#1973);
#1975=CARTESIAN_POINT('',(-30.423115093,31.,-3.599996173));
#1976=DIRECTION('',(0.,-0.,1.));
#1977=VECTOR('',#1976,1.199992347);
#1978=LINE('',#1975,#1977);
#1979=EDGE_CURVE('',#1974,#1966,#1978,.T.);
#1980=ORIENTED_EDGE('',*,*,#1979,.F.);
#1981=CARTESIAN_POINT('',(-38.923115093,31.,-3.599996173));
#1982=VERTEX_POINT('',#1981);
#1983=CARTESIAN_POINT('',(-30.423115093,31.,-3.599996173));
#1984=DIRECTION('',(-1.,0.,0.));
#1985=VECTOR('',#1984,8.5);
#1986=LINE('',#1983,#1985);
#1987=EDGE_CURVE('',#1974,#1982,#1986,.T.);
#1988=ORIENTED_EDGE('',*,*,#1987,.T.);
#1989=CARTESIAN_POINT('',(-38.923115093,31.,-4.010435282));
#1990=VERTEX_POINT('',#1989);
#1991=CARTESIAN_POINT('',(-38.923115093,31.,-4.010435282));
#1992=DIRECTION('',(0.,-0.,1.));
#1993=VECTOR('',#1992,0.410439108);
#1994=LINE('',#1991,#1993);
#1995=EDGE_CURVE('',#1990,#1982,#1994,.T.);
#1996=ORIENTED_EDGE('',*,*,#1995,.F.);
#1997=CARTESIAN_POINT('',(-30.423115093,31.,-4.010435282));
#1998=VERTEX_POINT('',#1997);
#1999=CARTESIAN_POINT('',(-30.423115093,31.,-4.010435282));
#2000=DIRECTION('',(-1.,0.,0.));
#2001=VECTOR('',#2000,8.5);
#2002=LINE('',#1999,#2001);
#2003=EDGE_CURVE('',#1998,#1990,#2002,.T.);
#2004=ORIENTED_EDGE('',*,*,#2003,.F.);
#2005=CARTESIAN_POINT('',(-30.423115093,31.,-5.211353493));
#2006=VERTEX_POINT('',#2005);
#2007=CARTESIAN_POINT('',(-30.423115093,31.,-5.211353493));
#2008=DIRECTION('',(0.,-0.,1.));
#2009=VECTOR('',#2008,1.200918211);
#2010=LINE('',#2007,#2009);
#2011=EDGE_CURVE('',#2006,#1998,#2010,.T.);
#2012=ORIENTED_EDGE('',*,*,#2011,.F.);
#2013=CARTESIAN_POINT('',(-38.923115093,31.,-5.211353493));
#2014=VERTEX_POINT('',#2013);
#2015=CARTESIAN_POINT('',(-30.423115093,31.,-5.211353493));
#2016=DIRECTION('',(-1.,0.,0.));
#2017=VECTOR('',#2016,8.5);
#2018=LINE('',#2015,#2017);
#2019=EDGE_CURVE('',#2006,#2014,#2018,.T.);
#2020=ORIENTED_EDGE('',*,*,#2019,.T.);
#2021=CARTESIAN_POINT('',(-38.923115093,31.,-5.624918499));
#2022=VERTEX_POINT('',#2021);
#2023=CARTESIAN_POINT('',(-38.923115093,31.,-5.624918499));
#2024=DIRECTION('',(0.,-0.,1.));
#2025=VECTOR('',#2024,0.413565006);
#2026=LINE('',#2023,#2025);
#2027=EDGE_CURVE('',#2022,#2014,#2026,.T.);
#2028=ORIENTED_EDGE('',*,*,#2027,.F.);
#2029=CARTESIAN_POINT('',(-30.423115093,31.,-5.624918499));
#2030=VERTEX_POINT('',#2029);
#2031=CARTESIAN_POINT('',(-30.423115093,31.,-5.624918499));
#2032=DIRECTION('',(-1.,0.,0.));
#2033=VECTOR('',#2032,8.5);
#2034=LINE('',#2031,#2033);
#2035=EDGE_CURVE('',#2030,#2022,#2034,.T.);
#2036=ORIENTED_EDGE('',*,*,#2035,.F.);
#2037=CARTESIAN_POINT('',(-30.423115093,31.,-6.828621461));
#2038=VERTEX_POINT('',#2037);
#2039=CARTESIAN_POINT('',(-30.423115093,31.,-6.828621461));
#2040=DIRECTION('',(0.,-0.,1.));
#2041=VECTOR('',#2040,1.203702961);
#2042=LINE('',#2039,#2041);
#2043=EDGE_CURVE('',#2038,#2030,#2042,.T.);
#2044=ORIENTED_EDGE('',*,*,#2043,.F.);
#2045=CARTESIAN_POINT('',(-38.923115093,31.,-6.828621461));
#2046=VERTEX_POINT('',#2045);
#2047=CARTESIAN_POINT('',(-30.423115093,31.,-6.828621461));
#2048=DIRECTION('',(-1.,0.,0.));
#2049=VECTOR('',#2048,8.5);
#2050=LINE('',#2047,#2049);
#2051=EDGE_CURVE('',#2038,#2046,#2050,.T.);
#2052=ORIENTED_EDGE('',*,*,#2051,.T.);
#2053=CARTESIAN_POINT('',(-38.923115093,31.,-7.248485684));
#2054=VERTEX_POINT('',#2053);
#2055=CARTESIAN_POINT('',(-38.923115093,31.,-7.248485684));
#2056=DIRECTION('',(0.,-0.,1.));
#2057=VECTOR('',#2056,0.419864223);
#2058=LINE('',#2055,#2057);
#2059=EDGE_CURVE('',#2054,#2046,#2058,.T.);
#2060=ORIENTED_EDGE('',*,*,#2059,.F.);
#2061=CARTESIAN_POINT('',(-30.423115093,31.,-7.248485684));
#2062=VERTEX_POINT('',#2061);
#2063=CARTESIAN_POINT('',(-30.423115093,31.,-7.248485684));
#2064=DIRECTION('',(-1.,0.,0.));
#2065=VECTOR('',#2064,8.5);
#2066=LINE('',#2063,#2065);
#2067=EDGE_CURVE('',#2062,#2054,#2066,.T.);
#2068=ORIENTED_EDGE('',*,*,#2067,.F.);
#2069=CARTESIAN_POINT('',(-30.423115093,31.,-8.456853887));
#2070=VERTEX_POINT('',#2069);
#2071=CARTESIAN_POINT('',(-30.423115093,31.,-8.456853887));
#2072=DIRECTION('',(0.,-0.,1.));
#2073=VECTOR('',#2072,1.208368203);
#2074=LINE('',#2071,#2073);
#2075=EDGE_CURVE('',#2070,#2062,#2074,.T.);
#2076=ORIENTED_EDGE('',*,*,#2075,.F.);
#2077=CARTESIAN_POINT('',(-38.923115093,31.,-8.456853887));
#2078=VERTEX_POINT('',#2077);
#2079=CARTESIAN_POINT('',(-30.423115093,31.,-8.456853887));
#2080=DIRECTION('',(-1.,0.,0.));
#2081=VECTOR('',#2080,8.5);
#2082=LINE('',#2079,#2081);
#2083=EDGE_CURVE('',#2070,#2078,#2082,.T.);
#2084=ORIENTED_EDGE('',*,*,#2083,.T.);
#2085=CARTESIAN_POINT('',(-38.923115093,31.,-8.886286852));
#2086=VERTEX_POINT('',#2085);
#2087=CARTESIAN_POINT('',(-38.923115093,31.,-8.886286852));
#2088=DIRECTION('',(0.,-0.,1.));
#2089=VECTOR('',#2088,0.429432965);
#2090=LINE('',#2087,#2089);
#2091=EDGE_CURVE('',#2086,#2078,#2090,.T.);
#2092=ORIENTED_EDGE('',*,*,#2091,.F.);
#2093=CARTESIAN_POINT('',(-30.423115093,31.,-8.886286852));
#2094=VERTEX_POINT('',#2093);
#2095=CARTESIAN_POINT('',(-30.423115093,31.,-8.886286852));
#2096=DIRECTION('',(-1.,0.,0.));
#2097=VECTOR('',#2096,8.5);
#2098=LINE('',#2095,#2097);
#2099=EDGE_CURVE('',#2094,#2086,#2098,.T.);
#2100=ORIENTED_EDGE('',*,*,#2099,.F.);
#2101=CARTESIAN_POINT('',(-30.423115093,31.,-10.101237255));
#2102=VERTEX_POINT('',#2101);
#2103=CARTESIAN_POINT('',(-30.423115093,31.,-10.101237255));
#2104=DIRECTION('',(0.,-0.,1.));
#2105=VECTOR('',#2104,1.214950402);
#2106=LINE('',#2103,#2105);
#2107=EDGE_CURVE('',#2102,#2094,#2106,.T.);
#2108=ORIENTED_EDGE('',*,*,#2107,.F.);
#2109=CARTESIAN_POINT('',(-38.923115093,31.,-10.101237255));
#2110=VERTEX_POINT('',#2109);
#2111=CARTESIAN_POINT('',(-30.423115093,31.,-10.101237255));
#2112=DIRECTION('',(-1.,0.,0.));
#2113=VECTOR('',#2112,8.5);
#2114=LINE('',#2111,#2113);
#2115=EDGE_CURVE('',#2102,#2110,#2114,.T.);
#2116=ORIENTED_EDGE('',*,*,#2115,.T.);
#2117=CARTESIAN_POINT('',(-38.923115093,31.,-10.543656269));
#2118=VERTEX_POINT('',#2117);
#2119=CARTESIAN_POINT('',(-38.923115093,31.,-10.543656269));
#2120=DIRECTION('',(0.,-0.,1.));
#2121=VECTOR('',#2120,0.442419015);
#2122=LINE('',#2119,#2121);
#2123=EDGE_CURVE('',#2118,#2110,#2122,.T.);
#2124=ORIENTED_EDGE('',*,*,#2123,.F.);
#2125=CARTESIAN_POINT('',(-30.423115093,31.,-10.543656269));
#2126=VERTEX_POINT('',#2125);
#2127=CARTESIAN_POINT('',(-30.423115093,31.,-10.543656269));
#2128=DIRECTION('',(-1.,0.,0.));
#2129=VECTOR('',#2128,8.5);
#2130=LINE('',#2127,#2129);
#2131=EDGE_CURVE('',#2126,#2118,#2130,.T.);
#2132=ORIENTED_EDGE('',*,*,#2131,.F.);
#2133=CARTESIAN_POINT('',(-30.423115093,31.,-11.767157856));
#2134=VERTEX_POINT('',#2133);
#2135=CARTESIAN_POINT('',(-30.423115093,31.,-11.767157856));
#2136=DIRECTION('',(0.,-0.,1.));
#2137=VECTOR('',#2136,1.223501587);
#2138=LINE('',#2135,#2137);
#2139=EDGE_CURVE('',#2134,#2126,#2138,.T.);
#2140=ORIENTED_EDGE('',*,*,#2139,.F.);
#2141=CARTESIAN_POINT('',(-38.923115093,31.,-11.767157856));
#2142=VERTEX_POINT('',#2141);
#2143=CARTESIAN_POINT('',(-30.423115093,31.,-11.767157856));
#2144=DIRECTION('',(-1.,0.,0.));
#2145=VECTOR('',#2144,8.5);
#2146=LINE('',#2143,#2145);
#2147=EDGE_CURVE('',#2134,#2142,#2146,.T.);
#2148=ORIENTED_EDGE('',*,*,#2147,.T.);
#2149=CARTESIAN_POINT('',(-38.923115093,31.,-12.226183941));
#2150=VERTEX_POINT('',#2149);
#2151=CARTESIAN_POINT('',(-38.923115093,31.,-12.226183941));
#2152=DIRECTION('',(0.,-0.,1.));
#2153=VECTOR('',#2152,0.459026085);
#2154=LINE('',#2151,#2153);
#2155=EDGE_CURVE('',#2150,#2142,#2154,.T.);
#2156=ORIENTED_EDGE('',*,*,#2155,.F.);
#2157=CARTESIAN_POINT('',(-30.423115093,31.,-12.226183941));
#2158=VERTEX_POINT('',#2157);
#2159=CARTESIAN_POINT('',(-30.423115093,31.,-12.226183941));
#2160=DIRECTION('',(-1.,0.,0.));
#2161=VECTOR('',#2160,8.5);
#2162=LINE('',#2159,#2161);
#2163=EDGE_CURVE('',#2158,#2150,#2162,.T.);
#2164=ORIENTED_EDGE('',*,*,#2163,.F.);
#2165=CARTESIAN_POINT('',(-30.423115093,31.,-13.460274303));
#2166=VERTEX_POINT('',#2165);
#2167=CARTESIAN_POINT('',(-30.423115093,31.,-13.460274303));
#2168=DIRECTION('',(0.,-0.,1.));
#2169=VECTOR('',#2168,1.234090362);
#2170=LINE('',#2167,#2169);
#2171=EDGE_CURVE('',#2166,#2158,#2170,.T.);
#2172=ORIENTED_EDGE('',*,*,#2171,.F.);
#2173=CARTESIAN_POINT('',(-38.923115093,31.,-13.460274303));
#2174=VERTEX_POINT('',#2173);
#2175=CARTESIAN_POINT('',(-30.423115093,31.,-13.460274303));
#2176=DIRECTION('',(-1.,0.,0.));
#2177=VECTOR('',#2176,8.5);
#2178=LINE('',#2175,#2177);
#2179=EDGE_CURVE('',#2166,#2174,#2178,.T.);
#2180=ORIENTED_EDGE('',*,*,#2179,.T.);
#2181=CARTESIAN_POINT('',(-38.923115093,31.,-13.93979426));
#2182=VERTEX_POINT('',#2181);
#2183=CARTESIAN_POINT('',(-38.923115093,31.,-13.93979426));
#2184=DIRECTION('',(0.,-0.,1.));
#2185=VECTOR('',#2184,0.479519957);
#2186=LINE('',#2183,#2185);
#2187=EDGE_CURVE('',#2182,#2174,#2186,.T.);
#2188=ORIENTED_EDGE('',*,*,#2187,.F.);
#2189=CARTESIAN_POINT('',(-30.423115093,31.,-13.93979426));
#2190=VERTEX_POINT('',#2189);
#2191=CARTESIAN_POINT('',(-30.423115093,31.,-13.93979426));
#2192=DIRECTION('',(-1.,0.,0.));
#2193=VECTOR('',#2192,8.5);
#2194=LINE('',#2191,#2193);
#2195=EDGE_CURVE('',#2190,#2182,#2194,.T.);
#2196=ORIENTED_EDGE('',*,*,#2195,.F.);
#2197=CARTESIAN_POINT('',(-30.423115093,31.,-15.186597541));
#2198=VERTEX_POINT('',#2197);
#2199=CARTESIAN_POINT('',(-30.423115093,31.,-15.186597541));
#2200=DIRECTION('',(0.,-0.,1.));
#2201=VECTOR('',#2200,1.246803281);
#2202=LINE('',#2199,#2201);
#2203=EDGE_CURVE('',#2198,#2190,#2202,.T.);
#2204=ORIENTED_EDGE('',*,*,#2203,.F.);
#2205=CARTESIAN_POINT('',(-38.923115093,31.,-15.186597541));
#2206=VERTEX_POINT('',#2205);
#2207=CARTESIAN_POINT('',(-30.423115093,31.,-15.186597541));
#2208=DIRECTION('',(-1.,0.,0.));
#2209=VECTOR('',#2208,8.5);
#2210=LINE('',#2207,#2209);
#2211=EDGE_CURVE('',#2198,#2206,#2210,.T.);
#2212=ORIENTED_EDGE('',*,*,#2211,.T.);
#2213=CARTESIAN_POINT('',(-38.923115093,31.,-15.690834234));
#2214=VERTEX_POINT('',#2213);
#2215=CARTESIAN_POINT('',(-38.923115093,31.,-15.690834234));
#2216=DIRECTION('',(0.,-0.,1.));
#2217=VECTOR('',#2216,0.504236693);
#2218=LINE('',#2215,#2217);
#2219=EDGE_CURVE('',#2214,#2206,#2218,.T.);
#2220=ORIENTED_EDGE('',*,*,#2219,.F.);
#2221=CARTESIAN_POINT('',(-30.423115093,31.,-15.690834234));
#2222=VERTEX_POINT('',#2221);
#2223=CARTESIAN_POINT('',(-30.423115093,31.,-15.690834234));
#2224=DIRECTION('',(-1.,0.,0.));
#2225=VECTOR('',#2224,8.5);
#2226=LINE('',#2223,#2225);
#2227=EDGE_CURVE('',#2222,#2214,#2226,.T.);
#2228=ORIENTED_EDGE('',*,*,#2227,.F.);
#2229=CARTESIAN_POINT('',(-30.423115093,31.,-16.952580857));
#2230=VERTEX_POINT('',#2229);
#2231=CARTESIAN_POINT('',(-30.423115093,31.,-16.952580857));
#2232=DIRECTION('',(0.,-0.,1.));
#2233=VECTOR('',#2232,1.261746622);
#2234=LINE('',#2231,#2233);
#2235=EDGE_CURVE('',#2230,#2222,#2234,.T.);
#2236=ORIENTED_EDGE('',*,*,#2235,.F.);
#2237=CARTESIAN_POINT('',(-38.923115093,31.,-16.952580857));
#2238=VERTEX_POINT('',#2237);
#2239=CARTESIAN_POINT('',(-30.423115093,31.,-16.952580857));
#2240=DIRECTION('',(-1.,0.,0.));
#2241=VECTOR('',#2240,8.5);
#2242=LINE('',#2239,#2241);
#2243=EDGE_CURVE('',#2230,#2238,#2242,.T.);
#2244=ORIENTED_EDGE('',*,*,#2243,.T.);
#2245=CARTESIAN_POINT('',(-38.923115093,31.,-17.486174244));
#2246=VERTEX_POINT('',#2245);
#2247=CARTESIAN_POINT('',(-38.923115093,31.,-17.486174244));
#2248=DIRECTION('',(0.,-0.,1.));
#2249=VECTOR('',#2248,0.533593388);
#2250=LINE('',#2247,#2249);
#2251=EDGE_CURVE('',#2246,#2238,#2250,.T.);
#2252=ORIENTED_EDGE('',*,*,#2251,.F.);
#2253=CARTESIAN_POINT('',(-30.423115093,31.,-17.486174244));
#2254=VERTEX_POINT('',#2253);
#2255=CARTESIAN_POINT('',(-30.423115093,31.,-17.486174244));
#2256=DIRECTION('',(-1.,0.,0.));
#2257=VECTOR('',#2256,8.5);
#2258=LINE('',#2255,#2257);
#2259=EDGE_CURVE('',#2254,#2246,#2258,.T.);
#2260=ORIENTED_EDGE('',*,*,#2259,.F.);
#2261=CARTESIAN_POINT('',(-30.423115093,31.,-18.765222879));
#2262=VERTEX_POINT('',#2261);
#2263=CARTESIAN_POINT('',(-30.423115093,31.,-18.765222879));
#2264=DIRECTION('',(0.,-0.,1.));
#2265=VECTOR('',#2264,1.279048634);
#2266=LINE('',#2263,#2265);
#2267=EDGE_CURVE('',#2262,#2254,#2266,.T.);
#2268=ORIENTED_EDGE('',*,*,#2267,.F.);
#2269=CARTESIAN_POINT('',(-38.923115093,31.,-18.765222879));
#2270=VERTEX_POINT('',#2269);
#2271=CARTESIAN_POINT('',(-30.423115093,31.,-18.765222879));
#2272=DIRECTION('',(-1.,0.,0.));
#2273=VECTOR('',#2272,8.5);
#2274=LINE('',#2271,#2273);
#2275=EDGE_CURVE('',#2262,#2270,#2274,.T.);
#2276=ORIENTED_EDGE('',*,*,#2275,.T.);
#2277=CARTESIAN_POINT('',(-38.923115093,31.,-19.333324879));
#2278=VERTEX_POINT('',#2277);
#2279=CARTESIAN_POINT('',(-38.923115093,31.,-19.333324879));
#2280=DIRECTION('',(0.,-0.,1.));
#2281=VECTOR('',#2280,0.568102);
#2282=LINE('',#2279,#2281);
#2283=EDGE_CURVE('',#2278,#2270,#2282,.T.);
#2284=ORIENTED_EDGE('',*,*,#2283,.F.);
#2285=CARTESIAN_POINT('',(-30.423115093,31.,-19.333324879));
#2286=VERTEX_POINT('',#2285);
#2287=CARTESIAN_POINT('',(-30.423115093,31.,-19.333324879));
#2288=DIRECTION('',(-1.,0.,0.));
#2289=VECTOR('',#2288,8.5);
#2290=LINE('',#2287,#2289);
#2291=EDGE_CURVE('',#2286,#2278,#2290,.T.);
#2292=ORIENTED_EDGE('',*,*,#2291,.F.);
#2293=CARTESIAN_POINT('',(-30.423115093,31.,-20.632187236));
#2294=VERTEX_POINT('',#2293);
#2295=CARTESIAN_POINT('',(-30.423115093,31.,-20.632187236));
#2296=DIRECTION('',(0.,-0.,1.));
#2297=VECTOR('',#2296,1.298862357);
#2298=LINE('',#2295,#2297);
#2299=EDGE_CURVE('',#2294,#2286,#2298,.T.);
#2300=ORIENTED_EDGE('',*,*,#2299,.F.);
#2301=CARTESIAN_POINT('',(-38.923115093,31.,-20.632187236));
#2302=VERTEX_POINT('',#2301);
#2303=CARTESIAN_POINT('',(-30.423115093,31.,-20.632187236));
#2304=DIRECTION('',(-1.,0.,0.));
#2305=VECTOR('',#2304,8.5);
#2306=LINE('',#2303,#2305);
#2307=EDGE_CURVE('',#2294,#2302,#2306,.T.);
#2308=ORIENTED_EDGE('',*,*,#2307,.T.);
#2309=CARTESIAN_POINT('',(-38.923115093,31.,-21.240574331));
#2310=VERTEX_POINT('',#2309);
#2311=CARTESIAN_POINT('',(-38.923115093,31.,-21.240574331));
#2312=DIRECTION('',(0.,-0.,1.));
#2313=VECTOR('',#2312,0.608387096);
#2314=LINE('',#2311,#2313);
#2315=EDGE_CURVE('',#2310,#2302,#2314,.T.);
#2316=ORIENTED_EDGE('',*,*,#2315,.F.);
#2317=CARTESIAN_POINT('',(-30.423115093,31.,-21.240574331));
#2318=VERTEX_POINT('',#2317);
#2319=CARTESIAN_POINT('',(-30.423115093,31.,-21.240574331));
#2320=DIRECTION('',(-1.,0.,0.));
#2321=VECTOR('',#2320,8.5);
#2322=LINE('',#2319,#2321);
#2323=EDGE_CURVE('',#2318,#2310,#2322,.T.);
#2324=ORIENTED_EDGE('',*,*,#2323,.F.);
#2325=CARTESIAN_POINT('',(-30.423115093,31.,-22.561943452));
#2326=VERTEX_POINT('',#2325);
#2327=CARTESIAN_POINT('',(-30.423115093,31.,-22.561943452));
#2328=DIRECTION('',(0.,-0.,1.));
#2329=VECTOR('',#2328,1.321369121);
#2330=LINE('',#2327,#2329);
#2331=EDGE_CURVE('',#2326,#2318,#2330,.T.);
#2332=ORIENTED_EDGE('',*,*,#2331,.F.);
#2333=CARTESIAN_POINT('',(-38.923115093,31.,-22.561943452));
#2334=VERTEX_POINT('',#2333);
#2335=CARTESIAN_POINT('',(-30.423115093,31.,-22.561943452));
#2336=DIRECTION('',(-1.,0.,0.));
#2337=VECTOR('',#2336,8.5);
#2338=LINE('',#2335,#2337);
#2339=EDGE_CURVE('',#2326,#2334,#2338,.T.);
#2340=ORIENTED_EDGE('',*,*,#2339,.T.);
#2341=CARTESIAN_POINT('',(-38.923115093,31.,-23.217151981));
#2342=VERTEX_POINT('',#2341);
#2343=CARTESIAN_POINT('',(-38.923115093,31.,-23.217151981));
#2344=DIRECTION('',(0.,-0.,1.));
#2345=VECTOR('',#2344,0.65520853);
#2346=LINE('',#2343,#2345);
#2347=EDGE_CURVE('',#2342,#2334,#2346,.T.);
#2348=ORIENTED_EDGE('',*,*,#2347,.F.);
#2349=CARTESIAN_POINT('',(-30.423115093,31.,-23.217151981));
#2350=VERTEX_POINT('',#2349);
#2351=CARTESIAN_POINT('',(-30.423115093,31.,-23.217151981));
#2352=DIRECTION('',(-1.,0.,0.));
#2353=VECTOR('',#2352,8.5);
#2354=LINE('',#2351,#2353);
#2355=EDGE_CURVE('',#2350,#2342,#2354,.T.);
#2356=ORIENTED_EDGE('',*,*,#2355,.F.);
#2357=CARTESIAN_POINT('',(-30.423115093,31.,-24.563934877));
#2358=VERTEX_POINT('',#2357);
#2359=CARTESIAN_POINT('',(-30.423115093,31.,-24.563934877));
#2360=DIRECTION('',(0.,-0.,1.));
#2361=VECTOR('',#2360,1.346782896);
#2362=LINE('',#2359,#2361);
#2363=EDGE_CURVE('',#2358,#2350,#2362,.T.);
#2364=ORIENTED_EDGE('',*,*,#2363,.F.);
#2365=CARTESIAN_POINT('',(-38.623115093,31.,-24.563934877));
#2366=VERTEX_POINT('',#2365);
#2367=CARTESIAN_POINT('',(-30.423115093,31.,-24.563934877));
#2368=DIRECTION('',(-1.,0.,0.));
#2369=VECTOR('',#2368,8.2);
#2370=LINE('',#2367,#2369);
#2371=EDGE_CURVE('',#2358,#2366,#2370,.T.);
#2372=ORIENTED_EDGE('',*,*,#2371,.T.);
#2373=CARTESIAN_POINT('',(-38.623115093,31.,-25.273425403));
#2374=VERTEX_POINT('',#2373);
#2375=CARTESIAN_POINT('',(-38.623115093,31.,-25.273425403));
#2376=DIRECTION('',(0.,-0.,1.));
#2377=VECTOR('',#2376,0.709490526);
#2378=LINE('',#2375,#2377);
#2379=EDGE_CURVE('',#2374,#2366,#2378,.T.);
#2380=ORIENTED_EDGE('',*,*,#2379,.F.);
#2381=CARTESIAN_POINT('',(-30.423115093,31.,-25.273425403));
#2382=VERTEX_POINT('',#2381);
#2383=CARTESIAN_POINT('',(-30.423115093,31.,-25.273425403));
#2384=DIRECTION('',(-1.,0.,0.));
#2385=VECTOR('',#2384,8.2);
#2386=LINE('',#2383,#2385);
#2387=EDGE_CURVE('',#2382,#2374,#2386,.T.);
#2388=ORIENTED_EDGE('',*,*,#2387,.F.);
#2389=CARTESIAN_POINT('',(-30.423115093,31.,-26.648781092));
#2390=VERTEX_POINT('',#2389);
#2391=CARTESIAN_POINT('',(-30.423115093,31.,-26.648781092));
#2392=DIRECTION('',(0.,-0.,1.));
#2393=VECTOR('',#2392,1.375355689);
#2394=LINE('',#2391,#2393);
#2395=EDGE_CURVE('',#2390,#2382,#2394,.T.);
#2396=ORIENTED_EDGE('',*,*,#2395,.F.);
#2397=CARTESIAN_POINT('',(-38.623115093,31.,-26.648781092));
#2398=VERTEX_POINT('',#2397);
#2399=CARTESIAN_POINT('',(-30.423115093,31.,-26.648781092));
#2400=DIRECTION('',(-1.,0.,0.));
#2401=VECTOR('',#2400,8.2);
#2402=LINE('',#2399,#2401);
#2403=EDGE_CURVE('',#2390,#2398,#2402,.T.);
#2404=ORIENTED_EDGE('',*,*,#2403,.T.);
#2405=CARTESIAN_POINT('',(-38.623115093,31.,-27.421140184));
#2406=VERTEX_POINT('',#2405);
#2407=CARTESIAN_POINT('',(-38.623115093,31.,-27.421140184));
#2408=DIRECTION('',(0.,-0.,1.));
#2409=VECTOR('',#2408,0.772359092);
#2410=LINE('',#2407,#2409);
#2411=EDGE_CURVE('',#2406,#2398,#2410,.T.);
#2412=ORIENTED_EDGE('',*,*,#2411,.F.);
#2413=CARTESIAN_POINT('',(-30.423115093,31.,-27.421140184));
#2414=VERTEX_POINT('',#2413);
#2415=CARTESIAN_POINT('',(-30.423115093,31.,-27.421140184));
#2416=DIRECTION('',(-1.,0.,0.));
#2417=VECTOR('',#2416,8.2);
#2418=LINE('',#2415,#2417);
#2419=EDGE_CURVE('',#2414,#2406,#2418,.T.);
#2420=ORIENTED_EDGE('',*,*,#2419,.F.);
#2421=CARTESIAN_POINT('',(-30.423115093,31.,-28.828524444));
#2422=VERTEX_POINT('',#2421);
#2423=CARTESIAN_POINT('',(-30.423115093,31.,-28.828524444));
#2424=DIRECTION('',(0.,-0.,1.));
#2425=VECTOR('',#2424,1.40738426);
#2426=LINE('',#2423,#2425);
#2427=EDGE_CURVE('',#2422,#2414,#2426,.T.);
#2428=ORIENTED_EDGE('',*,*,#2427,.F.);
#2429=CARTESIAN_POINT('',(-38.623115093,31.,-28.828524444));
#2430=VERTEX_POINT('',#2429);
#2431=CARTESIAN_POINT('',(-30.423115093,31.,-28.828524444));
#2432=DIRECTION('',(-1.,0.,0.));
#2433=VECTOR('',#2432,8.2);
#2434=LINE('',#2431,#2433);
#2435=EDGE_CURVE('',#2422,#2430,#2434,.T.);
#2436=ORIENTED_EDGE('',*,*,#2435,.T.);
#2437=CARTESIAN_POINT('',(-38.623115093,31.,-29.673714893));
#2438=VERTEX_POINT('',#2437);
#2439=CARTESIAN_POINT('',(-38.623115093,31.,-29.673714893));
#2440=DIRECTION('',(0.,-0.,1.));
#2441=VECTOR('',#2440,0.845190449);
#2442=LINE('',#2439,#2441);
#2443=EDGE_CURVE('',#2438,#2430,#2442,.T.);
#2444=ORIENTED_EDGE('',*,*,#2443,.F.);
#2445=CARTESIAN_POINT('',(-30.423115093,31.,-29.673714893));
#2446=VERTEX_POINT('',#2445);
#2447=CARTESIAN_POINT('',(-30.423115093,31.,-29.673714893));
#2448=DIRECTION('',(-1.,0.,0.));
#2449=VECTOR('',#2448,8.2);
#2450=LINE('',#2447,#2449);
#2451=EDGE_CURVE('',#2446,#2438,#2450,.T.);
#2452=ORIENTED_EDGE('',*,*,#2451,.F.);
#2453=CARTESIAN_POINT('',(-30.423115093,31.,-31.116933417));
#2454=VERTEX_POINT('',#2453);
#2455=CARTESIAN_POINT('',(-30.423115093,31.,-31.116933417));
#2456=DIRECTION('',(0.,-0.,1.));
#2457=VECTOR('',#2456,1.443218524);
#2458=LINE('',#2455,#2457);
#2459=EDGE_CURVE('',#2454,#2446,#2458,.T.);
#2460=ORIENTED_EDGE('',*,*,#2459,.F.);
#2461=CARTESIAN_POINT('',(-38.623115093,31.,-31.116933417));
#2462=VERTEX_POINT('',#2461);
#2463=CARTESIAN_POINT('',(-30.423115093,31.,-31.116933417));
#2464=DIRECTION('',(-1.,0.,0.));
#2465=VECTOR('',#2464,8.2);
#2466=LINE('',#2463,#2465);
#2467=EDGE_CURVE('',#2454,#2462,#2466,.T.);
#2468=ORIENTED_EDGE('',*,*,#2467,.T.);
#2469=CARTESIAN_POINT('',(-38.623115093,31.,-32.046607592));
#2470=VERTEX_POINT('',#2469);
#2471=CARTESIAN_POINT('',(-38.623115093,31.,-32.046607592));
#2472=DIRECTION('',(0.,-0.,1.));
#2473=VECTOR('',#2472,0.929674175);
#2474=LINE('',#2471,#2473);
#2475=EDGE_CURVE('',#2470,#2462,#2474,.T.);
#2476=ORIENTED_EDGE('',*,*,#2475,.F.);
#2477=CARTESIAN_POINT('',(-30.423115093,31.,-32.046607592));
#2478=DIRECTION('',(-1.,0.,0.));
#2479=VECTOR('',#2478,8.2);
#2480=LINE('',#2477,#2479);
#2481=EDGE_CURVE('',#1103,#2470,#2480,.T.);
#2482=ORIENTED_EDGE('',*,*,#2481,.F.);
#2483=ORIENTED_EDGE('',*,*,#1131,.F.);
#2484=CARTESIAN_POINT('',(-38.623115093,31.,-33.529879705));
#2485=VERTEX_POINT('',#2484);
#2486=CARTESIAN_POINT('',(-30.423115093,31.,-33.529879705));
#2487=DIRECTION('',(-1.,0.,0.));
#2488=VECTOR('',#2487,8.2);
#2489=LINE('',#2486,#2488);
#2490=EDGE_CURVE('',#1120,#2485,#2489,.T.);
#2491=ORIENTED_EDGE('',*,*,#2490,.T.);
#2492=CARTESIAN_POINT('',(-38.623115093,31.,-34.557775942));
#2493=VERTEX_POINT('',#2492);
#2494=CARTESIAN_POINT('',(-38.623115093,31.,-34.557775942));
#2495=DIRECTION('',(0.,-0.,1.));
#2496=VECTOR('',#2495,1.027896237);
#2497=LINE('',#2494,#2496);
#2498=EDGE_CURVE('',#2493,#2485,#2497,.T.);
#2499=ORIENTED_EDGE('',*,*,#2498,.F.);
#2500=CARTESIAN_POINT('',(-30.423115093,31.,-34.557775942));
#2501=VERTEX_POINT('',#2500);
#2502=CARTESIAN_POINT('',(-30.423115093,31.,-34.557775942));
#2503=DIRECTION('',(-1.,0.,0.));
#2504=VECTOR('',#2503,8.2);
#2505=LINE('',#2502,#2504);
#2506=EDGE_CURVE('',#2501,#2493,#2505,.T.);
#2507=ORIENTED_EDGE('',*,*,#2506,.F.);
#2508=CARTESIAN_POINT('',(-30.423115093,31.,-36.085811694));
#2509=VERTEX_POINT('',#2508);
#2510=CARTESIAN_POINT('',(-30.423115093,31.,-36.085811694));
#2511=DIRECTION('',(0.,-0.,1.));
#2512=VECTOR('',#2511,1.528035752);
#2513=LINE('',#2510,#2512);
#2514=EDGE_CURVE('',#2509,#2501,#2513,.T.);
#2515=ORIENTED_EDGE('',*,*,#2514,.F.);
#2516=CARTESIAN_POINT('',(-38.623115093,31.,-36.085811694));
#2517=VERTEX_POINT('',#2516);
#2518=CARTESIAN_POINT('',(-30.423115093,31.,-36.085811694));
#2519=DIRECTION('',(-1.,0.,0.));
#2520=VECTOR('',#2519,8.2);
#2521=LINE('',#2518,#2520);
#2522=EDGE_CURVE('',#2509,#2517,#2521,.T.);
#2523=ORIENTED_EDGE('',*,*,#2522,.T.);
#2524=CARTESIAN_POINT('',(-38.623115093,31.,-37.228260936));
#2525=VERTEX_POINT('',#2524);
#2526=CARTESIAN_POINT('',(-38.623115093,31.,-37.228260936));
#2527=DIRECTION('',(0.,-0.,1.));
#2528=VECTOR('',#2527,1.142449242);
#2529=LINE('',#2526,#2528);
#2530=EDGE_CURVE('',#2525,#2517,#2529,.T.);
#2531=ORIENTED_EDGE('',*,*,#2530,.F.);
#2532=CARTESIAN_POINT('',(-32.923115093,31.,-37.228260936));
#2533=VERTEX_POINT('',#2532);
#2534=CARTESIAN_POINT('',(-32.923115093,31.,-37.228260936));
#2535=DIRECTION('',(-1.,0.,0.));
#2536=VECTOR('',#2535,5.7);
#2537=LINE('',#2534,#2536);
#2538=EDGE_CURVE('',#2533,#2525,#2537,.T.);
#2539=ORIENTED_EDGE('',*,*,#2538,.F.);
#2540=CARTESIAN_POINT('',(-32.923115093,31.,-36.372155068));
#2541=VERTEX_POINT('',#2540);
#2542=CARTESIAN_POINT('',(-32.923115093,31.,-37.228260936));
#2543=DIRECTION('',(0.,-0.,1.));
#2544=VECTOR('',#2543,0.856105868);
#2545=LINE('',#2542,#2544);
#2546=EDGE_CURVE('',#2533,#2541,#2545,.T.);
#2547=ORIENTED_EDGE('',*,*,#2546,.T.);
#2548=CARTESIAN_POINT('',(-32.923115093,31.,-36.372155068));
#2549=DIRECTION('',(1.,-0.,-0.));
#2550=VECTOR('',#2549,4.);
#2551=LINE('',#2548,#2550);
#2552=EDGE_CURVE('',#2541,#1348,#2551,.T.);
#2553=ORIENTED_EDGE('',*,*,#2552,.T.);
#2554=EDGE_LOOP('',(#1356,#1364,#1372,#1380,#1388,#1396,#1404,#1412,#1420,#1428,#1436,#1444,#1452,#1460,#1468,#1476,#1484,#1492,#1500,#1508,#1516,#1524,#1532,#1540,#1548,#1556,
#1564,#1572,#1580,#1588,#1596,#1604,#1612,#1620,#1628,#1636,#1644,#1652,#1660,#1668,#1676,#1684,#1692,#1700,#1708,#1716,#1724,#1732,#1740,#1748,#1756,
#1764,#1772,#1780,#1788,#1796,#1804,#1812,#1820,#1828,#1836,#1844,#1852,#1860,#1868,#1876,#1884,#1892,#1900,#1908,#1916,#1924,#1932,#1940,#1948,#1956,
#1964,#1972,#1980,#1988,#1996,#2004,#2012,#2020,#2028,#2036,#2044,#2052,#2060,#2068,#2076,#2084,#2092,#2100,#2108,#2116,#2124,#2132,#2140,#2148,#2156,
#2164,#2172,#2180,#2188,#2196,#2204,#2212,#2220,#2228,#2236,#2244,#2252,#2260,#2268,#2276,#2284,#2292,#2300,#2308,#2316,#2324,#2332,#2340,#2348,#2356,
#2364,#2372,#2380,#2388,#2396,#2404,#2412,#2420,#2428,#2436,#2444,#2452,#2460,#2468,#2476,#2482,#2483,#2491,#2499,#2507,#2515,#2523,#2531,#2539,#2547,
#2553));
#2555=FACE_BOUND('',#2554,.T.);
#2556=ADVANCED_FACE('',(#2555),#1346,.T.);
#2557=CARTESIAN_POINT('',(-30.423115093,0.,0.));
#2558=DIRECTION('',(-1.,0.,0.));
#2559=DIRECTION('',(0.,-1.,0.));
#2560=AXIS2_PLACEMENT_3D('',#2557,#2558,#2559);
#2561=PLANE('',#2560);
#2562=CARTESIAN_POINT('',(-30.423115093,37.92689162,-40.018496984));
#2563=VERTEX_POINT('',#2562);
#2564=CARTESIAN_POINT('',(-30.423115093,37.36957308,-41.107178226));
#2565=VERTEX_POINT('',#2564);
#2566=CARTESIAN_POINT('',(-30.423115093,34.4,-38.9));
#2567=DIRECTION('',(-1.,0.,0.));
#2568=DIRECTION('',(0.,0.,1.));
#2569=AXIS2_PLACEMENT_3D('',#2566,#2567,#2568);
#2570=CIRCLE('',#2569,3.7);
#2571=EDGE_CURVE('',#2563,#2565,#2570,.T.);
#2572=ORIENTED_EDGE('',*,*,#2571,.F.);
#2573=CARTESIAN_POINT('',(-30.423115093,45.522297573,-46.006232233));
#2574=VERTEX_POINT('',#2573);
#2575=CARTESIAN_POINT('',(-30.423115093,45.522297573,-46.006232233));
#2576=DIRECTION('',(0.,-0.785316931,0.619093949));
#2577=VECTOR('',#2576,9.671771555);
#2578=LINE('',#2575,#2577);
#2579=EDGE_CURVE('',#2574,#2563,#2578,.T.);
#2580=ORIENTED_EDGE('',*,*,#2579,.F.);
#2581=CARTESIAN_POINT('',(-30.423115093,44.816631518,-46.977965722));
#2582=VERTEX_POINT('',#2581);
#2583=CARTESIAN_POINT('',(-30.423115093,50.,-50.));
#2584=DIRECTION('',(-1.,0.,0.));
#2585=DIRECTION('',(0.,-0.863894747,0.50367238));
#2586=AXIS2_PLACEMENT_3D('',#2583,#2584,#2585);
#2587=CIRCLE('',#2586,6.);
#2588=EDGE_CURVE('',#2582,#2574,#2587,.T.);
#2589=ORIENTED_EDGE('',*,*,#2588,.F.);
#2590=CARTESIAN_POINT('',(-30.423115093,44.816631518,-46.977965722));
#2591=DIRECTION('',(0.,-0.785316931,0.619093949));
#2592=VECTOR('',#2591,9.482870093);
#2593=LINE('',#2590,#2592);
#2594=EDGE_CURVE('',#2582,#2565,#2593,.T.);
#2595=ORIENTED_EDGE('',*,*,#2594,.T.);
#2596=EDGE_LOOP('',(#2572,#2580,#2589,#2595));
#2597=FACE_BOUND('',#2596,.T.);
#2598=ADVANCED_FACE('',(#2597),#2561,.T.);
#2599=CARTESIAN_POINT('',(-30.423115093,0.,0.));
#2600=DIRECTION('',(-1.,0.,0.));
#2601=DIRECTION('',(0.,-1.,0.));
#2602=AXIS2_PLACEMENT_3D('',#2599,#2600,#2601);
#2603=PLANE('',#2602);
#2604=CARTESIAN_POINT('',(-30.423115093,36.513321828,-41.937082622));
#2605=VERTEX_POINT('',#2604);
#2606=CARTESIAN_POINT('',(-30.423115093,35.309012428,-42.48659956));
#2607=VERTEX_POINT('',#2606);
#2608=CARTESIAN_POINT('',(-30.423115093,34.4,-38.9));
#2609=DIRECTION('',(-1.,0.,0.));
#2610=DIRECTION('',(0.,0.,1.));
#2611=AXIS2_PLACEMENT_3D('',#2608,#2609,#2610);
#2612=CIRCLE('',#2611,3.7);
#2613=EDGE_CURVE('',#2605,#2607,#2612,.T.);
#2614=ORIENTED_EDGE('',*,*,#2613,.F.);
#2615=CARTESIAN_POINT('',(-30.423115093,44.191788966,-48.495113099));
#2616=VERTEX_POINT('',#2615);
#2617=CARTESIAN_POINT('',(-30.423115093,44.191788966,-48.495113099));
#2618=DIRECTION('',(0.,-0.760405966,0.649448048));
#2619=VECTOR('',#2618,10.097852313);
#2620=LINE('',#2617,#2619);
#2621=EDGE_CURVE('',#2616,#2605,#2620,.T.);
#2622=ORIENTED_EDGE('',*,*,#2621,.F.);
#2623=CARTESIAN_POINT('',(-30.423115093,44.000675324,-49.909980964));
#2624=VERTEX_POINT('',#2623);
#2625=CARTESIAN_POINT('',(-30.423115093,50.,-50.));
#2626=DIRECTION('',(-1.,0.,0.));
#2627=DIRECTION('',(0.,-0.999887446,0.015003173));
#2628=AXIS2_PLACEMENT_3D('',#2625,#2626,#2627);
#2629=CIRCLE('',#2628,6.);
#2630=EDGE_CURVE('',#2624,#2616,#2629,.T.);
#2631=ORIENTED_EDGE('',*,*,#2630,.F.);
#2632=CARTESIAN_POINT('',(-30.423115093,44.000675324,-49.909980964));
#2633=DIRECTION('',(0.,-0.760405966,0.649448048));
#2634=VECTOR('',#2633,11.430292881);
#2635=LINE('',#2632,#2634);
#2636=EDGE_CURVE('',#2624,#2607,#2635,.T.);
#2637=ORIENTED_EDGE('',*,*,#2636,.T.);
#2638=EDGE_LOOP('',(#2614,#2622,#2631,#2637));
#2639=FACE_BOUND('',#2638,.T.);
#2640=ADVANCED_FACE('',(#2639),#2603,.T.);
#2641=CARTESIAN_POINT('',(-30.923115093,31.,-32.375));
#2642=DIRECTION('',(0.,-1.,-0.));
#2643=DIRECTION('',(0.,0.,-1.));
#2644=AXIS2_PLACEMENT_3D('',#2641,#2642,#2643);
#2645=PLANE('',#2644);
#2646=ORIENTED_EDGE('',*,*,#897,.F.);
#2647=CARTESIAN_POINT('',(-38.623115093,31.,-41.938091506));
#2648=VERTEX_POINT('',#2647);
#2649=CARTESIAN_POINT('',(-28.923115093,31.,-41.938091506));
#2650=DIRECTION('',(-1.,0.,0.));
#2651=VECTOR('',#2650,9.7);
#2652=LINE('',#2649,#2651);
#2653=EDGE_CURVE('',#883,#2648,#2652,.T.);
#2654=ORIENTED_EDGE('',*,*,#2653,.T.);
#2655=CARTESIAN_POINT('',(-38.623115093,31.,-43.151477274));
#2656=VERTEX_POINT('',#2655);
#2657=CARTESIAN_POINT('',(-38.623115093,31.,-41.938091506));
#2658=DIRECTION('',(0.,0.,-1.));
#2659=VECTOR('',#2658,1.213385768);
#2660=LINE('',#2657,#2659);
#2661=EDGE_CURVE('',#2648,#2656,#2660,.T.);
#2662=ORIENTED_EDGE('',*,*,#2661,.T.);
#2663=CARTESIAN_POINT('',(-30.423115093,31.,-43.151477274));
#2664=VERTEX_POINT('',#2663);
#2665=CARTESIAN_POINT('',(-30.423115093,31.,-43.151477274));
#2666=DIRECTION('',(-1.,0.,0.));
#2667=VECTOR('',#2666,8.2);
#2668=LINE('',#2665,#2667);
#2669=EDGE_CURVE('',#2664,#2656,#2668,.T.);
#2670=ORIENTED_EDGE('',*,*,#2669,.F.);
#2671=CARTESIAN_POINT('',(-30.423115093,31.,-44.848522726));
#2672=VERTEX_POINT('',#2671);
#2673=CARTESIAN_POINT('',(-30.423115093,31.,-44.848522726));
#2674=DIRECTION('',(0.,-0.,1.));
#2675=VECTOR('',#2674,1.697045452);
#2676=LINE('',#2673,#2675);
#2677=EDGE_CURVE('',#2672,#2664,#2676,.T.);
#2678=ORIENTED_EDGE('',*,*,#2677,.F.);
#2679=CARTESIAN_POINT('',(-38.623115093,31.,-44.848522726));
#2680=VERTEX_POINT('',#2679);
#2681=CARTESIAN_POINT('',(-30.423115093,31.,-44.848522726));
#2682=DIRECTION('',(-1.,0.,0.));
#2683=VECTOR('',#2682,8.2);
#2684=LINE('',#2681,#2683);
#2685=EDGE_CURVE('',#2672,#2680,#2684,.T.);
#2686=ORIENTED_EDGE('',*,*,#2685,.T.);
#2687=CARTESIAN_POINT('',(-38.623115093,31.,-46.469643938));
#2688=VERTEX_POINT('',#2687);
#2689=CARTESIAN_POINT('',(-38.623115093,31.,-44.848522726));
#2690=DIRECTION('',(0.,0.,-1.));
#2691=VECTOR('',#2690,1.621121212);
#2692=LINE('',#2689,#2691);
#2693=EDGE_CURVE('',#2680,#2688,#2692,.T.);
#2694=ORIENTED_EDGE('',*,*,#2693,.T.);
#2695=CARTESIAN_POINT('',(-30.423115093,31.,-46.469643938));
#2696=VERTEX_POINT('',#2695);
#2697=CARTESIAN_POINT('',(-30.423115093,31.,-46.469643938));
#2698=DIRECTION('',(-1.,0.,0.));
#2699=VECTOR('',#2698,8.2);
#2700=LINE('',#2697,#2699);
#2701=EDGE_CURVE('',#2696,#2688,#2700,.T.);
#2702=ORIENTED_EDGE('',*,*,#2701,.F.);
#2703=CARTESIAN_POINT('',(-30.423115093,31.,-48.237456297));
#2704=VERTEX_POINT('',#2703);
#2705=CARTESIAN_POINT('',(-30.423115093,31.,-48.237456297));
#2706=DIRECTION('',(0.,-0.,1.));
#2707=VECTOR('',#2706,1.767812359);
#2708=LINE('',#2705,#2707);
#2709=EDGE_CURVE('',#2704,#2696,#2708,.T.);
#2710=ORIENTED_EDGE('',*,*,#2709,.F.);
#2711=CARTESIAN_POINT('',(-38.623115093,31.,-48.237456297));
#2712=VERTEX_POINT('',#2711);
#2713=CARTESIAN_POINT('',(-30.423115093,31.,-48.237456297));
#2714=DIRECTION('',(-1.,0.,0.));
#2715=VECTOR('',#2714,8.2);
#2716=LINE('',#2713,#2715);
#2717=EDGE_CURVE('',#2704,#2712,#2716,.T.);
#2718=ORIENTED_EDGE('',*,*,#2717,.T.);
#2719=CARTESIAN_POINT('',(-38.623115093,31.,-50.080976677));
#2720=VERTEX_POINT('',#2719);
#2721=CARTESIAN_POINT('',(-38.623115093,31.,-48.237456297));
#2722=DIRECTION('',(0.,0.,-1.));
#2723=VECTOR('',#2722,1.84352038);
#2724=LINE('',#2721,#2723);
#2725=EDGE_CURVE('',#2712,#2720,#2724,.T.);
#2726=ORIENTED_EDGE('',*,*,#2725,.T.);
#2727=CARTESIAN_POINT('',(-30.423115093,31.,-50.080976677));
#2728=VERTEX_POINT('',#2727);
#2729=CARTESIAN_POINT('',(-30.423115093,31.,-50.080976677));
#2730=DIRECTION('',(-1.,0.,0.));
#2731=VECTOR('',#2730,8.2);
#2732=LINE('',#2729,#2731);
#2733=EDGE_CURVE('',#2728,#2720,#2732,.T.);
#2734=ORIENTED_EDGE('',*,*,#2733,.F.);
#2735=CARTESIAN_POINT('',(-30.423115093,31.,-51.928687745));
#2736=VERTEX_POINT('',#2735);
#2737=CARTESIAN_POINT('',(-30.423115093,31.,-51.928687745));
#2738=DIRECTION('',(0.,-0.,1.));
#2739=VECTOR('',#2738,1.847711068);
#2740=LINE('',#2737,#2739);
#2741=EDGE_CURVE('',#2736,#2728,#2740,.T.);
#2742=ORIENTED_EDGE('',*,*,#2741,.F.);
#2743=CARTESIAN_POINT('',(-38.923115093,31.,-51.928687745));
#2744=VERTEX_POINT('',#2743);
#2745=CARTESIAN_POINT('',(-30.423115093,31.,-51.928687745));
#2746=DIRECTION('',(-1.,0.,0.));
#2747=VECTOR('',#2746,8.5);
#2748=LINE('',#2745,#2747);
#2749=EDGE_CURVE('',#2736,#2744,#2748,.T.);
#2750=ORIENTED_EDGE('',*,*,#2749,.T.);
#2751=CARTESIAN_POINT('',(-38.923115093,31.,-54.039100007));
#2752=VERTEX_POINT('',#2751);
#2753=CARTESIAN_POINT('',(-38.923115093,31.,-51.928687745));
#2754=DIRECTION('',(0.,0.,-1.));
#2755=VECTOR('',#2754,2.110412263);
#2756=LINE('',#2753,#2755);
#2757=EDGE_CURVE('',#2744,#2752,#2756,.T.);
#2758=ORIENTED_EDGE('',*,*,#2757,.T.);
#2759=CARTESIAN_POINT('',(-30.423115093,31.,-54.039100007));
#2760=VERTEX_POINT('',#2759);
#2761=CARTESIAN_POINT('',(-30.423115093,31.,-54.039100007));
#2762=DIRECTION('',(-1.,0.,0.));
#2763=VECTOR('',#2762,8.5);
#2764=LINE('',#2761,#2763);
#2765=EDGE_CURVE('',#2760,#2752,#2764,.T.);
#2766=ORIENTED_EDGE('',*,*,#2765,.F.);
#2767=CARTESIAN_POINT('',(-30.423115093,31.,-54.972268384));
#2768=VERTEX_POINT('',#2767);
#2769=CARTESIAN_POINT('',(-30.423115093,31.,-54.972268384));
#2770=DIRECTION('',(0.,-0.,1.));
#2771=VECTOR('',#2770,0.933168377);
#2772=LINE('',#2769,#2771);
#2773=EDGE_CURVE('',#2768,#2760,#2772,.T.);
#2774=ORIENTED_EDGE('',*,*,#2773,.F.);
#2775=CARTESIAN_POINT('',(-30.423115093,31.,-54.972268384));
#2776=DIRECTION('',(1.,-0.,-0.));
#2777=VECTOR('',#2776,1.5);
#2778=LINE('',#2775,#2777);
#2779=EDGE_CURVE('',#2768,#892,#2778,.T.);
#2780=ORIENTED_EDGE('',*,*,#2779,.T.);
#2781=EDGE_LOOP('',(#2646,#2654,#2662,#2670,#2678,#2686,#2694,#2702,#2710,#2718,#2726,#2734,#2742,#2750,#2758,#2766,#2774,#2780));
#2782=FACE_BOUND('',#2781,.T.);
#2783=ADVANCED_FACE('',(#2782),#2645,.T.);
#2784=CARTESIAN_POINT('',(-30.923115093,-22.,50.5));
#2785=DIRECTION('',(0.,1.,0.));
#2786=DIRECTION('',(0.,0.,1.));
#2787=AXIS2_PLACEMENT_3D('',#2784,#2785,#2786);
#2788=PLANE('',#2787);
#2789=CARTESIAN_POINT('',(-30.423115093,-22.,60.403552829));
#2790=VERTEX_POINT('',#2789);
#2791=CARTESIAN_POINT('',(-30.423115093,-22.,53.237277944));
#2792=VERTEX_POINT('',#2791);
#2793=CARTESIAN_POINT('',(-30.423115093,-22.,60.403552829));
#2794=DIRECTION('',(0.,0.,-1.));
#2795=VECTOR('',#2794,7.166274885);
#2796=LINE('',#2793,#2795);
#2797=EDGE_CURVE('',#2790,#2792,#2796,.T.);
#2798=ORIENTED_EDGE('',*,*,#2797,.T.);
#2799=CARTESIAN_POINT('',(-38.923115093,-22.,53.237277944));
#2800=VERTEX_POINT('',#2799);
#2801=CARTESIAN_POINT('',(-30.423115093,-22.,53.237277944));
#2802=DIRECTION('',(-1.,0.,0.));
#2803=VECTOR('',#2802,8.5);
#2804=LINE('',#2801,#2803);
#2805=EDGE_CURVE('',#2792,#2800,#2804,.T.);
#2806=ORIENTED_EDGE('',*,*,#2805,.T.);
#2807=CARTESIAN_POINT('',(-38.923115093,-22.,49.553775391));
#2808=VERTEX_POINT('',#2807);
#2809=CARTESIAN_POINT('',(-38.923115093,-22.,53.237277944));
#2810=DIRECTION('',(0.,0.,-1.));
#2811=VECTOR('',#2810,3.683502552);
#2812=LINE('',#2809,#2811);
#2813=EDGE_CURVE('',#2800,#2808,#2812,.T.);
#2814=ORIENTED_EDGE('',*,*,#2813,.T.);
#2815=CARTESIAN_POINT('',(-32.923115093,-22.,49.553775391));
#2816=VERTEX_POINT('',#2815);
#2817=CARTESIAN_POINT('',(-32.923115093,-22.,49.553775391));
#2818=DIRECTION('',(-1.,0.,0.));
#2819=VECTOR('',#2818,6.);
#2820=LINE('',#2817,#2819);
#2821=EDGE_CURVE('',#2816,#2808,#2820,.T.);
#2822=ORIENTED_EDGE('',*,*,#2821,.F.);
#2823=CARTESIAN_POINT('',(-32.923115093,-22.,53.094733192));
#2824=VERTEX_POINT('',#2823);
#2825=CARTESIAN_POINT('',(-32.923115093,-22.,53.094733192));
#2826=DIRECTION('',(0.,0.,-1.));
#2827=VECTOR('',#2826,3.540957801);
#2828=LINE('',#2825,#2827);
#2829=EDGE_CURVE('',#2824,#2816,#2828,.T.);
#2830=ORIENTED_EDGE('',*,*,#2829,.F.);
#2831=CARTESIAN_POINT('',(-28.923115093,-22.,53.094733192));
#2832=VERTEX_POINT('',#2831);
#2833=CARTESIAN_POINT('',(-32.923115093,-22.,53.094733192));
#2834=DIRECTION('',(1.,0.,-0.));
#2835=VECTOR('',#2834,4.);
#2836=LINE('',#2833,#2835);
#2837=EDGE_CURVE('',#2824,#2832,#2836,.T.);
#2838=ORIENTED_EDGE('',*,*,#2837,.T.);
#2839=CARTESIAN_POINT('',(-28.923115093,-22.,61.));
#2840=VERTEX_POINT('',#2839);
#2841=CARTESIAN_POINT('',(-28.923115093,-22.,61.));
#2842=DIRECTION('',(0.,0.,-1.));
#2843=VECTOR('',#2842,7.905266808);
#2844=LINE('',#2841,#2843);
#2845=EDGE_CURVE('',#2840,#2832,#2844,.T.);
#2846=ORIENTED_EDGE('',*,*,#2845,.F.);
#2847=CARTESIAN_POINT('',(-38.923115093,-22.,61.));
#2848=VERTEX_POINT('',#2847);
#2849=CARTESIAN_POINT('',(-28.923115093,-22.,61.));
#2850=DIRECTION('',(-1.,0.,0.));
#2851=VECTOR('',#2850,10.);
#2852=LINE('',#2849,#2851);
#2853=EDGE_CURVE('',#2840,#2848,#2852,.T.);
#2854=ORIENTED_EDGE('',*,*,#2853,.T.);
#2855=CARTESIAN_POINT('',(-38.923115093,-22.,60.403552829));
#2856=VERTEX_POINT('',#2855);
#2857=CARTESIAN_POINT('',(-38.923115093,-22.,61.));
#2858=DIRECTION('',(0.,0.,-1.));
#2859=VECTOR('',#2858,0.596447171);
#2860=LINE('',#2857,#2859);
#2861=EDGE_CURVE('',#2848,#2856,#2860,.T.);
#2862=ORIENTED_EDGE('',*,*,#2861,.T.);
#2863=CARTESIAN_POINT('',(-30.423115093,-22.,60.403552829));
#2864=DIRECTION('',(-1.,0.,0.));
#2865=VECTOR('',#2864,8.5);
#2866=LINE('',#2863,#2865);
#2867=EDGE_CURVE('',#2790,#2856,#2866,.T.);
#2868=ORIENTED_EDGE('',*,*,#2867,.F.);
#2869=EDGE_LOOP('',(#2798,#2806,#2814,#2822,#2830,#2838,#2846,#2854,#2862,#2868));
#2870=FACE_BOUND('',#2869,.T.);
#2871=ADVANCED_FACE('',(#2870),#2788,.F.);
#2872=CARTESIAN_POINT('',(-30.423115093,0.,0.));
#2873=DIRECTION('',(-1.,0.,0.));
#2874=DIRECTION('',(0.,-1.,0.));
#2875=AXIS2_PLACEMENT_3D('',#2872,#2873,#2874);
#2876=PLANE('',#2875);
#2877=CARTESIAN_POINT('',(-30.423115093,-19.445259166,52.799571894));
#2878=VERTEX_POINT('',#2877);
#2879=CARTESIAN_POINT('',(-30.423115093,-18.190088769,52.545632846));
#2880=VERTEX_POINT('',#2879);
#2881=CARTESIAN_POINT('',(-30.423115093,-19.5,49.3));
#2882=DIRECTION('',(-1.,0.,0.));
#2883=DIRECTION('',(0.,0.,1.));
#2884=AXIS2_PLACEMENT_3D('',#2881,#2882,#2883);
#2885=CIRCLE('',#2884,3.5);
#2886=EDGE_CURVE('',#2878,#2880,#2885,.T.);
#2887=ORIENTED_EDGE('',*,*,#2886,.F.);
#2888=CARTESIAN_POINT('',(-30.423115093,-20.96649125,62.404253272));
#2889=VERTEX_POINT('',#2888);
#2890=CARTESIAN_POINT('',(-30.423115093,-20.96649125,62.404253272));
#2891=DIRECTION('',(0.,0.156434465,-0.987688341));
#2892=VECTOR('',#2891,9.724404939);
#2893=LINE('',#2890,#2892);
#2894=EDGE_CURVE('',#2889,#2878,#2893,.T.);
#2895=ORIENTED_EDGE('',*,*,#2894,.F.);
#2896=CARTESIAN_POINT('',(-30.423115093,-21.164028919,62.572966379));
#2897=VERTEX_POINT('',#2896);
#2898=CARTESIAN_POINT('',(-30.423115093,-21.164028919,62.372966379));
#2899=DIRECTION('',(1.,-0.,-0.));
#2900=DIRECTION('',(0.,0.,1.));
#2901=AXIS2_PLACEMENT_3D('',#2898,#2899,#2900);
#2902=CIRCLE('',#2901,0.2);
#2903=EDGE_CURVE('',#2889,#2897,#2902,.T.);
#2904=ORIENTED_EDGE('',*,*,#2903,.T.);
#2905=CARTESIAN_POINT('',(-30.423115093,-21.293365465,62.525518198));
#2906=VERTEX_POINT('',#2905);
#2907=CARTESIAN_POINT('',(-30.423115093,-21.164028919,62.372966379));
#2908=DIRECTION('',(1.,-0.,-0.));
#2909=DIRECTION('',(0.,0.,1.));
#2910=AXIS2_PLACEMENT_3D('',#2907,#2908,#2909);
#2911=CIRCLE('',#2910,0.2);
#2912=EDGE_CURVE('',#2897,#2906,#2911,.T.);
#2913=ORIENTED_EDGE('',*,*,#2912,.T.);
#2914=CARTESIAN_POINT('',(-30.423115093,-20.,63.));
#2915=VERTEX_POINT('',#2914);
#2916=CARTESIAN_POINT('',(-30.423115093,-20.,61.));
#2917=DIRECTION('',(-1.,0.,0.));
#2918=DIRECTION('',(0.,-0.508425482,0.861105992));
#2919=AXIS2_PLACEMENT_3D('',#2916,#2917,#2918);
#2920=CIRCLE('',#2919,2.);
#2921=EDGE_CURVE('',#2906,#2915,#2920,.T.);
#2922=ORIENTED_EDGE('',*,*,#2921,.T.);
#2923=CARTESIAN_POINT('',(-30.423115093,-19.84589786,63.));
#2924=VERTEX_POINT('',#2923);
#2925=CARTESIAN_POINT('',(-30.423115093,-19.84589786,63.));
#2926=DIRECTION('',(0.,-1.,0.));
#2927=VECTOR('',#2926,0.15410214);
#2928=LINE('',#2925,#2927);
#2929=EDGE_CURVE('',#2924,#2915,#2928,.T.);
#2930=ORIENTED_EDGE('',*,*,#2929,.F.);
#2931=CARTESIAN_POINT('',(-30.423115093,-19.84589786,63.));
#2932=DIRECTION('',(0.,0.156434465,-0.987688341));
#2933=VECTOR('',#2932,10.584682156);
#2934=LINE('',#2931,#2933);
#2935=EDGE_CURVE('',#2924,#2880,#2934,.T.);
#2936=ORIENTED_EDGE('',*,*,#2935,.T.);
#2937=EDGE_LOOP('',(#2887,#2895,#2904,#2913,#2922,#2930,#2936));
#2938=FACE_BOUND('',#2937,.T.);
#2939=ADVANCED_FACE('',(#2938),#2876,.T.);
#2940=CARTESIAN_POINT('',(-30.423115093,0.,0.));
#2941=DIRECTION('',(-1.,0.,0.));
#2942=DIRECTION('',(0.,-1.,0.));
#2943=AXIS2_PLACEMENT_3D('',#2940,#2941,#2942);
#2944=PLANE('',#2943);
#2945=CARTESIAN_POINT('',(-30.423115093,-19.5,45.8));
#2946=VERTEX_POINT('',#2945);
#2947=CARTESIAN_POINT('',(-30.423115093,-20.338971496,45.902040785));
#2948=VERTEX_POINT('',#2947);
#2949=CARTESIAN_POINT('',(-30.423115093,-19.5,49.3));
#2950=DIRECTION('',(-1.,0.,0.));
#2951=DIRECTION('',(0.,0.,1.));
#2952=AXIS2_PLACEMENT_3D('',#2949,#2950,#2951);
#2953=CIRCLE('',#2952,3.5);
#2954=EDGE_CURVE('',#2946,#2948,#2953,.T.);
#2955=ORIENTED_EDGE('',*,*,#2954,.F.);
#2956=CARTESIAN_POINT('',(-30.423115093,-19.099740194,45.822962168));
#2957=VERTEX_POINT('',#2956);
#2958=CARTESIAN_POINT('',(-30.423115093,-19.5,49.3));
#2959=DIRECTION('',(-1.,0.,0.));
#2960=DIRECTION('',(0.,0.,1.));
#2961=AXIS2_PLACEMENT_3D('',#2958,#2959,#2960);
#2962=CIRCLE('',#2961,3.5);
#2963=EDGE_CURVE('',#2957,#2946,#2962,.T.);
#2964=ORIENTED_EDGE('',*,*,#2963,.F.);
#2965=CARTESIAN_POINT('',(-30.423115093,-17.543656269,38.));
#2966=VERTEX_POINT('',#2965);
#2967=CARTESIAN_POINT('',(-30.423115093,-19.099740194,45.822962168));
#2968=DIRECTION('',(0.,0.195090322,-0.98078528));
#2969=VECTOR('',#2968,7.976223057);
#2970=LINE('',#2967,#2969);
#2971=EDGE_CURVE('',#2957,#2966,#2970,.T.);
#2972=ORIENTED_EDGE('',*,*,#2971,.T.);
#2973=CARTESIAN_POINT('',(-30.423115093,-18.767157856,38.));
#2974=VERTEX_POINT('',#2973);
#2975=CARTESIAN_POINT('',(-30.423115093,-17.543656269,38.));
#2976=DIRECTION('',(0.,-1.,0.));
#2977=VECTOR('',#2976,1.223501587);
#2978=LINE('',#2975,#2977);
#2979=EDGE_CURVE('',#2966,#2974,#2978,.T.);
#2980=ORIENTED_EDGE('',*,*,#2979,.T.);
#2981=CARTESIAN_POINT('',(-30.423115093,-20.338971496,45.902040785));
#2982=DIRECTION('',(0.,0.195090322,-0.98078528));
#2983=VECTOR('',#2982,8.056850916);
#2984=LINE('',#2981,#2983);
#2985=EDGE_CURVE('',#2948,#2974,#2984,.T.);
#2986=ORIENTED_EDGE('',*,*,#2985,.F.);
#2987=EDGE_LOOP('',(#2955,#2964,#2972,#2980,#2986));
#2988=FACE_BOUND('',#2987,.T.);
#2989=ADVANCED_FACE('',(#2988),#2944,.T.);
#2990=CARTESIAN_POINT('',(-30.923115093,25.75,32.75));
#2991=DIRECTION('',(-1.,0.,0.));
#2992=DIRECTION('',(0.,0.,1.));
#2993=AXIS2_PLACEMENT_3D('',#2990,#2991,#2992);
#2994=CYLINDRICAL_SURFACE('',#2993,30.25);
#2995=CARTESIAN_POINT('',(-29.673115093,56.,32.75));
#2996=VERTEX_POINT('',#2995);
#2997=CARTESIAN_POINT('',(-29.673115093,54.630140235,41.75));
#2998=VERTEX_POINT('',#2997);
#2999=CARTESIAN_POINT('',(-29.673115093,25.75,32.75));
#3000=DIRECTION('',(1.,0.,-0.));
#3001=DIRECTION('',(0.,1.,0.));
#3002=AXIS2_PLACEMENT_3D('',#2999,#3000,#3001);
#3003=CIRCLE('',#3002,30.25);
#3004=EDGE_CURVE('',#2996,#2998,#3003,.T.);
#3005=ORIENTED_EDGE('',*,*,#3004,.F.);
#3006=CARTESIAN_POINT('',(-38.923115093,56.,32.75));
#3007=VERTEX_POINT('',#3006);
#3008=CARTESIAN_POINT('',(-29.673115093,56.,32.75));
#3009=DIRECTION('',(-1.,0.,0.));
#3010=VECTOR('',#3009,9.25);
#3011=LINE('',#3008,#3010);
#3012=EDGE_CURVE('',#2996,#3007,#3011,.T.);
#3013=ORIENTED_EDGE('',*,*,#3012,.T.);
#3014=CARTESIAN_POINT('',(-38.923115093,55.995503048,33.271579701));
#3015=VERTEX_POINT('',#3014);
#3016=CARTESIAN_POINT('',(-38.923115093,25.75,32.75));
#3017=DIRECTION('',(1.,0.,-0.));
#3018=DIRECTION('',(0.,1.,0.));
#3019=AXIS2_PLACEMENT_3D('',#3016,#3017,#3018);
#3020=CIRCLE('',#3019,30.25);
#3021=EDGE_CURVE('',#3007,#3015,#3020,.T.);
#3022=ORIENTED_EDGE('',*,*,#3021,.T.);
#3023=CARTESIAN_POINT('',(-30.423115093,55.995503048,33.271579701));
#3024=VERTEX_POINT('',#3023);
#3025=CARTESIAN_POINT('',(-30.423115093,55.995503048,33.271579701));
#3026=DIRECTION('',(-1.,0.,0.));
#3027=VECTOR('',#3026,8.5);
#3028=LINE('',#3025,#3027);
#3029=EDGE_CURVE('',#3024,#3015,#3028,.T.);
#3030=ORIENTED_EDGE('',*,*,#3029,.F.);
#3031=CARTESIAN_POINT('',(-30.423115093,55.942320936,34.617151976));
#3032=VERTEX_POINT('',#3031);
#3033=CARTESIAN_POINT('',(-30.423115093,25.75,32.75));
#3034=DIRECTION('',(-1.,0.,0.));
#3035=DIRECTION('',(0.,0.998093254,0.061724032));
#3036=AXIS2_PLACEMENT_3D('',#3033,#3034,#3035);
#3037=CIRCLE('',#3036,30.25);
#3038=EDGE_CURVE('',#3032,#3024,#3037,.T.);
#3039=ORIENTED_EDGE('',*,*,#3038,.F.);
#3040=CARTESIAN_POINT('',(-38.623115093,55.942320936,34.617151976));
#3041=VERTEX_POINT('',#3040);
#3042=CARTESIAN_POINT('',(-30.423115093,55.942320936,34.617151976));
#3043=DIRECTION('',(-1.,0.,0.));
#3044=VECTOR('',#3043,8.2);
#3045=LINE('',#3042,#3044);
#3046=EDGE_CURVE('',#3032,#3041,#3045,.T.);
#3047=ORIENTED_EDGE('',*,*,#3046,.T.);
#3048=CARTESIAN_POINT('',(-38.623115093,55.806131322,36.169279156));
#3049=VERTEX_POINT('',#3048);
#3050=CARTESIAN_POINT('',(-38.623115093,25.75,32.75));
#3051=DIRECTION('',(1.,0.,0.));
#3052=DIRECTION('',(0.,0.,-1.));
#3053=AXIS2_PLACEMENT_3D('',#3050,#3051,#3052);
#3054=CIRCLE('',#3053,30.25);
#3055=EDGE_CURVE('',#3041,#3049,#3054,.T.);
#3056=ORIENTED_EDGE('',*,*,#3055,.T.);
#3057=CARTESIAN_POINT('',(-38.614521327,55.755139251,36.591109027));
#3058=VERTEX_POINT('',#3057);
#3059=CARTESIAN_POINT('',(-38.614521327,55.755139251,36.591109027));
#3060=CARTESIAN_POINT('',(-38.620255794,55.773116787,36.450676024));
#3061=CARTESIAN_POINT('',(-38.623115093,55.790114965,36.310066058));
#3062=CARTESIAN_POINT('',(-38.623115093,55.806131322,36.169279156));
#3063=B_SPLINE_CURVE_WITH_KNOTS('',3,(#3059,#3060,#3061,#3062),.UNSPECIFIED.,.F.,.F.,(4,4),(0.,0.000424988),.UNSPECIFIED.);
#3064=EDGE_CURVE('',#3058,#3049,#3063,.T.);
#3065=ORIENTED_EDGE('',*,*,#3064,.F.);
#3066=CARTESIAN_POINT('',(-30.423115093,55.755139251,36.591109027));
#3067=VERTEX_POINT('',#3066);
#3068=CARTESIAN_POINT('',(-30.423115093,55.755139251,36.591109027));
#3069=DIRECTION('',(-1.,0.,0.));
#3070=VECTOR('',#3069,8.191406234);
#3071=LINE('',#3068,#3070);
#3072=EDGE_CURVE('',#3067,#3058,#3071,.T.);
#3073=ORIENTED_EDGE('',*,*,#3072,.F.);
#3074=CARTESIAN_POINT('',(-30.423115093,55.561830776,37.880033702));
#3075=VERTEX_POINT('',#3074);
#3076=CARTESIAN_POINT('',(-30.423115093,25.75,32.75));
#3077=DIRECTION('',(-1.,0.,0.));
#3078=DIRECTION('',(0.,0.985515067,0.169587891));
#3079=AXIS2_PLACEMENT_3D('',#3076,#3077,#3078);
#3080=CIRCLE('',#3079,30.25);
#3081=EDGE_CURVE('',#3075,#3067,#3080,.T.);
#3082=ORIENTED_EDGE('',*,*,#3081,.F.);
#3083=CARTESIAN_POINT('',(-38.479183278,55.561830776,37.880033702));
#3084=VERTEX_POINT('',#3083);
#3085=CARTESIAN_POINT('',(-30.423115093,55.561830776,37.880033702));
#3086=DIRECTION('',(-1.,0.,0.));
#3087=VECTOR('',#3086,8.056068185);
#3088=LINE('',#3085,#3087);
#3089=EDGE_CURVE('',#3075,#3084,#3088,.T.);
#3090=ORIENTED_EDGE('',*,*,#3089,.T.);
#3091=CARTESIAN_POINT('',(-37.936495423,55.162536664,39.81860573));
#3092=VERTEX_POINT('',#3091);
#3093=CARTESIAN_POINT('',(-37.936495423,55.162536664,39.81860573));
#3094=CARTESIAN_POINT('',(-38.184746664,55.312468493,39.194737944));
#3095=CARTESIAN_POINT('',(-38.364963179,55.44678229,38.548607479));
#3096=CARTESIAN_POINT('',(-38.479183278,55.561830776,37.880033702));
#3097=B_SPLINE_CURVE_WITH_KNOTS('',3,(#3093,#3094,#3095,#3096),.UNSPECIFIED.,.F.,.F.,(4,4),(0.,0.002052318),.UNSPECIFIED.);
#3098=EDGE_CURVE('',#3092,#3084,#3097,.T.);
#3099=ORIENTED_EDGE('',*,*,#3098,.F.);
#3100=CARTESIAN_POINT('',(-30.423115093,55.162536664,39.81860573));
#3101=VERTEX_POINT('',#3100);
#3102=CARTESIAN_POINT('',(-30.423115093,55.162536664,39.81860573));
#3103=DIRECTION('',(-1.,0.,0.));
#3104=VECTOR('',#3103,7.51338033);
#3105=LINE('',#3102,#3104);
#3106=EDGE_CURVE('',#3101,#3092,#3105,.T.);
#3107=ORIENTED_EDGE('',*,*,#3106,.F.);
#3108=CARTESIAN_POINT('',(-30.423115093,54.840080916,41.046366211));
#3109=VERTEX_POINT('',#3108);
#3110=CARTESIAN_POINT('',(-30.423115093,25.75,32.75));
#3111=DIRECTION('',(-1.,0.,0.));
#3112=DIRECTION('',(0.,0.961655567,0.27426004));
#3113=AXIS2_PLACEMENT_3D('',#3110,#3111,#3112);
#3114=CIRCLE('',#3113,30.25);
#3115=EDGE_CURVE('',#3109,#3101,#3114,.T.);
#3116=ORIENTED_EDGE('',*,*,#3115,.F.);
#3117=CARTESIAN_POINT('',(-37.339728748,54.840080916,41.046366211));
#3118=VERTEX_POINT('',#3117);
#3119=CARTESIAN_POINT('',(-30.423115093,54.840080916,41.046366211));
#3120=DIRECTION('',(-1.,0.,0.));
#3121=VECTOR('',#3120,6.916613655);
#3122=LINE('',#3119,#3121);
#3123=EDGE_CURVE('',#3109,#3118,#3122,.T.);
#3124=ORIENTED_EDGE('',*,*,#3123,.T.);
#3125=CARTESIAN_POINT('',(-35.882603778,54.236103516,42.928624981));
#3126=VERTEX_POINT('',#3125);
#3127=CARTESIAN_POINT('',(-35.882603778,54.236103516,42.928624981));
#3128=CARTESIAN_POINT('',(-36.45176429,54.437231144,42.365745176));
#3129=CARTESIAN_POINT('',(-36.936796565,54.642523351,41.73907497));
#3130=CARTESIAN_POINT('',(-37.339728748,54.840080916,41.046366211));
#3131=B_SPLINE_CURVE_WITH_KNOTS('',3,(#3127,#3128,#3129,#3130),.UNSPECIFIED.,.F.,.F.,(4,4),(0.,0.002455789),.UNSPECIFIED.);
#3132=EDGE_CURVE('',#3126,#3118,#3131,.T.);
#3133=ORIENTED_EDGE('',*,*,#3132,.F.);
#3134=CARTESIAN_POINT('',(-30.423115093,54.236103516,42.928624981));
#3135=VERTEX_POINT('',#3134);
#3136=CARTESIAN_POINT('',(-30.423115093,54.236103516,42.928624981));
#3137=DIRECTION('',(-1.,0.,0.));
#3138=VECTOR('',#3137,5.459488685);
#3139=LINE('',#3136,#3138);
#3140=EDGE_CURVE('',#3135,#3126,#3139,.T.);
#3141=ORIENTED_EDGE('',*,*,#3140,.F.);
#3142=CARTESIAN_POINT('',(-30.423115093,54.202094557,43.023305959));
#3143=VERTEX_POINT('',#3142);
#3144=CARTESIAN_POINT('',(-30.423115093,25.750000001,32.75));
#3145=DIRECTION('',(-1.,0.,0.));
#3146=DIRECTION('',(0.,0.,1.));
#3147=AXIS2_PLACEMENT_3D('',#3144,#3145,#3146);
#3148=CIRCLE('',#3147,30.249999999);
#3149=EDGE_CURVE('',#3143,#3135,#3148,.T.);
#3150=ORIENTED_EDGE('',*,*,#3149,.F.);
#3151=CARTESIAN_POINT('',(-28.923115093,54.202094557,43.023305959));
#3152=VERTEX_POINT('',#3151);
#3153=CARTESIAN_POINT('',(-30.423115093,54.202094557,43.023305959));
#3154=DIRECTION('',(1.,-0.,-0.));
#3155=VECTOR('',#3154,1.5);
#3156=LINE('',#3153,#3155);
#3157=EDGE_CURVE('',#3143,#3152,#3156,.T.);
#3158=ORIENTED_EDGE('',*,*,#3157,.T.);
#3159=CARTESIAN_POINT('',(-28.923115093,54.630140235,41.75));
#3160=VERTEX_POINT('',#3159);
#3161=CARTESIAN_POINT('',(-28.923115093,25.75,32.75));
#3162=DIRECTION('',(1.,0.,0.));
#3163=DIRECTION('',(0.,0.,-1.));
#3164=AXIS2_PLACEMENT_3D('',#3161,#3162,#3163);
#3165=CIRCLE('',#3164,30.25);
#3166=EDGE_CURVE('',#3160,#3152,#3165,.T.);
#3167=ORIENTED_EDGE('',*,*,#3166,.F.);
#3168=CARTESIAN_POINT('',(-29.673115093,54.630140235,41.75));
#3169=DIRECTION('',(1.,0.,-0.));
#3170=VECTOR('',#3169,0.75);
#3171=LINE('',#3168,#3170);
#3172=EDGE_CURVE('',#2998,#3160,#3171,.T.);
#3173=ORIENTED_EDGE('',*,*,#3172,.F.);
#3174=EDGE_LOOP('',(#3005,#3013,#3022,#3030,#3039,#3047,#3056,#3065,#3073,#3082,#3090,#3099,#3107,#3116,#3124,#3133,#3141,#3150,#3158,#3167,#3173));
#3175=FACE_BOUND('',#3174,.T.);
#3176=ADVANCED_FACE('',(#3175),#2994,.T.);
#3177=CARTESIAN_POINT('',(-28.923115093,0.,0.));
#3178=DIRECTION('',(1.,0.,0.));
#3179=DIRECTION('',(0.,1.,0.));
#3180=AXIS2_PLACEMENT_3D('',#3177,#3178,#3179);
#3181=PLANE('',#3180);
#3182=CARTESIAN_POINT('',(-28.923115093,37.231003016,-36.517685595));
#3183=VERTEX_POINT('',#3182);
#3184=CARTESIAN_POINT('',(-28.923115093,31.532497182,-36.561746893));
#3185=VERTEX_POINT('',#3184);
#3186=CARTESIAN_POINT('',(-28.923115093,34.4,-38.9));
#3187=DIRECTION('',(1.,0.,0.));
#3188=DIRECTION('',(0.,0.,-1.));
#3189=AXIS2_PLACEMENT_3D('',#3186,#3187,#3188);
#3190=CIRCLE('',#3189,3.7);
#3191=EDGE_CURVE('',#3183,#3185,#3190,.T.);
#3192=ORIENTED_EDGE('',*,*,#3191,.F.);
#3193=CARTESIAN_POINT('',(-28.923115093,37.231003016,-36.033503016));
#3194=VERTEX_POINT('',#3193);
#3195=CARTESIAN_POINT('',(-28.923115093,37.231003016,-36.517685595));
#3196=DIRECTION('',(0.,0.,1.));
#3197=VECTOR('',#3196,0.484182579);
#3198=LINE('',#3195,#3197);
#3199=EDGE_CURVE('',#3183,#3194,#3198,.T.);
#3200=ORIENTED_EDGE('',*,*,#3199,.T.);
#3201=CARTESIAN_POINT('',(-28.923115093,40.631003016,-32.633503016));
#3202=VERTEX_POINT('',#3201);
#3203=CARTESIAN_POINT('',(-28.923115093,40.631003016,-36.033503016));
#3204=DIRECTION('',(-1.,-0.,-0.));
#3205=DIRECTION('',(0.,0.,-1.));
#3206=AXIS2_PLACEMENT_3D('',#3203,#3204,#3205);
#3207=CIRCLE('',#3206,3.4);
#3208=EDGE_CURVE('',#3194,#3202,#3207,.T.);
#3209=ORIENTED_EDGE('',*,*,#3208,.T.);
#3210=CARTESIAN_POINT('',(-28.923115093,49.368996984,-32.633503016));
#3211=VERTEX_POINT('',#3210);
#3212=CARTESIAN_POINT('',(-28.923115093,40.631003016,-32.633503016));
#3213=DIRECTION('',(-0.,1.,-0.));
#3214=VECTOR('',#3213,8.737993968);
#3215=LINE('',#3212,#3214);
#3216=EDGE_CURVE('',#3202,#3211,#3215,.T.);
#3217=ORIENTED_EDGE('',*,*,#3216,.T.);
#3218=CARTESIAN_POINT('',(-28.923115093,51.2,-33.16864212));
#3219=VERTEX_POINT('',#3218);
#3220=CARTESIAN_POINT('',(-28.923115093,49.368996984,-36.033503016));
#3221=DIRECTION('',(-1.,-0.,-0.));
#3222=DIRECTION('',(0.,0.,-1.));
#3223=AXIS2_PLACEMENT_3D('',#3220,#3221,#3222);
#3224=CIRCLE('',#3223,3.4);
#3225=EDGE_CURVE('',#3211,#3219,#3224,.T.);
#3226=ORIENTED_EDGE('',*,*,#3225,.T.);
#3227=CARTESIAN_POINT('',(-28.923115093,51.2,-24.9));
#3228=VERTEX_POINT('',#3227);
#3229=CARTESIAN_POINT('',(-28.923115093,51.2,-24.9));
#3230=DIRECTION('',(0.,0.,-1.));
#3231=VECTOR('',#3230,8.26864212);
#3232=LINE('',#3229,#3231);
#3233=EDGE_CURVE('',#3228,#3219,#3232,.T.);
#3234=ORIENTED_EDGE('',*,*,#3233,.F.);
#3235=CARTESIAN_POINT('',(-28.923115093,56.,-24.9));
#3236=VERTEX_POINT('',#3235);
#3237=CARTESIAN_POINT('',(-28.923115093,51.2,-24.9));
#3238=DIRECTION('',(0.,1.,0.));
#3239=VECTOR('',#3238,4.8);
#3240=LINE('',#3237,#3239);
#3241=EDGE_CURVE('',#3228,#3236,#3240,.T.);
#3242=ORIENTED_EDGE('',*,*,#3241,.T.);
#3243=CARTESIAN_POINT('',(-28.923115093,56.,30.95));
#3244=VERTEX_POINT('',#3243);
#3245=CARTESIAN_POINT('',(-28.923115093,56.,-24.9));
#3246=DIRECTION('',(0.,-0.,1.));
#3247=VECTOR('',#3246,55.85);
#3248=LINE('',#3245,#3247);
#3249=EDGE_CURVE('',#3236,#3244,#3248,.T.);
#3250=ORIENTED_EDGE('',*,*,#3249,.T.);
#3251=CARTESIAN_POINT('',(-28.923115093,53.6,30.95));
#3252=VERTEX_POINT('',#3251);
#3253=CARTESIAN_POINT('',(-28.923115093,56.,30.95));
#3254=DIRECTION('',(0.,-1.,0.));
#3255=VECTOR('',#3254,2.4);
#3256=LINE('',#3253,#3255);
#3257=EDGE_CURVE('',#3244,#3252,#3256,.T.);
#3258=ORIENTED_EDGE('',*,*,#3257,.T.);
#3259=CARTESIAN_POINT('',(-28.923115093,53.6,41.75));
#3260=VERTEX_POINT('',#3259);
#3261=CARTESIAN_POINT('',(-28.923115093,53.6,41.75));
#3262=DIRECTION('',(0.,0.,-1.));
#3263=VECTOR('',#3262,10.8);
#3264=LINE('',#3261,#3263);
#3265=EDGE_CURVE('',#3260,#3252,#3264,.T.);
#3266=ORIENTED_EDGE('',*,*,#3265,.F.);
#3267=CARTESIAN_POINT('',(-28.923115093,54.630140235,41.75));
#3268=DIRECTION('',(0.,-1.,0.));
#3269=VECTOR('',#3268,1.030140235);
#3270=LINE('',#3267,#3269);
#3271=EDGE_CURVE('',#3160,#3260,#3270,.T.);
#3272=ORIENTED_EDGE('',*,*,#3271,.F.);
#3273=ORIENTED_EDGE('',*,*,#3166,.T.);
#3274=CARTESIAN_POINT('',(-28.923115093,51.740723254,44.258059339));
#3275=VERTEX_POINT('',#3274);
#3276=CARTESIAN_POINT('',(-28.923115093,52.320964338,42.344079119));
#3277=DIRECTION('',(1.,0.,0.));
#3278=DIRECTION('',(0.,0.,-1.));
#3279=AXIS2_PLACEMENT_3D('',#3276,#3277,#3278);
#3280=CIRCLE('',#3279,2.);
#3281=EDGE_CURVE('',#3152,#3275,#3280,.T.);
#3282=ORIENTED_EDGE('',*,*,#3281,.T.);
#3283=CARTESIAN_POINT('',(-28.923115093,45.14673705,53.527866031));
#3284=VERTEX_POINT('',#3283);
#3285=CARTESIAN_POINT('',(-28.923115093,50.,50.));
#3286=DIRECTION('',(1.,0.,0.));
#3287=DIRECTION('',(0.,0.,-1.));
#3288=AXIS2_PLACEMENT_3D('',#3285,#3286,#3287);
#3289=CIRCLE('',#3288,6.);
#3290=EDGE_CURVE('',#3284,#3275,#3289,.T.);
#3291=ORIENTED_EDGE('',*,*,#3290,.F.);
#3292=CARTESIAN_POINT('',(-28.923115093,44.787671776,56.258074216));
#3293=VERTEX_POINT('',#3292);
#3294=CARTESIAN_POINT('',(-28.923115093,43.528982733,54.703821375));
#3295=DIRECTION('',(1.,0.,0.));
#3296=DIRECTION('',(0.,0.,-1.));
#3297=AXIS2_PLACEMENT_3D('',#3294,#3295,#3296);
#3298=CIRCLE('',#3297,2.);
#3299=EDGE_CURVE('',#3284,#3293,#3298,.T.);
#3300=ORIENTED_EDGE('',*,*,#3299,.T.);
#3301=CARTESIAN_POINT('',(-28.923115093,25.75,63.));
#3302=VERTEX_POINT('',#3301);
#3303=CARTESIAN_POINT('',(-28.923115093,25.75,32.75));
#3304=DIRECTION('',(1.,0.,0.));
#3305=DIRECTION('',(0.,0.,-1.));
#3306=AXIS2_PLACEMENT_3D('',#3303,#3304,#3305);
#3307=CIRCLE('',#3306,30.25);
#3308=EDGE_CURVE('',#3293,#3302,#3307,.T.);
#3309=ORIENTED_EDGE('',*,*,#3308,.T.);
#3310=CARTESIAN_POINT('',(-28.923115093,-20.,63.));
#3311=VERTEX_POINT('',#3310);
#3312=CARTESIAN_POINT('',(-28.923115093,25.75,63.));
#3313=DIRECTION('',(0.,-1.,0.));
#3314=VECTOR('',#3313,45.75);
#3315=LINE('',#3312,#3314);
#3316=EDGE_CURVE('',#3302,#3311,#3315,.T.);
#3317=ORIENTED_EDGE('',*,*,#3316,.T.);
#3318=CARTESIAN_POINT('',(-28.923115093,-20.,61.));
#3319=DIRECTION('',(1.,0.,0.));
#3320=DIRECTION('',(0.,0.,-1.));
#3321=AXIS2_PLACEMENT_3D('',#3318,#3319,#3320);
#3322=CIRCLE('',#3321,2.);
#3323=EDGE_CURVE('',#3311,#2840,#3322,.T.);
#3324=ORIENTED_EDGE('',*,*,#3323,.T.);
#3325=ORIENTED_EDGE('',*,*,#2845,.T.);
#3326=CARTESIAN_POINT('',(-28.923115093,-21.3,52.394733192));
#3327=VERTEX_POINT('',#3326);
#3328=CARTESIAN_POINT('',(-28.923115093,-21.3,53.094733192));
#3329=DIRECTION('',(1.,0.,0.));
#3330=DIRECTION('',(0.,0.,-1.));
#3331=AXIS2_PLACEMENT_3D('',#3328,#3329,#3330);
#3332=CIRCLE('',#3331,0.7);
#3333=EDGE_CURVE('',#2832,#3327,#3332,.T.);
#3334=ORIENTED_EDGE('',*,*,#3333,.T.);
#3335=CARTESIAN_POINT('',(-28.923115093,-21.,52.46227766));
#3336=VERTEX_POINT('',#3335);
#3337=CARTESIAN_POINT('',(-28.923115093,-21.3,53.094733192));
#3338=DIRECTION('',(1.,0.,0.));
#3339=DIRECTION('',(0.,0.,-1.));
#3340=AXIS2_PLACEMENT_3D('',#3337,#3338,#3339);
#3341=CIRCLE('',#3340,0.7);
#3342=EDGE_CURVE('',#3327,#3336,#3341,.T.);
#3343=ORIENTED_EDGE('',*,*,#3342,.T.);
#3344=CARTESIAN_POINT('',(-28.923115093,-19.5,45.8));
#3345=VERTEX_POINT('',#3344);
#3346=CARTESIAN_POINT('',(-28.923115093,-19.5,49.3));
#3347=DIRECTION('',(1.,0.,0.));
#3348=DIRECTION('',(-0.,1.,0.));
#3349=AXIS2_PLACEMENT_3D('',#3346,#3347,#3348);
#3350=CIRCLE('',#3349,3.5);
#3351=EDGE_CURVE('',#3345,#3336,#3350,.T.);
#3352=ORIENTED_EDGE('',*,*,#3351,.F.);
#3353=CARTESIAN_POINT('',(-28.923115093,-21.,46.13772234));
#3354=VERTEX_POINT('',#3353);
#3355=CARTESIAN_POINT('',(-28.923115093,-19.5,49.3));
#3356=DIRECTION('',(1.,0.,0.));
#3357=DIRECTION('',(-0.,1.,0.));
#3358=AXIS2_PLACEMENT_3D('',#3355,#3356,#3357);
#3359=CIRCLE('',#3358,3.5);
#3360=EDGE_CURVE('',#3354,#3345,#3359,.T.);
#3361=ORIENTED_EDGE('',*,*,#3360,.F.);
#3362=CARTESIAN_POINT('',(-28.923115093,-22.,45.505266808));
#3363=VERTEX_POINT('',#3362);
#3364=CARTESIAN_POINT('',(-28.923115093,-21.3,45.505266808));
#3365=DIRECTION('',(1.,0.,0.));
#3366=DIRECTION('',(0.,0.,-1.));
#3367=AXIS2_PLACEMENT_3D('',#3364,#3365,#3366);
#3368=CIRCLE('',#3367,0.7);
#3369=EDGE_CURVE('',#3354,#3363,#3368,.T.);
#3370=ORIENTED_EDGE('',*,*,#3369,.T.);
#3371=CARTESIAN_POINT('',(-28.923115093,-22.,40.));
#3372=VERTEX_POINT('',#3371);
#3373=CARTESIAN_POINT('',(-28.923115093,-22.,45.505266808));
#3374=DIRECTION('',(0.,0.,-1.));
#3375=VECTOR('',#3374,5.505266808);
#3376=LINE('',#3373,#3375);
#3377=EDGE_CURVE('',#3363,#3372,#3376,.T.);
#3378=ORIENTED_EDGE('',*,*,#3377,.T.);
#3379=CARTESIAN_POINT('',(-28.923115093,-20.299998,38.022627703));
#3380=VERTEX_POINT('',#3379);
#3381=CARTESIAN_POINT('',(-28.923115093,-20.,40.));
#3382=DIRECTION('',(1.,0.,0.));
#3383=DIRECTION('',(0.,0.,-1.));
#3384=AXIS2_PLACEMENT_3D('',#3381,#3382,#3383);
#3385=CIRCLE('',#3384,2.);
#3386=EDGE_CURVE('',#3372,#3380,#3385,.T.);
#3387=ORIENTED_EDGE('',*,*,#3386,.T.);
#3388=CARTESIAN_POINT('',(-28.923115093,-20.299998,41.800002));
#3389=VERTEX_POINT('',#3388);
#3390=CARTESIAN_POINT('',(-28.923115093,-20.299998,41.800002));
#3391=DIRECTION('',(0.,-0.,-1.));
#3392=VECTOR('',#3391,3.777374297);
#3393=LINE('',#3390,#3392);
#3394=EDGE_CURVE('',#3389,#3380,#3393,.T.);
#3395=ORIENTED_EDGE('',*,*,#3394,.F.);
#3396=CARTESIAN_POINT('',(-28.923115093,-10.299998,41.800002));
#3397=VERTEX_POINT('',#3396);
#3398=CARTESIAN_POINT('',(-28.923115093,-10.299998,41.800002));
#3399=DIRECTION('',(0.,-1.,0.));
#3400=VECTOR('',#3399,10.);
#3401=LINE('',#3398,#3400);
#3402=EDGE_CURVE('',#3397,#3389,#3401,.T.);
#3403=ORIENTED_EDGE('',*,*,#3402,.F.);
#3404=CARTESIAN_POINT('',(-28.923115093,-10.299998,38.));
#3405=VERTEX_POINT('',#3404);
#3406=CARTESIAN_POINT('',(-28.923115093,-10.299998,41.800002));
#3407=DIRECTION('',(0.,-0.,-1.));
#3408=VECTOR('',#3407,3.800002);
#3409=LINE('',#3406,#3408);
#3410=EDGE_CURVE('',#3397,#3405,#3409,.T.);
#3411=ORIENTED_EDGE('',*,*,#3410,.T.);
#3412=CARTESIAN_POINT('',(-28.923115093,-5.9,38.));
#3413=VERTEX_POINT('',#3412);
#3414=CARTESIAN_POINT('',(-28.923115093,-5.9,38.));
#3415=DIRECTION('',(0.,-1.,0.));
#3416=VECTOR('',#3415,4.399998);
#3417=LINE('',#3414,#3416);
#3418=EDGE_CURVE('',#3413,#3405,#3417,.T.);
#3419=ORIENTED_EDGE('',*,*,#3418,.F.);
#3420=CARTESIAN_POINT('',(-28.923115093,-5.9,41.75));
#3421=VERTEX_POINT('',#3420);
#3422=CARTESIAN_POINT('',(-28.923115093,-5.9,41.75));
#3423=DIRECTION('',(0.,-0.,-1.));
#3424=VECTOR('',#3423,3.75);
#3425=LINE('',#3422,#3424);
#3426=EDGE_CURVE('',#3421,#3413,#3425,.T.);
#3427=ORIENTED_EDGE('',*,*,#3426,.F.);
#3428=CARTESIAN_POINT('',(-28.923115093,4.1,41.75));
#3429=VERTEX_POINT('',#3428);
#3430=CARTESIAN_POINT('',(-28.923115093,4.1,41.75));
#3431=DIRECTION('',(0.,-1.,0.));
#3432=VECTOR('',#3431,10.);
#3433=LINE('',#3430,#3432);
#3434=EDGE_CURVE('',#3429,#3421,#3433,.T.);
#3435=ORIENTED_EDGE('',*,*,#3434,.F.);
#3436=CARTESIAN_POINT('',(-28.923115093,4.1,38.));
#3437=VERTEX_POINT('',#3436);
#3438=CARTESIAN_POINT('',(-28.923115093,4.1,41.75));
#3439=DIRECTION('',(0.,-0.,-1.));
#3440=VECTOR('',#3439,3.75);
#3441=LINE('',#3438,#3440);
#3442=EDGE_CURVE('',#3429,#3437,#3441,.T.);
#3443=ORIENTED_EDGE('',*,*,#3442,.T.);
#3444=CARTESIAN_POINT('',(-28.923115093,5.299999,38.));
#3445=VERTEX_POINT('',#3444);
#3446=CARTESIAN_POINT('',(-28.923115093,5.299999,38.));
#3447=DIRECTION('',(0.,-1.,0.));
#3448=VECTOR('',#3447,1.199999);
#3449=LINE('',#3446,#3448);
#3450=EDGE_CURVE('',#3445,#3437,#3449,.T.);
#3451=ORIENTED_EDGE('',*,*,#3450,.F.);
#3452=CARTESIAN_POINT('',(-28.923115093,5.299999,43.600002));
#3453=VERTEX_POINT('',#3452);
#3454=CARTESIAN_POINT('',(-28.923115093,5.299999,43.600002));
#3455=DIRECTION('',(0.,0.,-1.));
#3456=VECTOR('',#3455,5.600002);
#3457=LINE('',#3454,#3456);
#3458=EDGE_CURVE('',#3453,#3445,#3457,.T.);
#3459=ORIENTED_EDGE('',*,*,#3458,.F.);
#3460=CARTESIAN_POINT('',(-28.923115093,16.099999,43.600002));
#3461=VERTEX_POINT('',#3460);
#3462=CARTESIAN_POINT('',(-28.923115093,5.299999,43.600002));
#3463=DIRECTION('',(0.,1.,0.));
#3464=VECTOR('',#3463,10.8);
#3465=LINE('',#3462,#3464);
#3466=EDGE_CURVE('',#3453,#3461,#3465,.T.);
#3467=ORIENTED_EDGE('',*,*,#3466,.T.);
#3468=CARTESIAN_POINT('',(-28.923115093,16.099999,38.));
#3469=VERTEX_POINT('',#3468);
#3470=CARTESIAN_POINT('',(-28.923115093,16.099999,43.600002));
#3471=DIRECTION('',(0.,0.,-1.));
#3472=VECTOR('',#3471,5.600002);
#3473=LINE('',#3470,#3472);
#3474=EDGE_CURVE('',#3461,#3469,#3473,.T.);
#3475=ORIENTED_EDGE('',*,*,#3474,.T.);
#3476=CARTESIAN_POINT('',(-28.923115093,20.081003016,38.));
#3477=VERTEX_POINT('',#3476);
#3478=CARTESIAN_POINT('',(-28.923115093,20.081003016,38.));
#3479=DIRECTION('',(0.,-1.,0.));
#3480=VECTOR('',#3479,3.981004016);
#3481=LINE('',#3478,#3480);
#3482=EDGE_CURVE('',#3477,#3469,#3481,.T.);
#3483=ORIENTED_EDGE('',*,*,#3482,.F.);
#3484=CARTESIAN_POINT('',(-28.923115093,20.081003016,46.743996984));
#3485=VERTEX_POINT('',#3484);
#3486=CARTESIAN_POINT('',(-28.923115093,20.081003016,38.));
#3487=DIRECTION('',(0.,0.,1.));
#3488=VECTOR('',#3487,8.743996984);
#3489=LINE('',#3486,#3488);
#3490=EDGE_CURVE('',#3477,#3485,#3489,.T.);
#3491=ORIENTED_EDGE('',*,*,#3490,.T.);
#3492=CARTESIAN_POINT('',(-28.923115093,23.481003016,46.743996984));
#3493=DIRECTION('',(-1.,-0.,-0.));
#3494=DIRECTION('',(0.,0.,-1.));
#3495=AXIS2_PLACEMENT_3D('',#3492,#3493,#3494);
#3496=CIRCLE('',#3495,3.4);
#3497=EDGE_CURVE('',#3485,#681,#3496,.T.);
#3498=ORIENTED_EDGE('',*,*,#3497,.T.);
#3499=CARTESIAN_POINT('',(-28.923115093,24.326647768,50.143996984));
#3500=VERTEX_POINT('',#3499);
#3501=CARTESIAN_POINT('',(-28.923115093,21.1,51.5));
#3502=DIRECTION('',(1.,0.,0.));
#3503=DIRECTION('',(-0.,1.,0.));
#3504=AXIS2_PLACEMENT_3D('',#3501,#3502,#3503);
#3505=CIRCLE('',#3504,3.5);
#3506=EDGE_CURVE('',#3500,#681,#3505,.T.);
#3507=ORIENTED_EDGE('',*,*,#3506,.F.);
#3508=CARTESIAN_POINT('',(-28.923115093,27.318996984,50.143996984));
#3509=VERTEX_POINT('',#3508);
#3510=CARTESIAN_POINT('',(-28.923115093,24.326647768,50.143996984));
#3511=DIRECTION('',(0.,1.,0.));
#3512=VECTOR('',#3511,2.992349216);
#3513=LINE('',#3510,#3512);
#3514=EDGE_CURVE('',#3500,#3509,#3513,.T.);
#3515=ORIENTED_EDGE('',*,*,#3514,.T.);
#3516=CARTESIAN_POINT('',(-28.923115093,30.718996984,46.743996984));
#3517=VERTEX_POINT('',#3516);
#3518=CARTESIAN_POINT('',(-28.923115093,27.318996984,46.743996984));
#3519=DIRECTION('',(-1.,-0.,-0.));
#3520=DIRECTION('',(0.,0.,-1.));
#3521=AXIS2_PLACEMENT_3D('',#3518,#3519,#3520);
#3522=CIRCLE('',#3521,3.4);
#3523=EDGE_CURVE('',#3509,#3517,#3522,.T.);
#3524=ORIENTED_EDGE('',*,*,#3523,.T.);
#3525=CARTESIAN_POINT('',(-28.923115093,30.718996984,34.444570439));
#3526=VERTEX_POINT('',#3525);
#3527=CARTESIAN_POINT('',(-28.923115093,30.718996984,46.743996984));
#3528=DIRECTION('',(-0.,-0.,-1.));
#3529=VECTOR('',#3528,12.299426545);
#3530=LINE('',#3527,#3529);
#3531=EDGE_CURVE('',#3517,#3526,#3530,.T.);
#3532=ORIENTED_EDGE('',*,*,#3531,.T.);
#3533=CARTESIAN_POINT('',(-28.923115093,25.75,32.75));
#3534=DIRECTION('',(1.,0.,0.));
#3535=DIRECTION('',(0.,0.,-1.));
#3536=AXIS2_PLACEMENT_3D('',#3533,#3534,#3535);
#3537=CIRCLE('',#3536,5.25);
#3538=EDGE_CURVE('',#1382,#3526,#3537,.T.);
#3539=ORIENTED_EDGE('',*,*,#3538,.F.);
#3540=ORIENTED_EDGE('',*,*,#1387,.F.);
#3541=CARTESIAN_POINT('',(-28.923115093,38.9,31.2));
#3542=VERTEX_POINT('',#3541);
#3543=CARTESIAN_POINT('',(-28.923115093,38.9,31.2));
#3544=DIRECTION('',(0.,-1.,0.));
#3545=VECTOR('',#3544,7.9);
#3546=LINE('',#3543,#3545);
#3547=EDGE_CURVE('',#3542,#1374,#3546,.T.);
#3548=ORIENTED_EDGE('',*,*,#3547,.F.);
#3549=CARTESIAN_POINT('',(-28.923115093,38.9,20.4));
#3550=VERTEX_POINT('',#3549);
#3551=CARTESIAN_POINT('',(-28.923115093,38.9,31.2));
#3552=DIRECTION('',(0.,0.,-1.));
#3553=VECTOR('',#3552,10.8);
#3554=LINE('',#3551,#3553);
#3555=EDGE_CURVE('',#3542,#3550,#3554,.T.);
#3556=ORIENTED_EDGE('',*,*,#3555,.T.);
#3557=CARTESIAN_POINT('',(-28.923115093,38.9,20.4));
#3558=DIRECTION('',(0.,-1.,0.));
#3559=VECTOR('',#3558,7.9);
#3560=LINE('',#3557,#3559);
#3561=EDGE_CURVE('',#3550,#1350,#3560,.T.);
#3562=ORIENTED_EDGE('',*,*,#3561,.T.);
#3563=ORIENTED_EDGE('',*,*,#1355,.F.);
#3564=CARTESIAN_POINT('',(-28.923115093,31.3,-36.672155068));
#3565=VERTEX_POINT('',#3564);
#3566=CARTESIAN_POINT('',(-28.923115093,31.3,-36.372155068));
#3567=DIRECTION('',(1.,0.,0.));
#3568=DIRECTION('',(0.,0.,-1.));
#3569=AXIS2_PLACEMENT_3D('',#3566,#3567,#3568);
#3570=CIRCLE('',#3569,0.3);
#3571=EDGE_CURVE('',#1348,#3565,#3570,.T.);
#3572=ORIENTED_EDGE('',*,*,#3571,.T.);
#3573=CARTESIAN_POINT('',(-28.923115093,31.3,-36.372155068));
#3574=DIRECTION('',(1.,0.,0.));
#3575=DIRECTION('',(0.,0.,-1.));
#3576=AXIS2_PLACEMENT_3D('',#3573,#3574,#3575);
#3577=CIRCLE('',#3576,0.3);
#3578=EDGE_CURVE('',#3565,#3185,#3577,.T.);
#3579=ORIENTED_EDGE('',*,*,#3578,.T.);
#3580=EDGE_LOOP('',(#3192,#3200,#3209,#3217,#3226,#3234,#3242,#3250,#3258,#3266,#3272,#3273,#3282,#3291,#3300,#3309,#3317,#3324,#3325,#3334,#3343,#3352,#3361,#3370,#3378,#3387,
#3395,#3403,#3411,#3419,#3427,#3435,#3443,#3451,#3459,#3467,#3475,#3483,#3491,#3498,#3507,#3515,#3524,#3532,#3539,#3540,#3548,#3556,#3562,#3563,#3572,
#3579));
#3581=FACE_BOUND('',#3580,.T.);
#3582=CARTESIAN_POINT('',(-28.923115093,0.7,54.6));
#3583=VERTEX_POINT('',#3582);
#3584=CARTESIAN_POINT('',(-28.923115093,-2.798114658,57.985135559));
#3585=VERTEX_POINT('',#3584);
#3586=CARTESIAN_POINT('',(-28.923115093,0.7,58.1));
#3587=DIRECTION('',(1.,0.,0.));
#3588=DIRECTION('',(-0.,1.,0.));
#3589=AXIS2_PLACEMENT_3D('',#3586,#3587,#3588);
#3590=CIRCLE('',#3589,3.5);
#3591=EDGE_CURVE('',#3583,#3585,#3590,.T.);
#3592=ORIENTED_EDGE('',*,*,#3591,.F.);
#3593=CARTESIAN_POINT('',(-28.923115093,0.402060012,54.612704233));
#3594=VERTEX_POINT('',#3593);
#3595=CARTESIAN_POINT('',(-28.923115093,0.7,58.1));
#3596=DIRECTION('',(1.,0.,0.));
#3597=DIRECTION('',(-0.,1.,0.));
#3598=AXIS2_PLACEMENT_3D('',#3595,#3596,#3597);
#3599=CIRCLE('',#3598,3.5);
#3600=EDGE_CURVE('',#3594,#3583,#3599,.T.);
#3601=ORIENTED_EDGE('',*,*,#3600,.F.);
#3602=CARTESIAN_POINT('',(-28.923115093,-0.149553769,50.528248558));
#3603=VERTEX_POINT('',#3602);
#3604=CARTESIAN_POINT('',(-28.923115093,-2.553716825,52.932411614));
#3605=DIRECTION('',(-1.,-0.,-0.));
#3606=DIRECTION('',(0.,0.,-1.));
#3607=AXIS2_PLACEMENT_3D('',#3604,#3605,#3606);
#3608=CIRCLE('',#3607,3.4);
#3609=EDGE_CURVE('',#3594,#3603,#3608,.T.);
#3610=ORIENTED_EDGE('',*,*,#3609,.T.);
#3611=CARTESIAN_POINT('',(-28.923115093,-6.328248558,44.349553769));
#3612=VERTEX_POINT('',#3611);
#3613=CARTESIAN_POINT('',(-28.923115093,-0.149553769,50.528248558));
#3614=DIRECTION('',(-0.,-0.707106781,-0.707106781));
#3615=VECTOR('',#3614,8.737993968);
#3616=LINE('',#3613,#3615);
#3617=EDGE_CURVE('',#3603,#3612,#3616,.T.);
#3618=ORIENTED_EDGE('',*,*,#3617,.T.);
#3619=CARTESIAN_POINT('',(-28.923115093,-8.732411614,43.353716825));
#3620=VERTEX_POINT('',#3619);
#3621=CARTESIAN_POINT('',(-28.923115093,-8.732411614,46.753716825));
#3622=DIRECTION('',(-1.,-0.,-0.));
#3623=DIRECTION('',(0.,0.,-1.));
#3624=AXIS2_PLACEMENT_3D('',#3621,#3622,#3623);
#3625=CIRCLE('',#3624,3.4);
#3626=EDGE_CURVE('',#3612,#3620,#3625,.T.);
#3627=ORIENTED_EDGE('',*,*,#3626,.T.);
#3628=CARTESIAN_POINT('',(-28.923115093,-11.13657467,44.349553769));
#3629=VERTEX_POINT('',#3628);
#3630=CARTESIAN_POINT('',(-28.923115093,-8.732411614,46.753716825));
#3631=DIRECTION('',(-1.,-0.,-0.));
#3632=DIRECTION('',(0.,0.,-1.));
#3633=AXIS2_PLACEMENT_3D('',#3630,#3631,#3632);
#3634=CIRCLE('',#3633,3.4);
#3635=EDGE_CURVE('',#3620,#3629,#3634,.T.);
#3636=ORIENTED_EDGE('',*,*,#3635,.T.);
#3637=CARTESIAN_POINT('',(-28.923115093,-13.850446231,47.06342533));
#3638=VERTEX_POINT('',#3637);
#3639=CARTESIAN_POINT('',(-28.923115093,-11.13657467,44.349553769));
#3640=DIRECTION('',(-0.,-0.707106781,0.707106781));
#3641=VECTOR('',#3640,3.837993968);
#3642=LINE('',#3639,#3641);
#3643=EDGE_CURVE('',#3629,#3638,#3642,.T.);
#3644=ORIENTED_EDGE('',*,*,#3643,.T.);
#3645=CARTESIAN_POINT('',(-28.923115093,-13.850446231,51.871751442));
#3646=VERTEX_POINT('',#3645);
#3647=CARTESIAN_POINT('',(-28.923115093,-11.446283175,49.467588386));
#3648=DIRECTION('',(-1.,-0.,-0.));
#3649=DIRECTION('',(0.,0.,-1.));
#3650=AXIS2_PLACEMENT_3D('',#3647,#3648,#3649);
#3651=CIRCLE('',#3650,3.4);
#3652=EDGE_CURVE('',#3638,#3646,#3651,.T.);
#3653=ORIENTED_EDGE('',*,*,#3652,.T.);
#3654=CARTESIAN_POINT('',(-28.923115093,-7.671751442,58.050446231));
#3655=VERTEX_POINT('',#3654);
#3656=CARTESIAN_POINT('',(-28.923115093,-13.850446231,51.871751442));
#3657=DIRECTION('',(0.,0.707106781,0.707106781));
#3658=VECTOR('',#3657,8.737993968);
#3659=LINE('',#3656,#3658);
#3660=EDGE_CURVE('',#3646,#3655,#3659,.T.);
#3661=ORIENTED_EDGE('',*,*,#3660,.T.);
#3662=CARTESIAN_POINT('',(-28.923115093,-2.86342533,58.050446231));
#3663=VERTEX_POINT('',#3662);
#3664=CARTESIAN_POINT('',(-28.923115093,-5.267588386,55.646283175));
#3665=DIRECTION('',(-1.,-0.,-0.));
#3666=DIRECTION('',(0.,0.,-1.));
#3667=AXIS2_PLACEMENT_3D('',#3664,#3665,#3666);
#3668=CIRCLE('',#3667,3.4);
#3669=EDGE_CURVE('',#3655,#3663,#3668,.T.);
#3670=ORIENTED_EDGE('',*,*,#3669,.T.);
#3671=CARTESIAN_POINT('',(-28.923115093,-2.86342533,58.050446231));
#3672=DIRECTION('',(0.,0.707106781,-0.707106781));
#3673=VECTOR('',#3672,0.092363238);
#3674=LINE('',#3671,#3673);
#3675=EDGE_CURVE('',#3663,#3585,#3674,.T.);
#3676=ORIENTED_EDGE('',*,*,#3675,.T.);
#3677=EDGE_LOOP('',(#3592,#3601,#3610,#3618,#3627,#3636,#3644,#3653,#3661,#3670,#3676));
#3678=FACE_BOUND('',#3677,.T.);
#3679=CARTESIAN_POINT('',(-28.923115093,50.55,33.));
#3680=VERTEX_POINT('',#3679);
#3681=CARTESIAN_POINT('',(-28.923115093,39.75,33.));
#3682=VERTEX_POINT('',#3681);
#3683=CARTESIAN_POINT('',(-28.923115093,50.55,33.));
#3684=DIRECTION('',(0.,-1.,0.));
#3685=VECTOR('',#3684,10.8);
#3686=LINE('',#3683,#3685);
#3687=EDGE_CURVE('',#3680,#3682,#3686,.T.);
#3688=ORIENTED_EDGE('',*,*,#3687,.F.);
#3689=CARTESIAN_POINT('',(-28.923115093,50.55,23.));
#3690=VERTEX_POINT('',#3689);
#3691=CARTESIAN_POINT('',(-28.923115093,50.55,33.));
#3692=DIRECTION('',(0.,0.,-1.));
#3693=VECTOR('',#3692,10.);
#3694=LINE('',#3691,#3693);
#3695=EDGE_CURVE('',#3680,#3690,#3694,.T.);
#3696=ORIENTED_EDGE('',*,*,#3695,.T.);
#3697=CARTESIAN_POINT('',(-28.923115093,39.75,23.));
#3698=VERTEX_POINT('',#3697);
#3699=CARTESIAN_POINT('',(-28.923115093,39.75,23.));
#3700=DIRECTION('',(0.,1.,0.));
#3701=VECTOR('',#3700,10.8);
#3702=LINE('',#3699,#3701);
#3703=EDGE_CURVE('',#3698,#3690,#3702,.T.);
#3704=ORIENTED_EDGE('',*,*,#3703,.F.);
#3705=CARTESIAN_POINT('',(-28.923115093,39.75,33.));
#3706=DIRECTION('',(0.,0.,-1.));
#3707=VECTOR('',#3706,10.);
#3708=LINE('',#3705,#3707);
#3709=EDGE_CURVE('',#3682,#3698,#3708,.T.);
#3710=ORIENTED_EDGE('',*,*,#3709,.F.);
#3711=EDGE_LOOP('',(#3688,#3696,#3704,#3710));
#3712=FACE_BOUND('',#3711,.T.);
#3713=CARTESIAN_POINT('',(-28.923115093,50.85,8.7));
#3714=VERTEX_POINT('',#3713);
#3715=CARTESIAN_POINT('',(-28.923115093,40.05,8.7));
#3716=VERTEX_POINT('',#3715);
#3717=CARTESIAN_POINT('',(-28.923115093,50.85,8.7));
#3718=DIRECTION('',(0.,-1.,0.));
#3719=VECTOR('',#3718,10.8);
#3720=LINE('',#3717,#3719);
#3721=EDGE_CURVE('',#3714,#3716,#3720,.T.);
#3722=ORIENTED_EDGE('',*,*,#3721,.F.);
#3723=CARTESIAN_POINT('',(-28.923115093,50.85,-1.3));
#3724=VERTEX_POINT('',#3723);
#3725=CARTESIAN_POINT('',(-28.923115093,50.85,8.7));
#3726=DIRECTION('',(0.,0.,-1.));
#3727=VECTOR('',#3726,10.);
#3728=LINE('',#3725,#3727);
#3729=EDGE_CURVE('',#3714,#3724,#3728,.T.);
#3730=ORIENTED_EDGE('',*,*,#3729,.T.);
#3731=CARTESIAN_POINT('',(-28.923115093,40.05,-1.3));
#3732=VERTEX_POINT('',#3731);
#3733=CARTESIAN_POINT('',(-28.923115093,40.05,-1.3));
#3734=DIRECTION('',(0.,1.,0.));
#3735=VECTOR('',#3734,10.8);
#3736=LINE('',#3733,#3735);
#3737=EDGE_CURVE('',#3732,#3724,#3736,.T.);
#3738=ORIENTED_EDGE('',*,*,#3737,.F.);
#3739=CARTESIAN_POINT('',(-28.923115093,40.05,8.7));
#3740=DIRECTION('',(0.,0.,-1.));
#3741=VECTOR('',#3740,10.);
#3742=LINE('',#3739,#3741);
#3743=EDGE_CURVE('',#3716,#3732,#3742,.T.);
#3744=ORIENTED_EDGE('',*,*,#3743,.F.);
#3745=EDGE_LOOP('',(#3722,#3730,#3738,#3744));
#3746=FACE_BOUND('',#3745,.T.);
#3747=CARTESIAN_POINT('',(-28.923115093,50.6,-16.8));
#3748=VERTEX_POINT('',#3747);
#3749=CARTESIAN_POINT('',(-28.923115093,39.8,-16.8));
#3750=VERTEX_POINT('',#3749);
#3751=CARTESIAN_POINT('',(-28.923115093,50.6,-16.8));
#3752=DIRECTION('',(0.,-1.,0.));
#3753=VECTOR('',#3752,10.8);
#3754=LINE('',#3751,#3753);
#3755=EDGE_CURVE('',#3748,#3750,#3754,.T.);
#3756=ORIENTED_EDGE('',*,*,#3755,.F.);
#3757=CARTESIAN_POINT('',(-28.923115093,50.6,-26.8));
#3758=VERTEX_POINT('',#3757);
#3759=CARTESIAN_POINT('',(-28.923115093,50.6,-16.8));
#3760=DIRECTION('',(0.,0.,-1.));
#3761=VECTOR('',#3760,10.);
#3762=LINE('',#3759,#3761);
#3763=EDGE_CURVE('',#3748,#3758,#3762,.T.);
#3764=ORIENTED_EDGE('',*,*,#3763,.T.);
#3765=CARTESIAN_POINT('',(-28.923115093,39.8,-26.8));
#3766=VERTEX_POINT('',#3765);
#3767=CARTESIAN_POINT('',(-28.923115093,39.8,-26.8));
#3768=DIRECTION('',(0.,1.,0.));
#3769=VECTOR('',#3768,10.8);
#3770=LINE('',#3767,#3769);
#3771=EDGE_CURVE('',#3766,#3758,#3770,.T.);
#3772=ORIENTED_EDGE('',*,*,#3771,.F.);
#3773=CARTESIAN_POINT('',(-28.923115093,39.8,-16.8));
#3774=DIRECTION('',(0.,0.,-1.));
#3775=VECTOR('',#3774,10.);
#3776=LINE('',#3773,#3775);
#3777=EDGE_CURVE('',#3750,#3766,#3776,.T.);
#3778=ORIENTED_EDGE('',*,*,#3777,.F.);
#3779=EDGE_LOOP('',(#3756,#3764,#3772,#3778));
#3780=FACE_BOUND('',#3779,.T.);
#3781=CARTESIAN_POINT('',(-28.923115093,50.5,21.9));
#3782=VERTEX_POINT('',#3781);
#3783=CARTESIAN_POINT('',(-28.923115093,39.7,21.9));
#3784=VERTEX_POINT('',#3783);
#3785=CARTESIAN_POINT('',(-28.923115093,50.5,21.9));
#3786=DIRECTION('',(0.,-1.,0.));
#3787=VECTOR('',#3786,10.8);
#3788=LINE('',#3785,#3787);
#3789=EDGE_CURVE('',#3782,#3784,#3788,.T.);
#3790=ORIENTED_EDGE('',*,*,#3789,.F.);
#3791=CARTESIAN_POINT('',(-28.923115093,50.5,11.9));
#3792=VERTEX_POINT('',#3791);
#3793=CARTESIAN_POINT('',(-28.923115093,50.5,21.9));
#3794=DIRECTION('',(0.,0.,-1.));
#3795=VECTOR('',#3794,10.);
#3796=LINE('',#3793,#3795);
#3797=EDGE_CURVE('',#3782,#3792,#3796,.T.);
#3798=ORIENTED_EDGE('',*,*,#3797,.T.);
#3799=CARTESIAN_POINT('',(-28.923115093,39.7,11.9));
#3800=VERTEX_POINT('',#3799);
#3801=CARTESIAN_POINT('',(-28.923115093,39.7,11.9));
#3802=DIRECTION('',(0.,1.,0.));
#3803=VECTOR('',#3802,10.8);
#3804=LINE('',#3801,#3803);
#3805=EDGE_CURVE('',#3800,#3792,#3804,.T.);
#3806=ORIENTED_EDGE('',*,*,#3805,.F.);
#3807=CARTESIAN_POINT('',(-28.923115093,39.7,21.9));
#3808=DIRECTION('',(0.,0.,-1.));
#3809=VECTOR('',#3808,10.);
#3810=LINE('',#3807,#3809);
#3811=EDGE_CURVE('',#3784,#3800,#3810,.T.);
#3812=ORIENTED_EDGE('',*,*,#3811,.F.);
#3813=EDGE_LOOP('',(#3790,#3798,#3806,#3812));
#3814=FACE_BOUND('',#3813,.T.);
#3815=CARTESIAN_POINT('',(-28.923115093,39.9,-5.7));
#3816=VERTEX_POINT('',#3815);
#3817=CARTESIAN_POINT('',(-28.923115093,39.9,-15.7));
#3818=VERTEX_POINT('',#3817);
#3819=CARTESIAN_POINT('',(-28.923115093,39.9,-5.7));
#3820=DIRECTION('',(0.,0.,-1.));
#3821=VECTOR('',#3820,10.);
#3822=LINE('',#3819,#3821);
#3823=EDGE_CURVE('',#3816,#3818,#3822,.T.);
#3824=ORIENTED_EDGE('',*,*,#3823,.F.);
#3825=CARTESIAN_POINT('',(-28.923115093,50.7,-5.7));
#3826=VERTEX_POINT('',#3825);
#3827=CARTESIAN_POINT('',(-28.923115093,39.9,-5.7));
#3828=DIRECTION('',(0.,1.,0.));
#3829=VECTOR('',#3828,10.8);
#3830=LINE('',#3827,#3829);
#3831=EDGE_CURVE('',#3816,#3826,#3830,.T.);
#3832=ORIENTED_EDGE('',*,*,#3831,.T.);
#3833=CARTESIAN_POINT('',(-28.923115093,50.7,-15.7));
#3834=VERTEX_POINT('',#3833);
#3835=CARTESIAN_POINT('',(-28.923115093,50.7,-15.7));
#3836=DIRECTION('',(0.,0.,1.));
#3837=VECTOR('',#3836,10.);
#3838=LINE('',#3835,#3837);
#3839=EDGE_CURVE('',#3834,#3826,#3838,.T.);
#3840=ORIENTED_EDGE('',*,*,#3839,.F.);
#3841=CARTESIAN_POINT('',(-28.923115093,39.9,-15.7));
#3842=DIRECTION('',(0.,1.,0.));
#3843=VECTOR('',#3842,10.8);
#3844=LINE('',#3841,#3843);
#3845=EDGE_CURVE('',#3818,#3834,#3844,.T.);
#3846=ORIENTED_EDGE('',*,*,#3845,.F.);
#3847=EDGE_LOOP('',(#3824,#3832,#3840,#3846));
#3848=FACE_BOUND('',#3847,.T.);
#3849=CARTESIAN_POINT('',(-28.923115093,5.35,58.1));
#3850=VERTEX_POINT('',#3849);
#3851=CARTESIAN_POINT('',(-28.923115093,5.35,48.1));
#3852=VERTEX_POINT('',#3851);
#3853=CARTESIAN_POINT('',(-28.923115093,5.35,58.1));
#3854=DIRECTION('',(0.,0.,-1.));
#3855=VECTOR('',#3854,10.);
#3856=LINE('',#3853,#3855);
#3857=EDGE_CURVE('',#3850,#3852,#3856,.T.);
#3858=ORIENTED_EDGE('',*,*,#3857,.F.);
#3859=CARTESIAN_POINT('',(-28.923115093,16.15,58.1));
#3860=VERTEX_POINT('',#3859);
#3861=CARTESIAN_POINT('',(-28.923115093,5.35,58.1));
#3862=DIRECTION('',(0.,1.,0.));
#3863=VECTOR('',#3862,10.8);
#3864=LINE('',#3861,#3863);
#3865=EDGE_CURVE('',#3850,#3860,#3864,.T.);
#3866=ORIENTED_EDGE('',*,*,#3865,.T.);
#3867=CARTESIAN_POINT('',(-28.923115093,16.15,48.1));
#3868=VERTEX_POINT('',#3867);
#3869=CARTESIAN_POINT('',(-28.923115093,16.15,48.1));
#3870=DIRECTION('',(0.,-0.,1.));
#3871=VECTOR('',#3870,10.);
#3872=LINE('',#3869,#3871);
#3873=EDGE_CURVE('',#3868,#3860,#3872,.T.);
#3874=ORIENTED_EDGE('',*,*,#3873,.F.);
#3875=CARTESIAN_POINT('',(-28.923115093,5.35,48.1));
#3876=DIRECTION('',(0.,1.,0.));
#3877=VECTOR('',#3876,10.8);
#3878=LINE('',#3875,#3877);
#3879=EDGE_CURVE('',#3852,#3868,#3878,.T.);
#3880=ORIENTED_EDGE('',*,*,#3879,.F.);
#3881=EDGE_LOOP('',(#3858,#3866,#3874,#3880));
#3882=FACE_BOUND('',#3881,.T.);
#3883=ADVANCED_FACE('',(#3581,#3678,#3712,#3746,#3780,#3814,#3848,#3882),#3181,.T.);
#3884=CARTESIAN_POINT('',(-30.923115093,0.240501508,38.));
#3885=DIRECTION('',(0.,0.,-1.));
#3886=DIRECTION('',(-1.,0.,0.));
#3887=AXIS2_PLACEMENT_3D('',#3884,#3885,#3886);
#3888=PLANE('',#3887);
#3889=CARTESIAN_POINT('',(-29.673115093,16.099999,38.));
#3890=VERTEX_POINT('',#3889);
#3891=CARTESIAN_POINT('',(-29.673115093,5.299999,38.));
#3892=VERTEX_POINT('',#3891);
#3893=CARTESIAN_POINT('',(-29.673115093,16.099999,38.));
#3894=DIRECTION('',(0.,-1.,0.));
#3895=VECTOR('',#3894,10.8);
#3896=LINE('',#3893,#3895);
#3897=EDGE_CURVE('',#3890,#3892,#3896,.T.);
#3898=ORIENTED_EDGE('',*,*,#3897,.T.);
#3899=CARTESIAN_POINT('',(-29.673115093,5.299999,38.));
#3900=DIRECTION('',(1.,0.,-0.));
#3901=VECTOR('',#3900,0.75);
#3902=LINE('',#3899,#3901);
#3903=EDGE_CURVE('',#3892,#3445,#3902,.T.);
#3904=ORIENTED_EDGE('',*,*,#3903,.T.);
#3905=ORIENTED_EDGE('',*,*,#3450,.T.);
#3906=CARTESIAN_POINT('',(-29.673115093,4.1,38.));
#3907=VERTEX_POINT('',#3906);
#3908=CARTESIAN_POINT('',(-29.673115093,4.1,38.));
#3909=DIRECTION('',(1.,0.,-0.));
#3910=VECTOR('',#3909,0.75);
#3911=LINE('',#3908,#3910);
#3912=EDGE_CURVE('',#3907,#3437,#3911,.T.);
#3913=ORIENTED_EDGE('',*,*,#3912,.F.);
#3914=CARTESIAN_POINT('',(-29.673115093,-5.9,38.));
#3915=VERTEX_POINT('',#3914);
#3916=CARTESIAN_POINT('',(-29.673115093,4.1,38.));
#3917=DIRECTION('',(0.,-1.,0.));
#3918=VECTOR('',#3917,10.);
#3919=LINE('',#3916,#3918);
#3920=EDGE_CURVE('',#3907,#3915,#3919,.T.);
#3921=ORIENTED_EDGE('',*,*,#3920,.T.);
#3922=CARTESIAN_POINT('',(-29.673115093,-5.9,38.));
#3923=DIRECTION('',(1.,0.,-0.));
#3924=VECTOR('',#3923,0.75);
#3925=LINE('',#3922,#3924);
#3926=EDGE_CURVE('',#3915,#3413,#3925,.T.);
#3927=ORIENTED_EDGE('',*,*,#3926,.T.);
#3928=ORIENTED_EDGE('',*,*,#3418,.T.);
#3929=CARTESIAN_POINT('',(-29.673115093,-10.299998,38.));
#3930=VERTEX_POINT('',#3929);
#3931=CARTESIAN_POINT('',(-29.673115093,-10.299998,38.));
#3932=DIRECTION('',(1.,0.,-0.));
#3933=VECTOR('',#3932,0.75);
#3934=LINE('',#3931,#3933);
#3935=EDGE_CURVE('',#3930,#3405,#3934,.T.);
#3936=ORIENTED_EDGE('',*,*,#3935,.F.);
#3937=CARTESIAN_POINT('',(-29.673115093,-20.,38.));
#3938=VERTEX_POINT('',#3937);
#3939=CARTESIAN_POINT('',(-29.673115093,-10.299998,38.));
#3940=DIRECTION('',(0.,-1.,0.));
#3941=VECTOR('',#3940,9.700002);
#3942=LINE('',#3939,#3941);
#3943=EDGE_CURVE('',#3930,#3938,#3942,.T.);
#3944=ORIENTED_EDGE('',*,*,#3943,.T.);
#3945=CARTESIAN_POINT('',(-30.423115093,-20.,38.));
#3946=VERTEX_POINT('',#3945);
#3947=CARTESIAN_POINT('',(-29.673115093,-20.,38.));
#3948=DIRECTION('',(-1.,0.,0.));
#3949=VECTOR('',#3948,0.75);
#3950=LINE('',#3947,#3949);
#3951=EDGE_CURVE('',#3938,#3946,#3950,.T.);
#3952=ORIENTED_EDGE('',*,*,#3951,.T.);
#3953=CARTESIAN_POINT('',(-30.423115093,-19.226183941,38.));
#3954=VERTEX_POINT('',#3953);
#3955=CARTESIAN_POINT('',(-30.423115093,-19.226183941,38.));
#3956=DIRECTION('',(0.,-1.,0.));
#3957=VECTOR('',#3956,0.773816059);
#3958=LINE('',#3955,#3957);
#3959=EDGE_CURVE('',#3954,#3946,#3958,.T.);
#3960=ORIENTED_EDGE('',*,*,#3959,.F.);
#3961=CARTESIAN_POINT('',(-38.923115093,-19.226183941,38.));
#3962=VERTEX_POINT('',#3961);
#3963=CARTESIAN_POINT('',(-30.423115093,-19.226183941,38.));
#3964=DIRECTION('',(-1.,0.,0.));
#3965=VECTOR('',#3964,8.5);
#3966=LINE('',#3963,#3965);
#3967=EDGE_CURVE('',#3954,#3962,#3966,.T.);
#3968=ORIENTED_EDGE('',*,*,#3967,.T.);
#3969=CARTESIAN_POINT('',(-38.923115093,-18.767157856,38.));
#3970=VERTEX_POINT('',#3969);
#3971=CARTESIAN_POINT('',(-38.923115093,-18.767157856,38.));
#3972=DIRECTION('',(0.,-1.,0.));
#3973=VECTOR('',#3972,0.459026085);
#3974=LINE('',#3971,#3973);
#3975=EDGE_CURVE('',#3970,#3962,#3974,.T.);
#3976=ORIENTED_EDGE('',*,*,#3975,.F.);
#3977=CARTESIAN_POINT('',(-30.423115093,-18.767157856,38.));
#3978=DIRECTION('',(-1.,0.,0.));
#3979=VECTOR('',#3978,8.5);
#3980=LINE('',#3977,#3979);
#3981=EDGE_CURVE('',#2974,#3970,#3980,.T.);
#3982=ORIENTED_EDGE('',*,*,#3981,.F.);
#3983=ORIENTED_EDGE('',*,*,#2979,.F.);
#3984=CARTESIAN_POINT('',(-38.923115093,-17.543656269,38.));
#3985=VERTEX_POINT('',#3984);
#3986=CARTESIAN_POINT('',(-30.423115093,-17.543656269,38.));
#3987=DIRECTION('',(-1.,0.,0.));
#3988=VECTOR('',#3987,8.5);
#3989=LINE('',#3986,#3988);
#3990=EDGE_CURVE('',#2966,#3985,#3989,.T.);
#3991=ORIENTED_EDGE('',*,*,#3990,.T.);
#3992=CARTESIAN_POINT('',(-38.923115093,-17.101237255,38.));
#3993=VERTEX_POINT('',#3992);
#3994=CARTESIAN_POINT('',(-38.923115093,-17.101237255,38.));
#3995=DIRECTION('',(0.,-1.,0.));
#3996=VECTOR('',#3995,0.442419015);
#3997=LINE('',#3994,#3996);
#3998=EDGE_CURVE('',#3993,#3985,#3997,.T.);
#3999=ORIENTED_EDGE('',*,*,#3998,.F.);
#4000=CARTESIAN_POINT('',(-30.423115093,-17.101237255,38.));
#4001=VERTEX_POINT('',#4000);
#4002=CARTESIAN_POINT('',(-30.423115093,-17.101237255,38.));
#4003=DIRECTION('',(-1.,0.,0.));
#4004=VECTOR('',#4003,8.5);
#4005=LINE('',#4002,#4004);
#4006=EDGE_CURVE('',#4001,#3993,#4005,.T.);
#4007=ORIENTED_EDGE('',*,*,#4006,.F.);
#4008=CARTESIAN_POINT('',(-30.423115093,-15.886286852,38.));
#4009=VERTEX_POINT('',#4008);
#4010=CARTESIAN_POINT('',(-30.423115093,-15.886286852,38.));
#4011=DIRECTION('',(0.,-1.,0.));
#4012=VECTOR('',#4011,1.214950402);
#4013=LINE('',#4010,#4012);
#4014=EDGE_CURVE('',#4009,#4001,#4013,.T.);
#4015=ORIENTED_EDGE('',*,*,#4014,.F.);
#4016=CARTESIAN_POINT('',(-38.923115093,-15.886286852,38.));
#4017=VERTEX_POINT('',#4016);
#4018=CARTESIAN_POINT('',(-30.423115093,-15.886286852,38.));
#4019=DIRECTION('',(-1.,0.,0.));
#4020=VECTOR('',#4019,8.5);
#4021=LINE('',#4018,#4020);
#4022=EDGE_CURVE('',#4009,#4017,#4021,.T.);
#4023=ORIENTED_EDGE('',*,*,#4022,.T.);
#4024=CARTESIAN_POINT('',(-38.923115093,-15.456853887,38.));
#4025=VERTEX_POINT('',#4024);
#4026=CARTESIAN_POINT('',(-38.923115093,-15.456853887,38.));
#4027=DIRECTION('',(0.,-1.,0.));
#4028=VECTOR('',#4027,0.429432965);
#4029=LINE('',#4026,#4028);
#4030=EDGE_CURVE('',#4025,#4017,#4029,.T.);
#4031=ORIENTED_EDGE('',*,*,#4030,.F.);
#4032=CARTESIAN_POINT('',(-30.423115093,-15.456853887,38.));
#4033=VERTEX_POINT('',#4032);
#4034=CARTESIAN_POINT('',(-30.423115093,-15.456853887,38.));
#4035=DIRECTION('',(-1.,0.,0.));
#4036=VECTOR('',#4035,8.5);
#4037=LINE('',#4034,#4036);
#4038=EDGE_CURVE('',#4033,#4025,#4037,.T.);
#4039=ORIENTED_EDGE('',*,*,#4038,.F.);
#4040=CARTESIAN_POINT('',(-30.423115093,-14.248485684,38.));
#4041=VERTEX_POINT('',#4040);
#4042=CARTESIAN_POINT('',(-30.423115093,-14.248485684,38.));
#4043=DIRECTION('',(0.,-1.,0.));
#4044=VECTOR('',#4043,1.208368203);
#4045=LINE('',#4042,#4044);
#4046=EDGE_CURVE('',#4041,#4033,#4045,.T.);
#4047=ORIENTED_EDGE('',*,*,#4046,.F.);
#4048=CARTESIAN_POINT('',(-38.923115093,-14.248485684,38.));
#4049=VERTEX_POINT('',#4048);
#4050=CARTESIAN_POINT('',(-30.423115093,-14.248485684,38.));
#4051=DIRECTION('',(-1.,0.,0.));
#4052=VECTOR('',#4051,8.5);
#4053=LINE('',#4050,#4052);
#4054=EDGE_CURVE('',#4041,#4049,#4053,.T.);
#4055=ORIENTED_EDGE('',*,*,#4054,.T.);
#4056=CARTESIAN_POINT('',(-38.923115093,-13.828621461,38.));
#4057=VERTEX_POINT('',#4056);
#4058=CARTESIAN_POINT('',(-38.923115093,-13.828621461,38.));
#4059=DIRECTION('',(0.,-1.,0.));
#4060=VECTOR('',#4059,0.419864223);
#4061=LINE('',#4058,#4060);
#4062=EDGE_CURVE('',#4057,#4049,#4061,.T.);
#4063=ORIENTED_EDGE('',*,*,#4062,.F.);
#4064=CARTESIAN_POINT('',(-30.423115093,-13.828621461,38.));
#4065=VERTEX_POINT('',#4064);
#4066=CARTESIAN_POINT('',(-30.423115093,-13.828621461,38.));
#4067=DIRECTION('',(-1.,0.,0.));
#4068=VECTOR('',#4067,8.5);
#4069=LINE('',#4066,#4068);
#4070=EDGE_CURVE('',#4065,#4057,#4069,.T.);
#4071=ORIENTED_EDGE('',*,*,#4070,.F.);
#4072=CARTESIAN_POINT('',(-30.423115093,-12.624918499,38.));
#4073=VERTEX_POINT('',#4072);
#4074=CARTESIAN_POINT('',(-30.423115093,-12.624918499,38.));
#4075=DIRECTION('',(0.,-1.,0.));
#4076=VECTOR('',#4075,1.203702961);
#4077=LINE('',#4074,#4076);
#4078=EDGE_CURVE('',#4073,#4065,#4077,.T.);
#4079=ORIENTED_EDGE('',*,*,#4078,.F.);
#4080=CARTESIAN_POINT('',(-38.923115093,-12.624918499,38.));
#4081=VERTEX_POINT('',#4080);
#4082=CARTESIAN_POINT('',(-30.423115093,-12.624918499,38.));
#4083=DIRECTION('',(-1.,0.,0.));
#4084=VECTOR('',#4083,8.5);
#4085=LINE('',#4082,#4084);
#4086=EDGE_CURVE('',#4073,#4081,#4085,.T.);
#4087=ORIENTED_EDGE('',*,*,#4086,.T.);
#4088=CARTESIAN_POINT('',(-38.923115093,-12.211353493,38.));
#4089=VERTEX_POINT('',#4088);
#4090=CARTESIAN_POINT('',(-38.923115093,-12.211353493,38.));
#4091=DIRECTION('',(0.,-1.,0.));
#4092=VECTOR('',#4091,0.413565006);
#4093=LINE('',#4090,#4092);
#4094=EDGE_CURVE('',#4089,#4081,#4093,.T.);
#4095=ORIENTED_EDGE('',*,*,#4094,.F.);
#4096=CARTESIAN_POINT('',(-30.423115093,-12.211353493,38.));
#4097=VERTEX_POINT('',#4096);
#4098=CARTESIAN_POINT('',(-30.423115093,-12.211353493,38.));
#4099=DIRECTION('',(-1.,0.,0.));
#4100=VECTOR('',#4099,8.5);
#4101=LINE('',#4098,#4100);
#4102=EDGE_CURVE('',#4097,#4089,#4101,.T.);
#4103=ORIENTED_EDGE('',*,*,#4102,.F.);
#4104=CARTESIAN_POINT('',(-30.423115093,-11.010435282,38.));
#4105=VERTEX_POINT('',#4104);
#4106=CARTESIAN_POINT('',(-30.423115093,-11.010435282,38.));
#4107=DIRECTION('',(0.,-1.,0.));
#4108=VECTOR('',#4107,1.200918211);
#4109=LINE('',#4106,#4108);
#4110=EDGE_CURVE('',#4105,#4097,#4109,.T.);
#4111=ORIENTED_EDGE('',*,*,#4110,.F.);
#4112=CARTESIAN_POINT('',(-38.923115093,-11.010435282,38.));
#4113=VERTEX_POINT('',#4112);
#4114=CARTESIAN_POINT('',(-30.423115093,-11.010435282,38.));
#4115=DIRECTION('',(-1.,0.,0.));
#4116=VECTOR('',#4115,8.5);
#4117=LINE('',#4114,#4116);
#4118=EDGE_CURVE('',#4105,#4113,#4117,.T.);
#4119=ORIENTED_EDGE('',*,*,#4118,.T.);
#4120=CARTESIAN_POINT('',(-38.923115093,-10.599996173,38.));
#4121=VERTEX_POINT('',#4120);
#4122=CARTESIAN_POINT('',(-38.923115093,-10.599996173,38.));
#4123=DIRECTION('',(0.,-1.,0.));
#4124=VECTOR('',#4123,0.410439108);
#4125=LINE('',#4122,#4124);
#4126=EDGE_CURVE('',#4121,#4113,#4125,.T.);
#4127=ORIENTED_EDGE('',*,*,#4126,.F.);
#4128=CARTESIAN_POINT('',(-30.423115093,-10.599996173,38.));
#4129=VERTEX_POINT('',#4128);
#4130=CARTESIAN_POINT('',(-30.423115093,-10.599996173,38.));
#4131=DIRECTION('',(-1.,0.,0.));
#4132=VECTOR('',#4131,8.5);
#4133=LINE('',#4130,#4132);
#4134=EDGE_CURVE('',#4129,#4121,#4133,.T.);
#4135=ORIENTED_EDGE('',*,*,#4134,.F.);
#4136=CARTESIAN_POINT('',(-30.423115093,-9.400003827,38.));
#4137=VERTEX_POINT('',#4136);
#4138=CARTESIAN_POINT('',(-30.423115093,-9.400003827,38.));
#4139=DIRECTION('',(0.,-1.,0.));
#4140=VECTOR('',#4139,1.199992347);
#4141=LINE('',#4138,#4140);
#4142=EDGE_CURVE('',#4137,#4129,#4141,.T.);
#4143=ORIENTED_EDGE('',*,*,#4142,.F.);
#4144=CARTESIAN_POINT('',(-38.923115093,-9.400003827,38.));
#4145=VERTEX_POINT('',#4144);
#4146=CARTESIAN_POINT('',(-30.423115093,-9.400003827,38.));
#4147=DIRECTION('',(-1.,0.,0.));
#4148=VECTOR('',#4147,8.5);
#4149=LINE('',#4146,#4148);
#4150=EDGE_CURVE('',#4137,#4145,#4149,.T.);
#4151=ORIENTED_EDGE('',*,*,#4150,.T.);
#4152=CARTESIAN_POINT('',(-38.923115093,-8.989564718,38.));
#4153=VERTEX_POINT('',#4152);
#4154=CARTESIAN_POINT('',(-38.923115093,-8.989564718,38.));
#4155=DIRECTION('',(0.,-1.,0.));
#4156=VECTOR('',#4155,0.410439108);
#4157=LINE('',#4154,#4156);
#4158=EDGE_CURVE('',#4153,#4145,#4157,.T.);
#4159=ORIENTED_EDGE('',*,*,#4158,.F.);
#4160=CARTESIAN_POINT('',(-30.423115093,-8.989564718,38.));
#4161=VERTEX_POINT('',#4160);
#4162=CARTESIAN_POINT('',(-30.423115093,-8.989564718,38.));
#4163=DIRECTION('',(-1.,0.,0.));
#4164=VECTOR('',#4163,8.5);
#4165=LINE('',#4162,#4164);
#4166=EDGE_CURVE('',#4161,#4153,#4165,.T.);
#4167=ORIENTED_EDGE('',*,*,#4166,.F.);
#4168=CARTESIAN_POINT('',(-30.423115093,-7.788646507,38.));
#4169=VERTEX_POINT('',#4168);
#4170=CARTESIAN_POINT('',(-30.423115093,-7.788646507,38.));
#4171=DIRECTION('',(0.,-1.,0.));
#4172=VECTOR('',#4171,1.200918211);
#4173=LINE('',#4170,#4172);
#4174=EDGE_CURVE('',#4169,#4161,#4173,.T.);
#4175=ORIENTED_EDGE('',*,*,#4174,.F.);
#4176=CARTESIAN_POINT('',(-38.923115093,-7.788646507,38.));
#4177=VERTEX_POINT('',#4176);
#4178=CARTESIAN_POINT('',(-30.423115093,-7.788646507,38.));
#4179=DIRECTION('',(-1.,0.,0.));
#4180=VECTOR('',#4179,8.5);
#4181=LINE('',#4178,#4180);
#4182=EDGE_CURVE('',#4169,#4177,#4181,.T.);
#4183=ORIENTED_EDGE('',*,*,#4182,.T.);
#4184=CARTESIAN_POINT('',(-38.923115093,-7.375081501,38.));
#4185=VERTEX_POINT('',#4184);
#4186=CARTESIAN_POINT('',(-38.923115093,-7.375081501,38.));
#4187=DIRECTION('',(0.,-1.,0.));
#4188=VECTOR('',#4187,0.413565006);
#4189=LINE('',#4186,#4188);
#4190=EDGE_CURVE('',#4185,#4177,#4189,.T.);
#4191=ORIENTED_EDGE('',*,*,#4190,.F.);
#4192=CARTESIAN_POINT('',(-30.423115093,-7.375081501,38.));
#4193=VERTEX_POINT('',#4192);
#4194=CARTESIAN_POINT('',(-30.423115093,-7.375081501,38.));
#4195=DIRECTION('',(-1.,0.,0.));
#4196=VECTOR('',#4195,8.5);
#4197=LINE('',#4194,#4196);
#4198=EDGE_CURVE('',#4193,#4185,#4197,.T.);
#4199=ORIENTED_EDGE('',*,*,#4198,.F.);
#4200=CARTESIAN_POINT('',(-30.423115093,-6.171378539,38.));
#4201=VERTEX_POINT('',#4200);
#4202=CARTESIAN_POINT('',(-30.423115093,-6.171378539,38.));
#4203=DIRECTION('',(0.,-1.,0.));
#4204=VECTOR('',#4203,1.203702961);
#4205=LINE('',#4202,#4204);
#4206=EDGE_CURVE('',#4201,#4193,#4205,.T.);
#4207=ORIENTED_EDGE('',*,*,#4206,.F.);
#4208=CARTESIAN_POINT('',(-38.923115093,-6.171378539,38.));
#4209=VERTEX_POINT('',#4208);
#4210=CARTESIAN_POINT('',(-30.423115093,-6.171378539,38.));
#4211=DIRECTION('',(-1.,0.,0.));
#4212=VECTOR('',#4211,8.5);
#4213=LINE('',#4210,#4212);
#4214=EDGE_CURVE('',#4201,#4209,#4213,.T.);
#4215=ORIENTED_EDGE('',*,*,#4214,.T.);
#4216=CARTESIAN_POINT('',(-38.923115093,-5.751514316,38.));
#4217=VERTEX_POINT('',#4216);
#4218=CARTESIAN_POINT('',(-38.923115093,-5.751514316,38.));
#4219=DIRECTION('',(0.,-1.,0.));
#4220=VECTOR('',#4219,0.419864223);
#4221=LINE('',#4218,#4220);
#4222=EDGE_CURVE('',#4217,#4209,#4221,.T.);
#4223=ORIENTED_EDGE('',*,*,#4222,.F.);
#4224=CARTESIAN_POINT('',(-30.423115093,-5.751514316,38.));
#4225=VERTEX_POINT('',#4224);
#4226=CARTESIAN_POINT('',(-30.423115093,-5.751514316,38.));
#4227=DIRECTION('',(-1.,0.,0.));
#4228=VECTOR('',#4227,8.5);
#4229=LINE('',#4226,#4228);
#4230=EDGE_CURVE('',#4225,#4217,#4229,.T.);
#4231=ORIENTED_EDGE('',*,*,#4230,.F.);
#4232=CARTESIAN_POINT('',(-30.423115093,-4.543146113,38.));
#4233=VERTEX_POINT('',#4232);
#4234=CARTESIAN_POINT('',(-30.423115093,-4.543146113,38.));
#4235=DIRECTION('',(0.,-1.,0.));
#4236=VECTOR('',#4235,1.208368203);
#4237=LINE('',#4234,#4236);
#4238=EDGE_CURVE('',#4233,#4225,#4237,.T.);
#4239=ORIENTED_EDGE('',*,*,#4238,.F.);
#4240=CARTESIAN_POINT('',(-38.923115093,-4.543146113,38.));
#4241=VERTEX_POINT('',#4240);
#4242=CARTESIAN_POINT('',(-30.423115093,-4.543146113,38.));
#4243=DIRECTION('',(-1.,0.,0.));
#4244=VECTOR('',#4243,8.5);
#4245=LINE('',#4242,#4244);
#4246=EDGE_CURVE('',#4233,#4241,#4245,.T.);
#4247=ORIENTED_EDGE('',*,*,#4246,.T.);
#4248=CARTESIAN_POINT('',(-38.923115093,-4.113713148,38.));
#4249=VERTEX_POINT('',#4248);
#4250=CARTESIAN_POINT('',(-38.923115093,-4.113713148,38.));
#4251=DIRECTION('',(0.,-1.,0.));
#4252=VECTOR('',#4251,0.429432965);
#4253=LINE('',#4250,#4252);
#4254=EDGE_CURVE('',#4249,#4241,#4253,.T.);
#4255=ORIENTED_EDGE('',*,*,#4254,.F.);
#4256=CARTESIAN_POINT('',(-30.423115093,-4.113713148,38.));
#4257=DIRECTION('',(-1.,0.,0.));
#4258=VECTOR('',#4257,8.5);
#4259=LINE('',#4256,#4258);
#4260=EDGE_CURVE('',#1326,#4249,#4259,.T.);
#4261=ORIENTED_EDGE('',*,*,#4260,.F.);
#4262=ORIENTED_EDGE('',*,*,#1331,.F.);
#4263=CARTESIAN_POINT('',(-38.923115093,-2.898762745,38.));
#4264=VERTEX_POINT('',#4263);
#4265=CARTESIAN_POINT('',(-30.423115093,-2.898762745,38.));
#4266=DIRECTION('',(-1.,0.,0.));
#4267=VECTOR('',#4266,8.5);
#4268=LINE('',#4265,#4267);
#4269=EDGE_CURVE('',#1318,#4264,#4268,.T.);
#4270=ORIENTED_EDGE('',*,*,#4269,.T.);
#4271=CARTESIAN_POINT('',(-38.923115093,-2.456343731,38.));
#4272=VERTEX_POINT('',#4271);
#4273=CARTESIAN_POINT('',(-38.923115093,-2.456343731,38.));
#4274=DIRECTION('',(0.,-1.,0.));
#4275=VECTOR('',#4274,0.442419015);
#4276=LINE('',#4273,#4275);
#4277=EDGE_CURVE('',#4272,#4264,#4276,.T.);
#4278=ORIENTED_EDGE('',*,*,#4277,.F.);
#4279=CARTESIAN_POINT('',(-30.423115093,-2.456343731,38.));
#4280=VERTEX_POINT('',#4279);
#4281=CARTESIAN_POINT('',(-30.423115093,-2.456343731,38.));
#4282=DIRECTION('',(-1.,0.,0.));
#4283=VECTOR('',#4282,8.5);
#4284=LINE('',#4281,#4283);
#4285=EDGE_CURVE('',#4280,#4272,#4284,.T.);
#4286=ORIENTED_EDGE('',*,*,#4285,.F.);
#4287=CARTESIAN_POINT('',(-30.423115093,-1.232842144,38.));
#4288=VERTEX_POINT('',#4287);
#4289=CARTESIAN_POINT('',(-30.423115093,-1.232842144,38.));
#4290=DIRECTION('',(0.,-1.,0.));
#4291=VECTOR('',#4290,1.223501587);
#4292=LINE('',#4289,#4291);
#4293=EDGE_CURVE('',#4288,#4280,#4292,.T.);
#4294=ORIENTED_EDGE('',*,*,#4293,.F.);
#4295=CARTESIAN_POINT('',(-38.923115093,-1.232842144,38.));
#4296=VERTEX_POINT('',#4295);
#4297=CARTESIAN_POINT('',(-30.423115093,-1.232842144,38.));
#4298=DIRECTION('',(-1.,0.,0.));
#4299=VECTOR('',#4298,8.5);
#4300=LINE('',#4297,#4299);
#4301=EDGE_CURVE('',#4288,#4296,#4300,.T.);
#4302=ORIENTED_EDGE('',*,*,#4301,.T.);
#4303=CARTESIAN_POINT('',(-38.923115093,-0.773816059,38.));
#4304=VERTEX_POINT('',#4303);
#4305=CARTESIAN_POINT('',(-38.923115093,-0.773816059,38.));
#4306=DIRECTION('',(0.,-1.,0.));
#4307=VECTOR('',#4306,0.459026085);
#4308=LINE('',#4305,#4307);
#4309=EDGE_CURVE('',#4304,#4296,#4308,.T.);
#4310=ORIENTED_EDGE('',*,*,#4309,.F.);
#4311=CARTESIAN_POINT('',(-30.423115093,-0.773816059,38.));
#4312=VERTEX_POINT('',#4311);
#4313=CARTESIAN_POINT('',(-30.423115093,-0.773816059,38.));
#4314=DIRECTION('',(-1.,0.,0.));
#4315=VECTOR('',#4314,8.5);
#4316=LINE('',#4313,#4315);
#4317=EDGE_CURVE('',#4312,#4304,#4316,.T.);
#4318=ORIENTED_EDGE('',*,*,#4317,.F.);
#4319=CARTESIAN_POINT('',(-30.423115093,0.460274303,38.));
#4320=VERTEX_POINT('',#4319);
#4321=CARTESIAN_POINT('',(-30.423115093,0.460274303,38.));
#4322=DIRECTION('',(0.,-1.,0.));
#4323=VECTOR('',#4322,1.234090362);
#4324=LINE('',#4321,#4323);
#4325=EDGE_CURVE('',#4320,#4312,#4324,.T.);
#4326=ORIENTED_EDGE('',*,*,#4325,.F.);
#4327=CARTESIAN_POINT('',(-38.923115093,0.460274303,38.));
#4328=VERTEX_POINT('',#4327);
#4329=CARTESIAN_POINT('',(-30.423115093,0.460274303,38.));
#4330=DIRECTION('',(-1.,0.,0.));
#4331=VECTOR('',#4330,8.5);
#4332=LINE('',#4329,#4331);
#4333=EDGE_CURVE('',#4320,#4328,#4332,.T.);
#4334=ORIENTED_EDGE('',*,*,#4333,.T.);
#4335=CARTESIAN_POINT('',(-38.923115093,0.93979426,38.));
#4336=VERTEX_POINT('',#4335);
#4337=CARTESIAN_POINT('',(-38.923115093,0.93979426,38.));
#4338=DIRECTION('',(0.,-1.,0.));
#4339=VECTOR('',#4338,0.479519957);
#4340=LINE('',#4337,#4339);
#4341=EDGE_CURVE('',#4336,#4328,#4340,.T.);
#4342=ORIENTED_EDGE('',*,*,#4341,.F.);
#4343=CARTESIAN_POINT('',(-30.423115093,0.93979426,38.));
#4344=VERTEX_POINT('',#4343);
#4345=CARTESIAN_POINT('',(-30.423115093,0.93979426,38.));
#4346=DIRECTION('',(-1.,0.,0.));
#4347=VECTOR('',#4346,8.5);
#4348=LINE('',#4345,#4347);
#4349=EDGE_CURVE('',#4344,#4336,#4348,.T.);
#4350=ORIENTED_EDGE('',*,*,#4349,.F.);
#4351=CARTESIAN_POINT('',(-30.423115093,2.186597541,38.));
#4352=VERTEX_POINT('',#4351);
#4353=CARTESIAN_POINT('',(-30.423115093,2.186597541,38.));
#4354=DIRECTION('',(0.,-1.,0.));
#4355=VECTOR('',#4354,1.246803281);
#4356=LINE('',#4353,#4355);
#4357=EDGE_CURVE('',#4352,#4344,#4356,.T.);
#4358=ORIENTED_EDGE('',*,*,#4357,.F.);
#4359=CARTESIAN_POINT('',(-38.923115093,2.186597541,38.));
#4360=VERTEX_POINT('',#4359);
#4361=CARTESIAN_POINT('',(-30.423115093,2.186597541,38.));
#4362=DIRECTION('',(-1.,0.,0.));
#4363=VECTOR('',#4362,8.5);
#4364=LINE('',#4361,#4363);
#4365=EDGE_CURVE('',#4352,#4360,#4364,.T.);
#4366=ORIENTED_EDGE('',*,*,#4365,.T.);
#4367=CARTESIAN_POINT('',(-38.923115093,2.690834234,38.));
#4368=VERTEX_POINT('',#4367);
#4369=CARTESIAN_POINT('',(-38.923115093,2.690834234,38.));
#4370=DIRECTION('',(0.,-1.,0.));
#4371=VECTOR('',#4370,0.504236693);
#4372=LINE('',#4369,#4371);
#4373=EDGE_CURVE('',#4368,#4360,#4372,.T.);
#4374=ORIENTED_EDGE('',*,*,#4373,.F.);
#4375=CARTESIAN_POINT('',(-30.423115093,2.690834234,38.));
#4376=VERTEX_POINT('',#4375);
#4377=CARTESIAN_POINT('',(-30.423115093,2.690834234,38.));
#4378=DIRECTION('',(-1.,0.,0.));
#4379=VECTOR('',#4378,8.5);
#4380=LINE('',#4377,#4379);
#4381=EDGE_CURVE('',#4376,#4368,#4380,.T.);
#4382=ORIENTED_EDGE('',*,*,#4381,.F.);
#4383=CARTESIAN_POINT('',(-30.423115093,3.952580857,38.));
#4384=VERTEX_POINT('',#4383);
#4385=CARTESIAN_POINT('',(-30.423115093,3.952580857,38.));
#4386=DIRECTION('',(0.,-1.,0.));
#4387=VECTOR('',#4386,1.261746622);
#4388=LINE('',#4385,#4387);
#4389=EDGE_CURVE('',#4384,#4376,#4388,.T.);
#4390=ORIENTED_EDGE('',*,*,#4389,.F.);
#4391=CARTESIAN_POINT('',(-38.923115093,3.952580857,38.));
#4392=VERTEX_POINT('',#4391);
#4393=CARTESIAN_POINT('',(-30.423115093,3.952580857,38.));
#4394=DIRECTION('',(-1.,0.,0.));
#4395=VECTOR('',#4394,8.5);
#4396=LINE('',#4393,#4395);
#4397=EDGE_CURVE('',#4384,#4392,#4396,.T.);
#4398=ORIENTED_EDGE('',*,*,#4397,.T.);
#4399=CARTESIAN_POINT('',(-38.923115093,4.486174244,38.));
#4400=VERTEX_POINT('',#4399);
#4401=CARTESIAN_POINT('',(-38.923115093,4.486174244,38.));
#4402=DIRECTION('',(0.,-1.,0.));
#4403=VECTOR('',#4402,0.533593388);
#4404=LINE('',#4401,#4403);
#4405=EDGE_CURVE('',#4400,#4392,#4404,.T.);
#4406=ORIENTED_EDGE('',*,*,#4405,.F.);
#4407=CARTESIAN_POINT('',(-30.423115093,4.486174244,38.));
#4408=VERTEX_POINT('',#4407);
#4409=CARTESIAN_POINT('',(-30.423115093,4.486174244,38.));
#4410=DIRECTION('',(-1.,0.,0.));
#4411=VECTOR('',#4410,8.5);
#4412=LINE('',#4409,#4411);
#4413=EDGE_CURVE('',#4408,#4400,#4412,.T.);
#4414=ORIENTED_EDGE('',*,*,#4413,.F.);
#4415=CARTESIAN_POINT('',(-30.423115093,5.765222879,38.));
#4416=VERTEX_POINT('',#4415);
#4417=CARTESIAN_POINT('',(-30.423115093,5.765222879,38.));
#4418=DIRECTION('',(0.,-1.,0.));
#4419=VECTOR('',#4418,1.279048634);
#4420=LINE('',#4417,#4419);
#4421=EDGE_CURVE('',#4416,#4408,#4420,.T.);
#4422=ORIENTED_EDGE('',*,*,#4421,.F.);
#4423=CARTESIAN_POINT('',(-38.923115093,5.765222879,38.));
#4424=VERTEX_POINT('',#4423);
#4425=CARTESIAN_POINT('',(-30.423115093,5.765222879,38.));
#4426=DIRECTION('',(-1.,0.,0.));
#4427=VECTOR('',#4426,8.5);
#4428=LINE('',#4425,#4427);
#4429=EDGE_CURVE('',#4416,#4424,#4428,.T.);
#4430=ORIENTED_EDGE('',*,*,#4429,.T.);
#4431=CARTESIAN_POINT('',(-38.923115093,6.333324879,38.));
#4432=VERTEX_POINT('',#4431);
#4433=CARTESIAN_POINT('',(-38.923115093,6.333324879,38.));
#4434=DIRECTION('',(0.,-1.,0.));
#4435=VECTOR('',#4434,0.568102);
#4436=LINE('',#4433,#4435);
#4437=EDGE_CURVE('',#4432,#4424,#4436,.T.);
#4438=ORIENTED_EDGE('',*,*,#4437,.F.);
#4439=CARTESIAN_POINT('',(-30.423115093,6.333324879,38.));
#4440=VERTEX_POINT('',#4439);
#4441=CARTESIAN_POINT('',(-30.423115093,6.333324879,38.));
#4442=DIRECTION('',(-1.,0.,0.));
#4443=VECTOR('',#4442,8.5);
#4444=LINE('',#4441,#4443);
#4445=EDGE_CURVE('',#4440,#4432,#4444,.T.);
#4446=ORIENTED_EDGE('',*,*,#4445,.F.);
#4447=CARTESIAN_POINT('',(-30.423115093,7.632187236,38.));
#4448=VERTEX_POINT('',#4447);
#4449=CARTESIAN_POINT('',(-30.423115093,7.632187236,38.));
#4450=DIRECTION('',(0.,-1.,0.));
#4451=VECTOR('',#4450,1.298862357);
#4452=LINE('',#4449,#4451);
#4453=EDGE_CURVE('',#4448,#4440,#4452,.T.);
#4454=ORIENTED_EDGE('',*,*,#4453,.F.);
#4455=CARTESIAN_POINT('',(-38.923115093,7.632187236,38.));
#4456=VERTEX_POINT('',#4455);
#4457=CARTESIAN_POINT('',(-30.423115093,7.632187236,38.));
#4458=DIRECTION('',(-1.,0.,0.));
#4459=VECTOR('',#4458,8.5);
#4460=LINE('',#4457,#4459);
#4461=EDGE_CURVE('',#4448,#4456,#4460,.T.);
#4462=ORIENTED_EDGE('',*,*,#4461,.T.);
#4463=CARTESIAN_POINT('',(-38.923115093,8.240574331,38.));
#4464=VERTEX_POINT('',#4463);
#4465=CARTESIAN_POINT('',(-38.923115093,8.240574331,38.));
#4466=DIRECTION('',(0.,-1.,0.));
#4467=VECTOR('',#4466,0.608387096);
#4468=LINE('',#4465,#4467);
#4469=EDGE_CURVE('',#4464,#4456,#4468,.T.);
#4470=ORIENTED_EDGE('',*,*,#4469,.F.);
#4471=CARTESIAN_POINT('',(-30.423115093,8.240574331,38.));
#4472=VERTEX_POINT('',#4471);
#4473=CARTESIAN_POINT('',(-30.423115093,8.240574331,38.));
#4474=DIRECTION('',(-1.,0.,0.));
#4475=VECTOR('',#4474,8.5);
#4476=LINE('',#4473,#4475);
#4477=EDGE_CURVE('',#4472,#4464,#4476,.T.);
#4478=ORIENTED_EDGE('',*,*,#4477,.F.);
#4479=CARTESIAN_POINT('',(-30.423115093,9.561943452,38.));
#4480=VERTEX_POINT('',#4479);
#4481=CARTESIAN_POINT('',(-30.423115093,9.561943452,38.));
#4482=DIRECTION('',(0.,-1.,0.));
#4483=VECTOR('',#4482,1.321369121);
#4484=LINE('',#4481,#4483);
#4485=EDGE_CURVE('',#4480,#4472,#4484,.T.);
#4486=ORIENTED_EDGE('',*,*,#4485,.F.);
#4487=CARTESIAN_POINT('',(-38.923115093,9.561943452,38.));
#4488=VERTEX_POINT('',#4487);
#4489=CARTESIAN_POINT('',(-30.423115093,9.561943452,38.));
#4490=DIRECTION('',(-1.,0.,0.));
#4491=VECTOR('',#4490,8.5);
#4492=LINE('',#4489,#4491);
#4493=EDGE_CURVE('',#4480,#4488,#4492,.T.);
#4494=ORIENTED_EDGE('',*,*,#4493,.T.);
#4495=CARTESIAN_POINT('',(-38.923115093,10.217151981,38.));
#4496=VERTEX_POINT('',#4495);
#4497=CARTESIAN_POINT('',(-38.923115093,10.217151981,38.));
#4498=DIRECTION('',(0.,-1.,0.));
#4499=VECTOR('',#4498,0.65520853);
#4500=LINE('',#4497,#4499);
#4501=EDGE_CURVE('',#4496,#4488,#4500,.T.);
#4502=ORIENTED_EDGE('',*,*,#4501,.F.);
#4503=CARTESIAN_POINT('',(-30.423115093,10.217151981,38.));
#4504=VERTEX_POINT('',#4503);
#4505=CARTESIAN_POINT('',(-30.423115093,10.217151981,38.));
#4506=DIRECTION('',(-1.,0.,0.));
#4507=VECTOR('',#4506,8.5);
#4508=LINE('',#4505,#4507);
#4509=EDGE_CURVE('',#4504,#4496,#4508,.T.);
#4510=ORIENTED_EDGE('',*,*,#4509,.F.);
#4511=CARTESIAN_POINT('',(-30.423115093,11.563934877,38.));
#4512=VERTEX_POINT('',#4511);
#4513=CARTESIAN_POINT('',(-30.423115093,11.563934877,38.));
#4514=DIRECTION('',(0.,-1.,0.));
#4515=VECTOR('',#4514,1.346782896);
#4516=LINE('',#4513,#4515);
#4517=EDGE_CURVE('',#4512,#4504,#4516,.T.);
#4518=ORIENTED_EDGE('',*,*,#4517,.F.);
#4519=CARTESIAN_POINT('',(-38.923115093,11.563934877,38.));
#4520=VERTEX_POINT('',#4519);
#4521=CARTESIAN_POINT('',(-30.423115093,11.563934877,38.));
#4522=DIRECTION('',(-1.,0.,0.));
#4523=VECTOR('',#4522,8.5);
#4524=LINE('',#4521,#4523);
#4525=EDGE_CURVE('',#4512,#4520,#4524,.T.);
#4526=ORIENTED_EDGE('',*,*,#4525,.T.);
#4527=CARTESIAN_POINT('',(-38.923115093,12.273425403,38.));
#4528=VERTEX_POINT('',#4527);
#4529=CARTESIAN_POINT('',(-38.923115093,12.273425403,38.));
#4530=DIRECTION('',(0.,-1.,0.));
#4531=VECTOR('',#4530,0.709490526);
#4532=LINE('',#4529,#4531);
#4533=EDGE_CURVE('',#4528,#4520,#4532,.T.);
#4534=ORIENTED_EDGE('',*,*,#4533,.F.);
#4535=CARTESIAN_POINT('',(-30.423115093,12.273425403,38.));
#4536=VERTEX_POINT('',#4535);
#4537=CARTESIAN_POINT('',(-30.423115093,12.273425403,38.));
#4538=DIRECTION('',(-1.,0.,0.));
#4539=VECTOR('',#4538,8.5);
#4540=LINE('',#4537,#4539);
#4541=EDGE_CURVE('',#4536,#4528,#4540,.T.);
#4542=ORIENTED_EDGE('',*,*,#4541,.F.);
#4543=CARTESIAN_POINT('',(-30.423115093,13.648781092,38.));
#4544=VERTEX_POINT('',#4543);
#4545=CARTESIAN_POINT('',(-30.423115093,13.648781092,38.));
#4546=DIRECTION('',(0.,-1.,0.));
#4547=VECTOR('',#4546,1.375355689);
#4548=LINE('',#4545,#4547);
#4549=EDGE_CURVE('',#4544,#4536,#4548,.T.);
#4550=ORIENTED_EDGE('',*,*,#4549,.F.);
#4551=CARTESIAN_POINT('',(-38.923115093,13.648781092,38.));
#4552=VERTEX_POINT('',#4551);
#4553=CARTESIAN_POINT('',(-30.423115093,13.648781092,38.));
#4554=DIRECTION('',(-1.,0.,0.));
#4555=VECTOR('',#4554,8.5);
#4556=LINE('',#4553,#4555);
#4557=EDGE_CURVE('',#4544,#4552,#4556,.T.);
#4558=ORIENTED_EDGE('',*,*,#4557,.T.);
#4559=CARTESIAN_POINT('',(-38.923115093,14.421140184,38.));
#4560=VERTEX_POINT('',#4559);
#4561=CARTESIAN_POINT('',(-38.923115093,14.421140184,38.));
#4562=DIRECTION('',(0.,-1.,0.));
#4563=VECTOR('',#4562,0.772359092);
#4564=LINE('',#4561,#4563);
#4565=EDGE_CURVE('',#4560,#4552,#4564,.T.);
#4566=ORIENTED_EDGE('',*,*,#4565,.F.);
#4567=CARTESIAN_POINT('',(-30.423115093,14.421140184,38.));
#4568=VERTEX_POINT('',#4567);
#4569=CARTESIAN_POINT('',(-30.423115093,14.421140184,38.));
#4570=DIRECTION('',(-1.,0.,0.));
#4571=VECTOR('',#4570,8.5);
#4572=LINE('',#4569,#4571);
#4573=EDGE_CURVE('',#4568,#4560,#4572,.T.);
#4574=ORIENTED_EDGE('',*,*,#4573,.F.);
#4575=CARTESIAN_POINT('',(-30.423115093,15.828524444,38.));
#4576=VERTEX_POINT('',#4575);
#4577=CARTESIAN_POINT('',(-30.423115093,15.828524444,38.));
#4578=DIRECTION('',(0.,-1.,0.));
#4579=VECTOR('',#4578,1.40738426);
#4580=LINE('',#4577,#4579);
#4581=EDGE_CURVE('',#4576,#4568,#4580,.T.);
#4582=ORIENTED_EDGE('',*,*,#4581,.F.);
#4583=CARTESIAN_POINT('',(-38.923115093,15.828524444,38.));
#4584=VERTEX_POINT('',#4583);
#4585=CARTESIAN_POINT('',(-30.423115093,15.828524444,38.));
#4586=DIRECTION('',(-1.,0.,0.));
#4587=VECTOR('',#4586,8.5);
#4588=LINE('',#4585,#4587);
#4589=EDGE_CURVE('',#4576,#4584,#4588,.T.);
#4590=ORIENTED_EDGE('',*,*,#4589,.T.);
#4591=CARTESIAN_POINT('',(-38.923115093,16.673714893,38.));
#4592=VERTEX_POINT('',#4591);
#4593=CARTESIAN_POINT('',(-38.923115093,16.673714893,38.));
#4594=DIRECTION('',(0.,-1.,0.));
#4595=VECTOR('',#4594,0.845190449);
#4596=LINE('',#4593,#4595);
#4597=EDGE_CURVE('',#4592,#4584,#4596,.T.);
#4598=ORIENTED_EDGE('',*,*,#4597,.F.);
#4599=CARTESIAN_POINT('',(-30.423115093,16.673714893,38.));
#4600=VERTEX_POINT('',#4599);
#4601=CARTESIAN_POINT('',(-30.423115093,16.673714893,38.));
#4602=DIRECTION('',(-1.,0.,0.));
#4603=VECTOR('',#4602,8.5);
#4604=LINE('',#4601,#4603);
#4605=EDGE_CURVE('',#4600,#4592,#4604,.T.);
#4606=ORIENTED_EDGE('',*,*,#4605,.F.);
#4607=CARTESIAN_POINT('',(-30.423115093,18.116933417,38.));
#4608=VERTEX_POINT('',#4607);
#4609=CARTESIAN_POINT('',(-30.423115093,18.116933417,38.));
#4610=DIRECTION('',(0.,-1.,0.));
#4611=VECTOR('',#4610,1.443218524);
#4612=LINE('',#4609,#4611);
#4613=EDGE_CURVE('',#4608,#4600,#4612,.T.);
#4614=ORIENTED_EDGE('',*,*,#4613,.F.);
#4615=CARTESIAN_POINT('',(-38.923115093,18.116933417,38.));
#4616=VERTEX_POINT('',#4615);
#4617=CARTESIAN_POINT('',(-30.423115093,18.116933417,38.));
#4618=DIRECTION('',(-1.,0.,0.));
#4619=VECTOR('',#4618,8.5);
#4620=LINE('',#4617,#4619);
#4621=EDGE_CURVE('',#4608,#4616,#4620,.T.);
#4622=ORIENTED_EDGE('',*,*,#4621,.T.);
#4623=CARTESIAN_POINT('',(-38.923115093,19.046607592,38.));
#4624=VERTEX_POINT('',#4623);
#4625=CARTESIAN_POINT('',(-38.923115093,19.046607592,38.));
#4626=DIRECTION('',(0.,-1.,0.));
#4627=VECTOR('',#4626,0.929674175);
#4628=LINE('',#4625,#4627);
#4629=EDGE_CURVE('',#4624,#4616,#4628,.T.);
#4630=ORIENTED_EDGE('',*,*,#4629,.F.);
#4631=CARTESIAN_POINT('',(-30.423115093,19.046607592,38.));
#4632=VERTEX_POINT('',#4631);
#4633=CARTESIAN_POINT('',(-30.423115093,19.046607592,38.));
#4634=DIRECTION('',(-1.,0.,0.));
#4635=VECTOR('',#4634,8.5);
#4636=LINE('',#4633,#4635);
#4637=EDGE_CURVE('',#4632,#4624,#4636,.T.);
#4638=ORIENTED_EDGE('',*,*,#4637,.F.);
#4639=CARTESIAN_POINT('',(-30.423115093,20.529879705,38.));
#4640=VERTEX_POINT('',#4639);
#4641=CARTESIAN_POINT('',(-30.423115093,20.529879705,38.));
#4642=DIRECTION('',(0.,-1.,0.));
#4643=VECTOR('',#4642,1.483272113);
#4644=LINE('',#4641,#4643);
#4645=EDGE_CURVE('',#4640,#4632,#4644,.T.);
#4646=ORIENTED_EDGE('',*,*,#4645,.F.);
#4647=CARTESIAN_POINT('',(-38.623115093,20.529879705,38.));
#4648=VERTEX_POINT('',#4647);
#4649=CARTESIAN_POINT('',(-30.423115093,20.529879705,38.));
#4650=DIRECTION('',(-1.,0.,0.));
#4651=VECTOR('',#4650,8.2);
#4652=LINE('',#4649,#4651);
#4653=EDGE_CURVE('',#4640,#4648,#4652,.T.);
#4654=ORIENTED_EDGE('',*,*,#4653,.T.);
#4655=CARTESIAN_POINT('',(-38.623115093,21.557775942,38.));
#4656=VERTEX_POINT('',#4655);
#4657=CARTESIAN_POINT('',(-38.623115093,21.557775942,38.));
#4658=DIRECTION('',(0.,-1.,0.));
#4659=VECTOR('',#4658,1.027896237);
#4660=LINE('',#4657,#4659);
#4661=EDGE_CURVE('',#4656,#4648,#4660,.T.);
#4662=ORIENTED_EDGE('',*,*,#4661,.F.);
#4663=CARTESIAN_POINT('',(-30.423115093,21.557775942,38.));
#4664=VERTEX_POINT('',#4663);
#4665=CARTESIAN_POINT('',(-30.423115093,21.557775942,38.));
#4666=DIRECTION('',(-1.,0.,0.));
#4667=VECTOR('',#4666,8.2);
#4668=LINE('',#4665,#4667);
#4669=EDGE_CURVE('',#4664,#4656,#4668,.T.);
#4670=ORIENTED_EDGE('',*,*,#4669,.F.);
#4671=CARTESIAN_POINT('',(-30.423115093,23.085811694,38.));
#4672=VERTEX_POINT('',#4671);
#4673=CARTESIAN_POINT('',(-30.423115093,23.085811694,38.));
#4674=DIRECTION('',(0.,-1.,0.));
#4675=VECTOR('',#4674,1.528035752);
#4676=LINE('',#4673,#4675);
#4677=EDGE_CURVE('',#4672,#4664,#4676,.T.);
#4678=ORIENTED_EDGE('',*,*,#4677,.F.);
#4679=CARTESIAN_POINT('',(-38.623115093,23.085811694,38.));
#4680=VERTEX_POINT('',#4679);
#4681=CARTESIAN_POINT('',(-30.423115093,23.085811694,38.));
#4682=DIRECTION('',(-1.,0.,0.));
#4683=VECTOR('',#4682,8.2);
#4684=LINE('',#4681,#4683);
#4685=EDGE_CURVE('',#4672,#4680,#4684,.T.);
#4686=ORIENTED_EDGE('',*,*,#4685,.T.);
#4687=CARTESIAN_POINT('',(-38.623115093,24.228260936,38.));
#4688=VERTEX_POINT('',#4687);
#4689=CARTESIAN_POINT('',(-38.623115093,24.228260936,38.));
#4690=DIRECTION('',(0.,-1.,0.));
#4691=VECTOR('',#4690,1.142449242);
#4692=LINE('',#4689,#4691);
#4693=EDGE_CURVE('',#4688,#4680,#4692,.T.);
#4694=ORIENTED_EDGE('',*,*,#4693,.F.);
#4695=CARTESIAN_POINT('',(-30.423115093,24.228260936,38.));
#4696=VERTEX_POINT('',#4695);
#4697=CARTESIAN_POINT('',(-30.423115093,24.228260936,38.));
#4698=DIRECTION('',(-1.,0.,0.));
#4699=VECTOR('',#4698,8.2);
#4700=LINE('',#4697,#4699);
#4701=EDGE_CURVE('',#4696,#4688,#4700,.T.);
#4702=ORIENTED_EDGE('',*,*,#4701,.F.);
#4703=CARTESIAN_POINT('',(-30.423115093,25.75,38.));
#4704=VERTEX_POINT('',#4703);
#4705=CARTESIAN_POINT('',(-30.423115093,25.75,38.));
#4706=DIRECTION('',(0.,-1.,0.));
#4707=VECTOR('',#4706,1.521739064);
#4708=LINE('',#4705,#4707);
#4709=EDGE_CURVE('',#4704,#4696,#4708,.T.);
#4710=ORIENTED_EDGE('',*,*,#4709,.F.);
#4711=CARTESIAN_POINT('',(-23.923115093,25.75,38.));
#4712=VERTEX_POINT('',#4711);
#4713=CARTESIAN_POINT('',(-23.923115093,25.75,38.));
#4714=DIRECTION('',(-1.,0.,0.));
#4715=VECTOR('',#4714,6.5);
#4716=LINE('',#4713,#4715);
#4717=EDGE_CURVE('',#4712,#4704,#4716,.T.);
#4718=ORIENTED_EDGE('',*,*,#4717,.F.);
#4719=CARTESIAN_POINT('',(-23.923115093,22.481003016,38.));
#4720=VERTEX_POINT('',#4719);
#4721=CARTESIAN_POINT('',(-23.923115093,25.75,38.));
#4722=DIRECTION('',(0.,-1.,0.));
#4723=VECTOR('',#4722,3.268996984);
#4724=LINE('',#4721,#4723);
#4725=EDGE_CURVE('',#4712,#4720,#4724,.T.);
#4726=ORIENTED_EDGE('',*,*,#4725,.T.);
#4727=CARTESIAN_POINT('',(-26.523115093,22.481003016,38.));
#4728=VERTEX_POINT('',#4727);
#4729=CARTESIAN_POINT('',(-26.523115093,22.481003016,38.));
#4730=DIRECTION('',(1.,0.,-0.));
#4731=VECTOR('',#4730,2.6);
#4732=LINE('',#4729,#4731);
#4733=EDGE_CURVE('',#4728,#4720,#4732,.T.);
#4734=ORIENTED_EDGE('',*,*,#4733,.F.);
#4735=CARTESIAN_POINT('',(-26.523115093,20.081003016,38.));
#4736=DIRECTION('',(-0.,-0.,1.));
#4737=DIRECTION('',(-1.,0.,0.));
#4738=AXIS2_PLACEMENT_3D('',#4735,#4736,#4737);
#4739=CIRCLE('',#4738,2.4);
#4740=EDGE_CURVE('',#4728,#3477,#4739,.T.);
#4741=ORIENTED_EDGE('',*,*,#4740,.T.);
#4742=ORIENTED_EDGE('',*,*,#3482,.T.);
#4743=CARTESIAN_POINT('',(-29.673115093,16.099999,38.));
#4744=DIRECTION('',(1.,0.,-0.));
#4745=VECTOR('',#4744,0.75);
#4746=LINE('',#4743,#4745);
#4747=EDGE_CURVE('',#3890,#3469,#4746,.T.);
#4748=ORIENTED_EDGE('',*,*,#4747,.F.);
#4749=EDGE_LOOP('',(#3898,#3904,#3905,#3913,#3921,#3927,#3928,#3936,#3944,#3952,#3960,#3968,#3976,#3982,#3983,#3991,#3999,#4007,#4015,#4023,#4031,#4039,#4047,#4055,#4063,#4071,
#4079,#4087,#4095,#4103,#4111,#4119,#4127,#4135,#4143,#4151,#4159,#4167,#4175,#4183,#4191,#4199,#4207,#4215,#4223,#4231,#4239,#4247,#4255,#4261,#4262,
#4270,#4278,#4286,#4294,#4302,#4310,#4318,#4326,#4334,#4342,#4350,#4358,#4366,#4374,#4382,#4390,#4398,#4406,#4414,#4422,#4430,#4438,#4446,#4454,#4462,
#4470,#4478,#4486,#4494,#4502,#4510,#4518,#4526,#4534,#4542,#4550,#4558,#4566,#4574,#4582,#4590,#4598,#4606,#4614,#4622,#4630,#4638,#4646,#4654,#4662,
#4670,#4678,#4686,#4694,#4702,#4710,#4718,#4726,#4734,#4741,#4742,#4748));
#4750=FACE_BOUND('',#4749,.T.);
#4751=ADVANCED_FACE('',(#4750),#3888,.T.);
#4752=CARTESIAN_POINT('',(-30.923115093,-20.,40.));
#4753=DIRECTION('',(1.,0.,0.));
#4754=DIRECTION('',(0.,0.,-1.));
#4755=AXIS2_PLACEMENT_3D('',#4752,#4753,#4754);
#4756=CYLINDRICAL_SURFACE('',#4755,2.);
#4757=CARTESIAN_POINT('',(-29.673115093,-20.299998,38.022627703));
#4758=VERTEX_POINT('',#4757);
#4759=CARTESIAN_POINT('',(-29.673115093,-20.,40.));
#4760=DIRECTION('',(1.,0.,0.));
#4761=DIRECTION('',(0.,-1.,0.));
#4762=AXIS2_PLACEMENT_3D('',#4759,#4760,#4761);
#4763=CIRCLE('',#4762,2.);
#4764=EDGE_CURVE('',#4758,#3938,#4763,.T.);
#4765=ORIENTED_EDGE('',*,*,#4764,.F.);
#4766=CARTESIAN_POINT('',(-29.673115093,-20.299998,38.022627703));
#4767=DIRECTION('',(1.,0.,-0.));
#4768=VECTOR('',#4767,0.75);
#4769=LINE('',#4766,#4768);
#4770=EDGE_CURVE('',#4758,#3380,#4769,.T.);
#4771=ORIENTED_EDGE('',*,*,#4770,.T.);
#4772=ORIENTED_EDGE('',*,*,#3386,.F.);
#4773=CARTESIAN_POINT('',(-30.423115093,-22.,40.));
#4774=VERTEX_POINT('',#4773);
#4775=CARTESIAN_POINT('',(-30.423115093,-22.,40.));
#4776=DIRECTION('',(1.,-0.,-0.));
#4777=VECTOR('',#4776,1.5);
#4778=LINE('',#4775,#4777);
#4779=EDGE_CURVE('',#4774,#3372,#4778,.T.);
#4780=ORIENTED_EDGE('',*,*,#4779,.F.);
#4781=CARTESIAN_POINT('',(-30.423115093,-21.01839615,38.278701281));
#4782=VERTEX_POINT('',#4781);
#4783=CARTESIAN_POINT('',(-30.423115093,-20.,40.));
#4784=DIRECTION('',(-1.,-0.,0.));
#4785=DIRECTION('',(0.,-0.509198075,-0.86064936));
#4786=AXIS2_PLACEMENT_3D('',#4783,#4784,#4785);
#4787=CIRCLE('',#4786,2.);
#4788=EDGE_CURVE('',#4782,#4774,#4787,.T.);
#4789=ORIENTED_EDGE('',*,*,#4788,.F.);
#4790=CARTESIAN_POINT('',(-38.923115093,-21.01839615,38.278701281));
#4791=VERTEX_POINT('',#4790);
#4792=CARTESIAN_POINT('',(-30.423115093,-21.01839615,38.278701281));
#4793=DIRECTION('',(-1.,0.,0.));
#4794=VECTOR('',#4793,8.5);
#4795=LINE('',#4792,#4794);
#4796=EDGE_CURVE('',#4782,#4791,#4795,.T.);
#4797=ORIENTED_EDGE('',*,*,#4796,.T.);
#4798=CARTESIAN_POINT('',(-38.923115093,-20.473951307,38.056968822));
#4799=VERTEX_POINT('',#4798);
#4800=CARTESIAN_POINT('',(-38.923115093,-20.,40.));
#4801=DIRECTION('',(-1.,-0.,-0.));
#4802=DIRECTION('',(0.,0.,-1.));
#4803=AXIS2_PLACEMENT_3D('',#4800,#4801,#4802);
#4804=CIRCLE('',#4803,2.);
#4805=EDGE_CURVE('',#4799,#4791,#4804,.T.);
#4806=ORIENTED_EDGE('',*,*,#4805,.F.);
#4807=CARTESIAN_POINT('',(-30.423115093,-20.473951307,38.056968822));
#4808=VERTEX_POINT('',#4807);
#4809=CARTESIAN_POINT('',(-30.423115093,-20.473951307,38.056968822));
#4810=DIRECTION('',(-1.,0.,0.));
#4811=VECTOR('',#4810,8.5);
#4812=LINE('',#4809,#4811);
#4813=EDGE_CURVE('',#4808,#4799,#4812,.T.);
#4814=ORIENTED_EDGE('',*,*,#4813,.F.);
#4815=CARTESIAN_POINT('',(-30.423115093,-20.,40.));
#4816=DIRECTION('',(-1.,0.,0.));
#4817=DIRECTION('',(0.,0.,-1.));
#4818=AXIS2_PLACEMENT_3D('',#4815,#4816,#4817);
#4819=CIRCLE('',#4818,2.);
#4820=EDGE_CURVE('',#3946,#4808,#4819,.T.);
#4821=ORIENTED_EDGE('',*,*,#4820,.F.);
#4822=ORIENTED_EDGE('',*,*,#3951,.F.);
#4823=EDGE_LOOP('',(#4765,#4771,#4772,#4780,#4789,#4797,#4806,#4814,#4821,#4822));
#4824=FACE_BOUND('',#4823,.T.);
#4825=ADVANCED_FACE('',(#4824),#4756,.T.);
#4826=CARTESIAN_POINT('',(-38.623115093,0.,0.));
#4827=DIRECTION('',(1.,0.,0.));
#4828=DIRECTION('',(0.,1.,0.));
#4829=AXIS2_PLACEMENT_3D('',#4826,#4827,#4828);
#4830=PLANE('',#4829);
#4831=CARTESIAN_POINT('',(-38.623115093,35.463876057,53.701499791));
#4832=VERTEX_POINT('',#4831);
#4833=CARTESIAN_POINT('',(-38.623115093,35.463876057,53.701499791));
#4834=DIRECTION('',(0.,-0.619093949,-0.785316931));
#4835=VECTOR('',#4834,19.993838377);
#4836=LINE('',#4833,#4835);
#4837=EDGE_CURVE('',#4832,#4680,#4836,.T.);
#4838=ORIENTED_EDGE('',*,*,#4837,.F.);
#4839=CARTESIAN_POINT('',(-38.623115093,35.013129212,50.627458341));
#4840=VERTEX_POINT('',#4839);
#4841=CARTESIAN_POINT('',(-38.623115093,50.,50.));
#4842=DIRECTION('',(-1.,0.,0.));
#4843=DIRECTION('',(0.,0.,1.));
#4844=AXIS2_PLACEMENT_3D('',#4841,#4842,#4843);
#4845=CIRCLE('',#4844,15.);
#4846=EDGE_CURVE('',#4840,#4832,#4845,.T.);
#4847=ORIENTED_EDGE('',*,*,#4846,.F.);
#4848=CARTESIAN_POINT('',(-38.623115093,35.013129212,50.627458341));
#4849=DIRECTION('',(0.,-0.649448048,-0.760405966));
#4850=VECTOR('',#4849,16.606206305);
#4851=LINE('',#4848,#4850);
#4852=EDGE_CURVE('',#4840,#4688,#4851,.T.);
#4853=ORIENTED_EDGE('',*,*,#4852,.T.);
#4854=ORIENTED_EDGE('',*,*,#4693,.T.);
#4855=EDGE_LOOP('',(#4838,#4847,#4853,#4854));
#4856=FACE_BOUND('',#4855,.T.);
#4857=ADVANCED_FACE('',(#4856),#4830,.F.);
#4858=CARTESIAN_POINT('',(-38.623115093,0.,0.));
#4859=DIRECTION('',(1.,0.,0.));
#4860=DIRECTION('',(0.,1.,0.));
#4861=AXIS2_PLACEMENT_3D('',#4858,#4859,#4860);
#4862=PLANE('',#4861);
#4863=CARTESIAN_POINT('',(-38.623115093,35.046571918,48.818903651));
#4864=VERTEX_POINT('',#4863);
#4865=CARTESIAN_POINT('',(-38.623115093,25.806099274,37.999700265));
#4866=VERTEX_POINT('',#4865);
#4867=CARTESIAN_POINT('',(-38.623115093,35.046571918,48.818903651));
#4868=DIRECTION('',(0.,-0.649448048,-0.760405966));
#4869=VECTOR('',#4868,14.228193722);
#4870=LINE('',#4867,#4869);
#4871=EDGE_CURVE('',#4864,#4866,#4870,.T.);
#4872=ORIENTED_EDGE('',*,*,#4871,.F.);
#4873=CARTESIAN_POINT('',(-38.623115093,35.321263,46.912172273));
#4874=VERTEX_POINT('',#4873);
#4875=CARTESIAN_POINT('',(-38.623115093,50.,50.));
#4876=DIRECTION('',(-1.,0.,0.));
#4877=DIRECTION('',(0.,0.,1.));
#4878=AXIS2_PLACEMENT_3D('',#4875,#4876,#4877);
#4879=CIRCLE('',#4878,15.);
#4880=EDGE_CURVE('',#4874,#4864,#4879,.T.);
#4881=ORIENTED_EDGE('',*,*,#4880,.F.);
#4882=CARTESIAN_POINT('',(-38.623115093,26.953664905,37.860155653));
#4883=VERTEX_POINT('',#4882);
#4884=CARTESIAN_POINT('',(-38.623115093,35.321263,46.912172273));
#4885=DIRECTION('',(0.,-0.678800746,-0.734322509));
#4886=VECTOR('',#4885,12.327031385);
#4887=LINE('',#4884,#4886);
#4888=EDGE_CURVE('',#4874,#4883,#4887,.T.);
#4889=ORIENTED_EDGE('',*,*,#4888,.T.);
#4890=CARTESIAN_POINT('',(-38.623115093,25.75,32.75));
#4891=DIRECTION('',(1.,0.,0.));
#4892=DIRECTION('',(0.,0.,-1.));
#4893=AXIS2_PLACEMENT_3D('',#4890,#4891,#4892);
#4894=CIRCLE('',#4893,5.25);
#4895=EDGE_CURVE('',#4883,#4866,#4894,.T.);
#4896=ORIENTED_EDGE('',*,*,#4895,.T.);
#4897=EDGE_LOOP('',(#4872,#4881,#4889,#4896));
#4898=FACE_BOUND('',#4897,.T.);
#4899=ADVANCED_FACE('',(#4898),#4862,.F.);
#4900=CARTESIAN_POINT('',(-30.923115093,25.75,32.75));
#4901=DIRECTION('',(-1.,0.,0.));
#4902=DIRECTION('',(0.,0.,1.));
#4903=AXIS2_PLACEMENT_3D('',#4900,#4901,#4902);
#4904=CYLINDRICAL_SURFACE('',#4903,30.25);
#4905=ORIENTED_EDGE('',*,*,#3308,.F.);
#4906=CARTESIAN_POINT('',(-30.423115093,44.787671776,56.258074216));
#4907=VERTEX_POINT('',#4906);
#4908=CARTESIAN_POINT('',(-28.923115093,44.787671776,56.258074216));
#4909=DIRECTION('',(-1.,0.,0.));
#4910=VECTOR('',#4909,1.5);
#4911=LINE('',#4908,#4910);
#4912=EDGE_CURVE('',#3293,#4907,#4911,.T.);
#4913=ORIENTED_EDGE('',*,*,#4912,.T.);
#4914=CARTESIAN_POINT('',(-30.423115093,44.31046781,56.63663925));
#4915=VERTEX_POINT('',#4914);
#4916=CARTESIAN_POINT('',(-30.423115093,25.75,32.75));
#4917=DIRECTION('',(-1.,0.,0.));
#4918=DIRECTION('',(0.,0.613569184,0.789640967));
#4919=AXIS2_PLACEMENT_3D('',#4916,#4917,#4918);
#4920=CIRCLE('',#4919,30.25);
#4921=EDGE_CURVE('',#4915,#4907,#4920,.T.);
#4922=ORIENTED_EDGE('',*,*,#4921,.F.);
#4923=CARTESIAN_POINT('',(-36.334090938,44.31046781,56.63663925));
#4924=VERTEX_POINT('',#4923);
#4925=CARTESIAN_POINT('',(-30.423115093,44.31046781,56.63663925));
#4926=DIRECTION('',(-1.,0.,0.));
#4927=VECTOR('',#4926,5.910975845);
#4928=LINE('',#4925,#4927);
#4929=EDGE_CURVE('',#4915,#4924,#4928,.T.);
#4930=ORIENTED_EDGE('',*,*,#4929,.T.);
#4931=CARTESIAN_POINT('',(-37.603461716,42.713650401,57.795899167));
#4932=VERTEX_POINT('',#4931);
#4933=CARTESIAN_POINT('',(-37.603461716,42.713650401,57.795899167));
#4934=CARTESIAN_POINT('',(-37.258859133,43.3003771,57.3985077));
#4935=CARTESIAN_POINT('',(-36.836416732,43.831059003,57.009150914));
#4936=CARTESIAN_POINT('',(-36.334090938,44.31046781,56.63663925));
#4937=B_SPLINE_CURVE_WITH_KNOTS('',3,(#4933,#4934,#4935,#4936),.UNSPECIFIED.,.F.,.F.,(4,4),(0.,0.002346276),.UNSPECIFIED.);
#4938=EDGE_CURVE('',#4932,#4924,#4937,.T.);
#4939=ORIENTED_EDGE('',*,*,#4938,.F.);
#4940=CARTESIAN_POINT('',(-30.423115093,42.713650401,57.795899167));
#4941=VERTEX_POINT('',#4940);
#4942=CARTESIAN_POINT('',(-30.423115093,42.713650401,57.795899167));
#4943=DIRECTION('',(-1.,0.,0.));
#4944=VECTOR('',#4943,7.180346623);
#4945=LINE('',#4942,#4944);
#4946=EDGE_CURVE('',#4941,#4932,#4945,.T.);
#4947=ORIENTED_EDGE('',*,*,#4946,.F.);
#4948=CARTESIAN_POINT('',(-30.423115093,41.698062388,58.45450945));
#4949=VERTEX_POINT('',#4948);
#4950=CARTESIAN_POINT('',(-30.423115093,25.75,32.75));
#4951=DIRECTION('',(-1.,0.,0.));
#4952=DIRECTION('',(0.,0.527208674,0.84973585));
#4953=AXIS2_PLACEMENT_3D('',#4950,#4951,#4952);
#4954=CIRCLE('',#4953,30.25);
#4955=EDGE_CURVE('',#4949,#4941,#4954,.T.);
#4956=ORIENTED_EDGE('',*,*,#4955,.F.);
#4957=CARTESIAN_POINT('',(-38.097086789,41.698062388,58.45450945));
#4958=VERTEX_POINT('',#4957);
#4959=CARTESIAN_POINT('',(-30.423115093,41.698062388,58.45450945));
#4960=DIRECTION('',(-1.,0.,0.));
#4961=VECTOR('',#4960,7.673971696);
#4962=LINE('',#4959,#4961);
#4963=EDGE_CURVE('',#4949,#4958,#4962,.T.);
#4964=ORIENTED_EDGE('',*,*,#4963,.T.);
#4965=CARTESIAN_POINT('',(-38.543629058,39.987672301,59.43990797));
#4966=VERTEX_POINT('',#4965);
#4967=CARTESIAN_POINT('',(-38.543629058,39.987672301,59.43990797));
#4968=CARTESIAN_POINT('',(-38.45997514,40.581544187,59.123108327));
#4969=CARTESIAN_POINT('',(-38.311787496,41.151320437,58.793729102));
#4970=CARTESIAN_POINT('',(-38.097086789,41.698062388,58.45450945));
#4971=B_SPLINE_CURVE_WITH_KNOTS('',3,(#4967,#4968,#4969,#4970),.UNSPECIFIED.,.F.,.F.,(4,4),(0.,0.002023819),.UNSPECIFIED.);
#4972=EDGE_CURVE('',#4966,#4958,#4971,.T.);
#4973=ORIENTED_EDGE('',*,*,#4972,.F.);
#4974=CARTESIAN_POINT('',(-30.423115093,39.987672301,59.43990797));
#4975=VERTEX_POINT('',#4974);
#4976=CARTESIAN_POINT('',(-30.423115093,39.987672301,59.43990797));
#4977=DIRECTION('',(-1.,0.,0.));
#4978=VECTOR('',#4977,8.120513966);
#4979=LINE('',#4976,#4978);
#4980=EDGE_CURVE('',#4975,#4966,#4979,.T.);
#4981=ORIENTED_EDGE('',*,*,#4980,.F.);
#4982=CARTESIAN_POINT('',(-30.423115093,38.896425291,59.993971848));
#4983=VERTEX_POINT('',#4982);
#4984=CARTESIAN_POINT('',(-30.423115093,25.75,32.75));
#4985=DIRECTION('',(-1.,0.,0.));
#4986=DIRECTION('',(0.,0.434592572,0.900627169));
#4987=AXIS2_PLACEMENT_3D('',#4984,#4985,#4986);
#4988=CIRCLE('',#4987,30.25);
#4989=EDGE_CURVE('',#4983,#4975,#4988,.T.);
#4990=ORIENTED_EDGE('',*,*,#4989,.F.);
#4991=CARTESIAN_POINT('',(-38.622922259,38.896425291,59.993971848));
#4992=VERTEX_POINT('',#4991);
#4993=CARTESIAN_POINT('',(-30.423115093,38.896425291,59.993971848));
#4994=DIRECTION('',(-1.,0.,0.));
#4995=VECTOR('',#4994,8.199807166);
#4996=LINE('',#4993,#4995);
#4997=EDGE_CURVE('',#4983,#4992,#4996,.T.);
#4998=ORIENTED_EDGE('',*,*,#4997,.T.);
#4999=CARTESIAN_POINT('',(-38.623115093,38.839016878,60.021599461));
#5000=VERTEX_POINT('',#4999);
#5001=CARTESIAN_POINT('',(-38.623115093,38.839016878,60.021599461));
#5002=CARTESIAN_POINT('',(-38.623115093,38.858162889,60.012410324));
#5003=CARTESIAN_POINT('',(-38.623050832,38.877299027,60.003201119));
#5004=CARTESIAN_POINT('',(-38.622922259,38.896425291,59.993971848));
#5005=B_SPLINE_CURVE_WITH_KNOTS('',3,(#5001,#5002,#5003,#5004),.UNSPECIFIED.,.F.,.F.,(4,4),(0.,0.000063711),.UNSPECIFIED.);
#5006=EDGE_CURVE('',#5000,#4992,#5005,.T.);
#5007=ORIENTED_EDGE('',*,*,#5006,.F.);
#5008=CARTESIAN_POINT('',(-38.623115093,37.090543034,60.793797598));
#5009=VERTEX_POINT('',#5008);
#5010=CARTESIAN_POINT('',(-38.623115093,25.75,32.75));
#5011=DIRECTION('',(1.,0.,0.));
#5012=DIRECTION('',(0.,0.,-1.));
#5013=AXIS2_PLACEMENT_3D('',#5010,#5011,#5012);
#5014=CIRCLE('',#5013,30.25);
#5015=EDGE_CURVE('',#5000,#5009,#5014,.T.);
#5016=ORIENTED_EDGE('',*,*,#5015,.T.);
#5017=CARTESIAN_POINT('',(-30.423115093,37.090543034,60.793797598));
#5018=VERTEX_POINT('',#5017);
#5019=CARTESIAN_POINT('',(-30.423115093,37.090543034,60.793797598));
#5020=DIRECTION('',(-1.,0.,0.));
#5021=VECTOR('',#5020,8.2);
#5022=LINE('',#5019,#5021);
#5023=EDGE_CURVE('',#5018,#5009,#5022,.T.);
#5024=ORIENTED_EDGE('',*,*,#5023,.F.);
#5025=CARTESIAN_POINT('',(-30.423115093,35.928624981,61.236103516));
#5026=VERTEX_POINT('',#5025);
#5027=CARTESIAN_POINT('',(-30.423115093,25.75,32.75));
#5028=DIRECTION('',(-1.,0.,0.));
#5029=DIRECTION('',(0.,0.33648347,0.941689372));
#5030=AXIS2_PLACEMENT_3D('',#5027,#5028,#5029);
#5031=CIRCLE('',#5030,30.25);
#5032=EDGE_CURVE('',#5026,#5018,#5031,.T.);
#5033=ORIENTED_EDGE('',*,*,#5032,.F.);
#5034=CARTESIAN_POINT('',(-38.923115093,35.928624981,61.236103516));
#5035=VERTEX_POINT('',#5034);
#5036=CARTESIAN_POINT('',(-30.423115093,35.928624981,61.236103516));
#5037=DIRECTION('',(-1.,0.,0.));
#5038=VECTOR('',#5037,8.5);
#5039=LINE('',#5036,#5038);
#5040=EDGE_CURVE('',#5026,#5035,#5039,.T.);
#5041=ORIENTED_EDGE('',*,*,#5040,.T.);
#5042=CARTESIAN_POINT('',(-38.923115093,34.046366211,61.840080916));
#5043=VERTEX_POINT('',#5042);
#5044=CARTESIAN_POINT('',(-38.923115093,25.75,32.75));
#5045=DIRECTION('',(1.,0.,-0.));
#5046=DIRECTION('',(0.,0.683730717,0.729734408));
#5047=AXIS2_PLACEMENT_3D('',#5044,#5045,#5046);
#5048=CIRCLE('',#5047,30.25);
#5049=EDGE_CURVE('',#5035,#5043,#5048,.T.);
#5050=ORIENTED_EDGE('',*,*,#5049,.T.);
#5051=CARTESIAN_POINT('',(-30.423115093,34.046366211,61.840080916));
#5052=VERTEX_POINT('',#5051);
#5053=CARTESIAN_POINT('',(-30.423115093,34.046366211,61.840080916));
#5054=DIRECTION('',(-1.,0.,0.));
#5055=VECTOR('',#5054,8.5);
#5056=LINE('',#5053,#5055);
#5057=EDGE_CURVE('',#5052,#5043,#5056,.T.);
#5058=ORIENTED_EDGE('',*,*,#5057,.F.);
#5059=CARTESIAN_POINT('',(-30.423115093,32.81860573,62.162536664));
#5060=VERTEX_POINT('',#5059);
#5061=CARTESIAN_POINT('',(-30.423115093,25.75,32.75));
#5062=DIRECTION('',(-1.,0.,0.));
#5063=DIRECTION('',(0.,0.233672917,0.972315262));
#5064=AXIS2_PLACEMENT_3D('',#5061,#5062,#5063);
#5065=CIRCLE('',#5064,30.25);
#5066=EDGE_CURVE('',#5060,#5052,#5065,.T.);
#5067=ORIENTED_EDGE('',*,*,#5066,.F.);
#5068=CARTESIAN_POINT('',(-38.923115093,32.81860573,62.162536664));
#5069=VERTEX_POINT('',#5068);
#5070=CARTESIAN_POINT('',(-30.423115093,32.81860573,62.162536664));
#5071=DIRECTION('',(-1.,0.,0.));
#5072=VECTOR('',#5071,8.5);
#5073=LINE('',#5070,#5072);
#5074=EDGE_CURVE('',#5060,#5069,#5073,.T.);
#5075=ORIENTED_EDGE('',*,*,#5074,.T.);
#5076=CARTESIAN_POINT('',(-38.923115093,30.880033702,62.561830776));
#5077=VERTEX_POINT('',#5076);
#5078=CARTESIAN_POINT('',(-38.923115093,25.75,32.75));
#5079=DIRECTION('',(1.,0.,-0.));
#5080=DIRECTION('',(0.,0.683730717,0.729734408));
#5081=AXIS2_PLACEMENT_3D('',#5078,#5079,#5080);
#5082=CIRCLE('',#5081,30.25);
#5083=EDGE_CURVE('',#5069,#5077,#5082,.T.);
#5084=ORIENTED_EDGE('',*,*,#5083,.T.);
#5085=CARTESIAN_POINT('',(-30.423115093,30.880033702,62.561830776));
#5086=DIRECTION('',(-1.,0.,0.));
#5087=VECTOR('',#5086,8.5);
#5088=LINE('',#5085,#5087);
#5089=EDGE_CURVE('',#1243,#5077,#5088,.T.);
#5090=ORIENTED_EDGE('',*,*,#5089,.F.);
#5091=ORIENTED_EDGE('',*,*,#1249,.F.);
#5092=CARTESIAN_POINT('',(-38.923115093,29.591109027,62.755139251));
#5093=VERTEX_POINT('',#5092);
#5094=CARTESIAN_POINT('',(-30.423115093,29.591109027,62.755139251));
#5095=DIRECTION('',(-1.,0.,0.));
#5096=VECTOR('',#5095,8.5);
#5097=LINE('',#5094,#5096);
#5098=EDGE_CURVE('',#1235,#5093,#5097,.T.);
#5099=ORIENTED_EDGE('',*,*,#5098,.T.);
#5100=CARTESIAN_POINT('',(-38.923115093,27.617151976,62.942320936));
#5101=VERTEX_POINT('',#5100);
#5102=CARTESIAN_POINT('',(-38.923115093,25.75,32.75));
#5103=DIRECTION('',(1.,0.,-0.));
#5104=DIRECTION('',(0.,0.683730717,0.729734408));
#5105=AXIS2_PLACEMENT_3D('',#5102,#5103,#5104);
#5106=CIRCLE('',#5105,30.25);
#5107=EDGE_CURVE('',#5093,#5101,#5106,.T.);
#5108=ORIENTED_EDGE('',*,*,#5107,.T.);
#5109=CARTESIAN_POINT('',(-30.423115093,27.617151976,62.942320936));
#5110=DIRECTION('',(-1.,0.,0.));
#5111=VECTOR('',#5110,8.5);
#5112=LINE('',#5109,#5111);
#5113=EDGE_CURVE('',#1201,#5101,#5112,.T.);
#5114=ORIENTED_EDGE('',*,*,#5113,.F.);
#5115=ORIENTED_EDGE('',*,*,#1207,.F.);
#5116=CARTESIAN_POINT('',(-38.923115093,26.271579701,62.995503048));
#5117=VERTEX_POINT('',#5116);
#5118=CARTESIAN_POINT('',(-30.423115093,26.271579701,62.995503048));
#5119=DIRECTION('',(-1.,0.,0.));
#5120=VECTOR('',#5119,8.5);
#5121=LINE('',#5118,#5120);
#5122=EDGE_CURVE('',#1193,#5117,#5121,.T.);
#5123=ORIENTED_EDGE('',*,*,#5122,.T.);
#5124=CARTESIAN_POINT('',(-38.923115093,25.75,63.));
#5125=VERTEX_POINT('',#5124);
#5126=CARTESIAN_POINT('',(-38.923115093,25.75,32.75));
#5127=DIRECTION('',(1.,0.,-0.));
#5128=DIRECTION('',(0.,0.683730717,0.729734408));
#5129=AXIS2_PLACEMENT_3D('',#5126,#5127,#5128);
#5130=CIRCLE('',#5129,30.25);
#5131=EDGE_CURVE('',#5117,#5125,#5130,.T.);
#5132=ORIENTED_EDGE('',*,*,#5131,.T.);
#5133=CARTESIAN_POINT('',(-28.923115093,25.75,63.));
#5134=DIRECTION('',(-1.,0.,0.));
#5135=VECTOR('',#5134,10.);
#5136=LINE('',#5133,#5135);
#5137=EDGE_CURVE('',#3302,#5125,#5136,.T.);
#5138=ORIENTED_EDGE('',*,*,#5137,.F.);
#5139=EDGE_LOOP('',(#4905,#4913,#4922,#4930,#4939,#4947,#4956,#4964,#4973,#4981,#4990,#4998,#5007,#5016,#5024,#5033,#5041,#5050,#5058,#5067,#5075,#5084,#5090,#5091,#5099,#5108,
#5114,#5115,#5123,#5132,#5138));
#5140=FACE_BOUND('',#5139,.T.);
#5141=ADVANCED_FACE('',(#5140),#4904,.T.);
#5142=CARTESIAN_POINT('',(-30.423115093,36.738479862,44.587002588));
#5143=DIRECTION('',(0.,0.707106781,-0.707106781));
#5144=DIRECTION('',(0.,0.707106781,0.707106781));
#5145=AXIS2_PLACEMENT_3D('',#5142,#5143,#5144);
#5146=PLANE('',#5145);
#5147=CARTESIAN_POINT('',(-38.623115093,36.221796646,44.070319372));
#5148=VERTEX_POINT('',#5147);
#5149=CARTESIAN_POINT('',(-38.623115093,29.013726204,36.86224893));
#5150=VERTEX_POINT('',#5149);
#5151=CARTESIAN_POINT('',(-38.623115093,36.221796646,44.070319372));
#5152=DIRECTION('',(0.,-0.707106781,-0.707106781));
#5153=VECTOR('',#5152,10.193750978);
#5154=LINE('',#5151,#5153);
#5155=EDGE_CURVE('',#5148,#5150,#5154,.T.);
#5156=ORIENTED_EDGE('',*,*,#5155,.F.);
#5157=CARTESIAN_POINT('',(-32.541125596,44.463233519,52.311756245));
#5158=VERTEX_POINT('',#5157);
#5159=CARTESIAN_POINT('',(-38.623115094,36.221796646,44.070319372));
#5160=CARTESIAN_POINT('',(-38.62311145,36.422113969,44.270636695));
#5161=CARTESIAN_POINT('',(-38.612416381,36.62272845,44.471251176));
#5162=CARTESIAN_POINT('',(-38.591116177,36.823637692,44.672160418));
#5163=CARTESIAN_POINT('',(-38.569815972,37.024546933,44.873069659));
#5164=CARTESIAN_POINT('',(-38.537735751,37.226373585,45.074896311));
#5165=CARTESIAN_POINT('',(-38.495691462,37.425787025,45.274309751));
#5166=CARTESIAN_POINT('',(-38.411602884,37.824613906,45.673136632));
#5167=CARTESIAN_POINT('',(-38.287848859,38.215807596,46.064330322));
#5168=CARTESIAN_POINT('',(-38.127923418,38.600040484,46.44856321));
#5169=CARTESIAN_POINT('',(-37.967997976,38.984273372,46.832796097));
#5170=CARTESIAN_POINT('',(-37.771622162,39.361870916,47.210393641));
#5171=CARTESIAN_POINT('',(-37.541593966,39.732208511,47.580731237));
#5172=CARTESIAN_POINT('',(-37.311565769,40.102546106,47.951068832));
#5173=CARTESIAN_POINT('',(-37.048192265,40.46388332,48.312406046));
#5174=CARTESIAN_POINT('',(-36.766457886,40.805219942,48.653742667));
#5175=CARTESIAN_POINT('',(-36.202989129,41.487893185,49.336415911));
#5176=CARTESIAN_POINT('',(-35.542952015,42.121492446,49.970015172));
#5177=CARTESIAN_POINT('',(-34.820840089,42.72354661,50.572069336));
#5178=CARTESIAN_POINT('',(-34.459784127,43.024573692,50.873096418));
#5179=CARTESIAN_POINT('',(-34.083197478,43.31765867,51.166181396));
#5180=CARTESIAN_POINT('',(-33.699890952,43.605537438,51.454060164));
#5181=CARTESIAN_POINT('',(-33.316584425,43.893416206,51.741938932));
#5182=CARTESIAN_POINT('',(-32.925099509,44.176056828,52.024579554));
#5183=CARTESIAN_POINT('',(-32.541125596,44.463233519,52.311756245));
#5184=B_SPLINE_CURVE_WITH_KNOTS('',3,(#5159,#5160,#5161,#5162,#5163,#5164,#5165,#5166,#5167,#5168,#5169,#5170,#5171,#5172,#5173,#5174,#5175,#5176,#5177,#5178,#5179,#5180,#5181,#5182,#5183),.UNSPECIFIED.,.F.,.F.,(4,3,3,3,3,3,3,3,4),(0.119103711,0.119938329,0.120772946,0.12244218,0.124111414,0.125780649,0.129119117,0.130788351,0.132457586),.UNSPECIFIED.);
#5185=EDGE_CURVE('',#5148,#5158,#5184,.T.);
#5186=ORIENTED_EDGE('',*,*,#5185,.T.);
#5187=CARTESIAN_POINT('',(-30.423115093,44.463233519,52.311756245));
#5188=VERTEX_POINT('',#5187);
#5189=CARTESIAN_POINT('',(-30.423115093,44.463233519,52.311756245));
#5190=DIRECTION('',(-1.,0.,0.));
#5191=VECTOR('',#5190,2.118010503);
#5192=LINE('',#5189,#5191);
#5193=EDGE_CURVE('',#5188,#5158,#5192,.T.);
#5194=ORIENTED_EDGE('',*,*,#5193,.F.);
#5195=CARTESIAN_POINT('',(-30.423115093,29.013726204,36.86224893));
#5196=VERTEX_POINT('',#5195);
#5197=CARTESIAN_POINT('',(-30.423115093,44.463233519,52.311756245));
#5198=DIRECTION('',(0.,-0.707106781,-0.707106781));
#5199=VECTOR('',#5198,21.848902777);
#5200=LINE('',#5197,#5199);
#5201=EDGE_CURVE('',#5188,#5196,#5200,.T.);
#5202=ORIENTED_EDGE('',*,*,#5201,.T.);
#5203=CARTESIAN_POINT('',(-30.423115093,29.013726204,36.86224893));
#5204=DIRECTION('',(-1.,0.,0.));
#5205=VECTOR('',#5204,8.2);
#5206=LINE('',#5203,#5205);
#5207=EDGE_CURVE('',#5196,#5150,#5206,.T.);
#5208=ORIENTED_EDGE('',*,*,#5207,.T.);
#5209=EDGE_LOOP('',(#5156,#5186,#5194,#5202,#5208));
#5210=FACE_BOUND('',#5209,.T.);
#5211=ADVANCED_FACE('',(#5210),#5146,.T.);
#5212=CARTESIAN_POINT('',(-30.423115093,36.932105613,43.083582887));
#5213=DIRECTION('',(0.,0.707106781,-0.707106781));
#5214=DIRECTION('',(0.,0.707106781,0.707106781));
#5215=AXIS2_PLACEMENT_3D('',#5212,#5213,#5214);
#5216=PLANE('',#5215);
#5217=CARTESIAN_POINT('',(-30.423115093,44.001962296,50.15343957));
#5218=VERTEX_POINT('',#5217);
#5219=CARTESIAN_POINT('',(-30.423115093,29.86224893,36.013726204));
#5220=VERTEX_POINT('',#5219);
#5221=CARTESIAN_POINT('',(-30.423115093,44.001962296,50.15343957));
#5222=DIRECTION('',(0.,-0.707106781,-0.707106781));
#5223=VECTOR('',#5222,19.99657441);
#5224=LINE('',#5221,#5223);
#5225=EDGE_CURVE('',#5218,#5220,#5224,.T.);
#5226=ORIENTED_EDGE('',*,*,#5225,.F.);
#5227=CARTESIAN_POINT('',(-32.541125596,44.001962296,50.15343957));
#5228=VERTEX_POINT('',#5227);
#5229=CARTESIAN_POINT('',(-30.423115093,44.001962296,50.15343957));
#5230=DIRECTION('',(-1.,0.,0.));
#5231=VECTOR('',#5230,2.118010503);
#5232=LINE('',#5229,#5231);
#5233=EDGE_CURVE('',#5218,#5228,#5232,.T.);
#5234=ORIENTED_EDGE('',*,*,#5233,.T.);
#5235=CARTESIAN_POINT('',(-38.623115093,36.773407614,42.924884888));
#5236=VERTEX_POINT('',#5235);
#5237=CARTESIAN_POINT('',(-38.623115093,36.773407614,42.924884888));
#5238=CARTESIAN_POINT('',(-38.623115093,37.143137215,43.294614489));
#5239=CARTESIAN_POINT('',(-38.584613991,37.508017805,43.659495079));
#5240=CARTESIAN_POINT('',(-38.510381967,37.868398273,44.019875547));
#5241=CARTESIAN_POINT('',(-38.436149943,38.228778741,44.380256015));
#5242=CARTESIAN_POINT('',(-38.32618828,38.584659249,44.736136523));
#5243=CARTESIAN_POINT('',(-38.181158636,38.93612313,45.087600404));
#5244=CARTESIAN_POINT('',(-38.036128991,39.28758701,45.439064284));
#5245=CARTESIAN_POINT('',(-37.854637342,39.636124746,45.78760202));
#5246=CARTESIAN_POINT('',(-37.643894962,39.970695104,46.122172378));
#5247=CARTESIAN_POINT('',(-37.433152582,40.305265463,46.456742737));
#5248=CARTESIAN_POINT('',(-37.192542267,40.628220583,46.779697857));
#5249=CARTESIAN_POINT('',(-36.923571034,40.940146524,47.091623798));
#5250=CARTESIAN_POINT('',(-36.789085418,41.096109494,47.247586768));
#5251=CARTESIAN_POINT('',(-36.647488978,41.249307161,47.400784435));
#5252=CARTESIAN_POINT('',(-36.498830955,41.399758673,47.551235947));
#5253=CARTESIAN_POINT('',(-36.350172933,41.550210185,47.701687459));
#5254=CARTESIAN_POINT('',(-36.19394156,41.698364331,47.849841606));
#5255=CARTESIAN_POINT('',(-36.032070232,41.842485938,47.993963212));
#5256=CARTESIAN_POINT('',(-35.708327574,42.130729152,48.282206426));
#5257=CARTESIAN_POINT('',(-35.362711095,42.402718984,48.554196258));
#5258=CARTESIAN_POINT('',(-34.996268208,42.659233718,48.810710992));
#5259=CARTESIAN_POINT('',(-34.629825322,42.915748452,49.067225726));
#5260=CARTESIAN_POINT('',(-34.242629215,43.156842469,49.308319743));
#5261=CARTESIAN_POINT('',(-33.833573125,43.381693388,49.533170662));
#5262=CARTESIAN_POINT('',(-33.424517035,43.606544307,49.758021581));
#5263=CARTESIAN_POINT('',(-32.992181934,43.815815871,49.967293145));
#5264=CARTESIAN_POINT('',(-32.541125596,44.001962296,50.15343957));
#5265=B_SPLINE_CURVE_WITH_KNOTS('',3,(#5237,#5238,#5239,#5240,#5241,#5242,#5243,#5244,#5245,#5246,#5247,#5248,#5249,#5250,#5251,#5252,#5253,#5254,#5255,#5256,#5257,#5258,#5259,#5260,#5261,#5262,
#5263,#5264),.UNSPECIFIED.,.F.,.F.,(4,3,3,3,3,3,3,3,3,4),(0.,0.001544325,0.00308865,0.004632975,0.0061773,0.006949462,0.007721625,0.009265949,0.010810274,0.012354599),.UNSPECIFIED.);
#5266=EDGE_CURVE('',#5236,#5228,#5265,.T.);
#5267=ORIENTED_EDGE('',*,*,#5266,.F.);
#5268=CARTESIAN_POINT('',(-38.623115093,29.86224893,36.013726204));
#5269=VERTEX_POINT('',#5268);
#5270=CARTESIAN_POINT('',(-38.623115093,36.773407614,42.924884888));
#5271=DIRECTION('',(0.,-0.707106781,-0.707106781));
#5272=VECTOR('',#5271,9.773854342);
#5273=LINE('',#5270,#5272);
#5274=EDGE_CURVE('',#5236,#5269,#5273,.T.);
#5275=ORIENTED_EDGE('',*,*,#5274,.T.);
#5276=CARTESIAN_POINT('',(-30.423115093,29.86224893,36.013726204));
#5277=DIRECTION('',(-1.,0.,0.));
#5278=VECTOR('',#5277,8.2);
#5279=LINE('',#5276,#5278);
#5280=EDGE_CURVE('',#5220,#5269,#5279,.T.);
#5281=ORIENTED_EDGE('',*,*,#5280,.F.);
#5282=EDGE_LOOP('',(#5226,#5234,#5267,#5275,#5281));
#5283=FACE_BOUND('',#5282,.T.);
#5284=ADVANCED_FACE('',(#5283),#5216,.F.);
#5285=CARTESIAN_POINT('',(-30.423115093,32.963161662,48.227254725));
#5286=DIRECTION('',(0.,0.760405966,-0.649448048));
#5287=DIRECTION('',(0.,0.649448048,0.760405966));
#5288=AXIS2_PLACEMENT_3D('',#5285,#5286,#5287);
#5289=PLANE('',#5288);
#5290=ORIENTED_EDGE('',*,*,#4852,.F.);
#5291=CARTESIAN_POINT('',(-38.623115093,35.013129212,50.627458341));
#5292=CARTESIAN_POINT('',(-38.623115093,35.571661861,51.281416051));
#5293=CARTESIAN_POINT('',(-38.579356199,36.128742175,51.933673295));
#5294=CARTESIAN_POINT('',(-38.516152827,36.685177136,52.585174927));
#5295=CARTESIAN_POINT('',(-38.452949455,37.241612097,53.23667656));
#5296=CARTESIAN_POINT('',(-38.370465949,37.797407159,53.887428968));
#5297=CARTESIAN_POINT('',(-38.295307031,38.353445322,54.538466009));
#5298=CARTESIAN_POINT('',(-38.220148113,38.909483484,55.18950305));
#5299=CARTESIAN_POINT('',(-38.153161974,39.465792896,55.840857684));
#5300=CARTESIAN_POINT('',(-38.115726506,40.023083081,56.493360655));
#5301=CARTESIAN_POINT('',(-38.078291039,40.580373266,57.145863627));
#5302=CARTESIAN_POINT('',(-38.071191495,41.138670286,57.79954545));
#5303=CARTESIAN_POINT('',(-38.097086789,41.698062388,58.45450945));
#5304=B_SPLINE_CURVE_WITH_KNOTS('',3,(#5291,#5292,#5293,#5294,#5295,#5296,#5297,#5298,#5299,#5300,#5301,#5302,#5303),.UNSPECIFIED.,.F.,.F.,(4,3,3,3,4),(0.,0.002576671,0.005153343,0.007730014,0.010306686),.UNSPECIFIED.);
#5305=EDGE_CURVE('',#4840,#4958,#5304,.T.);
#5306=ORIENTED_EDGE('',*,*,#5305,.T.);
#5307=ORIENTED_EDGE('',*,*,#4963,.F.);
#5308=CARTESIAN_POINT('',(-30.423115093,41.698062388,58.45450945));
#5309=DIRECTION('',(0.,-0.649448048,-0.760405966));
#5310=VECTOR('',#5309,26.899459467);
#5311=LINE('',#5308,#5310);
#5312=EDGE_CURVE('',#4949,#4696,#5311,.T.);
#5313=ORIENTED_EDGE('',*,*,#5312,.T.);
#5314=ORIENTED_EDGE('',*,*,#4701,.T.);
#5315=EDGE_LOOP('',(#5290,#5306,#5307,#5313,#5314));
#5316=FACE_BOUND('',#5315,.T.);
#5317=ADVANCED_FACE('',(#5316),#5289,.T.);
#5318=CARTESIAN_POINT('',(-30.423115093,34.259874838,47.897799716));
#5319=DIRECTION('',(0.,0.760405966,-0.649448048));
#5320=DIRECTION('',(0.,0.649448048,0.760405966));
#5321=AXIS2_PLACEMENT_3D('',#5318,#5319,#5320);
#5322=PLANE('',#5321);
#5323=CARTESIAN_POINT('',(-30.423115093,25.806099274,37.999700265));
#5324=VERTEX_POINT('',#5323);
#5325=CARTESIAN_POINT('',(-30.423115093,42.713650401,57.795899167));
#5326=DIRECTION('',(0.,-0.649448048,-0.760405966));
#5327=VECTOR('',#5326,26.033723823);
#5328=LINE('',#5325,#5327);
#5329=EDGE_CURVE('',#4941,#5324,#5328,.T.);
#5330=ORIENTED_EDGE('',*,*,#5329,.F.);
#5331=ORIENTED_EDGE('',*,*,#4946,.T.);
#5332=CARTESIAN_POINT('',(-38.623115093,35.046571918,48.818903651));
#5333=CARTESIAN_POINT('',(-38.623115093,35.69218033,49.57481398));
#5334=CARTESIAN_POINT('',(-38.546300684,36.332591937,50.324639633));
#5335=CARTESIAN_POINT('',(-38.429910045,36.970326053,51.071330346));
#5336=CARTESIAN_POINT('',(-38.313519407,37.608060169,51.818021058));
#5337=CARTESIAN_POINT('',(-38.157100054,38.243086181,52.561540989));
#5338=CARTESIAN_POINT('',(-38.008557324,38.878645078,53.305684848));
#5339=CARTESIAN_POINT('',(-37.860014594,39.514203975,54.049828707));
#5340=CARTESIAN_POINT('',(-37.721296037,40.150201,54.794485547));
#5341=CARTESIAN_POINT('',(-37.642472151,40.78886498,55.542264991));
#5342=CARTESIAN_POINT('',(-37.603060208,41.10819697,55.916154713));
#5343=CARTESIAN_POINT('',(-37.578457854,41.428188471,56.290816624));
#5344=CARTESIAN_POINT('',(-37.571612837,41.748970754,56.666404421));
#5345=CARTESIAN_POINT('',(-37.56476782,42.069753037,57.041992218));
#5346=CARTESIAN_POINT('',(-37.575720607,42.391327905,57.418508011));
#5347=CARTESIAN_POINT('',(-37.603461716,42.713650401,57.795899167));
#5348=B_SPLINE_CURVE_WITH_KNOTS('',3,(#5332,#5333,#5334,#5335,#5336,#5337,#5338,#5339,#5340,#5341,#5342,#5343,#5344,#5345,#5346,#5347),.UNSPECIFIED.,.F.,.F.,(4,3,3,3,3,4),(0.,0.002966213,0.005932425,0.008898638,0.010381744,0.011864851),.UNSPECIFIED.);
#5349=EDGE_CURVE('',#4864,#4932,#5348,.T.);
#5350=ORIENTED_EDGE('',*,*,#5349,.F.);
#5351=ORIENTED_EDGE('',*,*,#4871,.T.);
#5352=CARTESIAN_POINT('',(-30.423115093,25.806099274,37.999700265));
#5353=DIRECTION('',(-1.,0.,0.));
#5354=VECTOR('',#5353,8.2);
#5355=LINE('',#5352,#5354);
#5356=EDGE_CURVE('',#5324,#4866,#5355,.T.);
#5357=ORIENTED_EDGE('',*,*,#5356,.F.);
#5358=EDGE_LOOP('',(#5330,#5331,#5350,#5351,#5357));
#5359=FACE_BOUND('',#5358,.T.);
#5360=ADVANCED_FACE('',(#5359),#5322,.F.);
#5361=CARTESIAN_POINT('',(-30.423115093,35.632066358,47.248397452));
#5362=DIRECTION('',(0.,0.734322509,-0.678800746));
#5363=DIRECTION('',(0.,0.678800746,0.734322509));
#5364=AXIS2_PLACEMENT_3D('',#5361,#5362,#5363);
#5365=PLANE('',#5364);
#5366=ORIENTED_EDGE('',*,*,#4888,.F.);
#5367=CARTESIAN_POINT('',(-38.623115093,35.321263,46.912172273));
#5368=CARTESIAN_POINT('',(-38.623115093,36.091369002,47.745268253));
#5369=CARTESIAN_POINT('',(-38.491193962,36.84659107,48.562262884));
#5370=CARTESIAN_POINT('',(-38.274745609,37.592276398,49.368940726));
#5371=CARTESIAN_POINT('',(-38.166521433,37.965119062,49.772279647));
#5372=CARTESIAN_POINT('',(-38.037087965,38.335568798,50.173029914));
#5373=CARTESIAN_POINT('',(-37.893846984,38.704460708,50.572094935));
#5374=CARTESIAN_POINT('',(-37.750606004,39.073352619,50.971159955));
#5375=CARTESIAN_POINT('',(-37.593451953,39.440684718,51.368537581));
#5376=CARTESIAN_POINT('',(-37.432729893,39.807561909,51.765423091));
#5377=CARTESIAN_POINT('',(-37.272007832,40.174439101,52.1623086));
#5378=CARTESIAN_POINT('',(-37.107656581,40.540877394,52.558719313));
#5379=CARTESIAN_POINT('',(-36.954105118,40.908621765,52.956542932));
#5380=CARTESIAN_POINT('',(-36.800553655,41.276366137,53.354366552));
#5381=CARTESIAN_POINT('',(-36.657968807,41.645436761,53.753624905));
#5382=CARTESIAN_POINT('',(-36.544360698,42.018011703,54.156674206));
#5383=CARTESIAN_POINT('',(-36.430752589,42.390586645,54.559723507));
#5384=CARTESIAN_POINT('',(-36.346742736,42.766741068,54.966645069));
#5385=CARTESIAN_POINT('',(-36.308237606,43.148398628,55.379519892));
#5386=CARTESIAN_POINT('',(-36.269732475,43.530056188,55.792394714));
#5387=CARTESIAN_POINT('',(-36.277501875,43.917309983,56.21132351));
#5388=CARTESIAN_POINT('',(-36.334090938,44.31046781,56.63663925));
#5389=B_SPLINE_CURVE_WITH_KNOTS('',3,(#5367,#5368,#5369,#5370,#5371,#5372,#5373,#5374,#5375,#5376,#5377,#5378,#5379,#5380,#5381,#5382,#5383,#5384,#5385,#5386,#5387,#5388),.UNSPECIFIED.,.F.,.F.,(4,3,3,3,3,3,3,4),(0.,0.003357468,0.005036202,0.006714936,0.008393669,0.010072403,0.011751137,0.013429871),.UNSPECIFIED.);
#5390=EDGE_CURVE('',#4874,#4924,#5389,.T.);
#5391=ORIENTED_EDGE('',*,*,#5390,.T.);
#5392=ORIENTED_EDGE('',*,*,#4929,.F.);
#5393=CARTESIAN_POINT('',(-30.423115093,26.953664905,37.860155653));
#5394=VERTEX_POINT('',#5393);
#5395=CARTESIAN_POINT('',(-30.423115093,44.31046781,56.63663925));
#5396=DIRECTION('',(0.,-0.678800746,-0.734322509));
#5397=VECTOR('',#5396,25.569805305);
#5398=LINE('',#5395,#5397);
#5399=EDGE_CURVE('',#4915,#5394,#5398,.T.);
#5400=ORIENTED_EDGE('',*,*,#5399,.T.);
#5401=CARTESIAN_POINT('',(-30.423115093,26.953664905,37.860155653));
#5402=DIRECTION('',(-1.,0.,0.));
#5403=VECTOR('',#5402,8.2);
#5404=LINE('',#5401,#5403);
#5405=EDGE_CURVE('',#5394,#4883,#5404,.T.);
#5406=ORIENTED_EDGE('',*,*,#5405,.T.);
#5407=EDGE_LOOP('',(#5366,#5391,#5392,#5400,#5406));
#5408=FACE_BOUND('',#5407,.T.);
#5409=ADVANCED_FACE('',(#5408),#5365,.T.);
#5410=CARTESIAN_POINT('',(-30.423115093,36.679774369,46.613989234));
#5411=DIRECTION('',(0.,0.734322509,-0.678800746));
#5412=DIRECTION('',(0.,0.678800746,0.734322509));
#5413=AXIS2_PLACEMENT_3D('',#5410,#5411,#5412);
#5414=PLANE('',#5413);
#5415=CARTESIAN_POINT('',(-30.423115093,45.189040779,55.819261775));
#5416=VERTEX_POINT('',#5415);
#5417=CARTESIAN_POINT('',(-30.423115093,28.170507958,37.408716693));
#5418=VERTEX_POINT('',#5417);
#5419=CARTESIAN_POINT('',(-30.423115093,45.189040779,55.819261775));
#5420=DIRECTION('',(0.,-0.678800746,-0.734322509));
#5421=VECTOR('',#5420,25.071470431);
#5422=LINE('',#5419,#5421);
#5423=EDGE_CURVE('',#5416,#5418,#5422,.T.);
#5424=ORIENTED_EDGE('',*,*,#5423,.F.);
#5425=CARTESIAN_POINT('',(-35.135525893,45.189040779,55.819261775));
#5426=VERTEX_POINT('',#5425);
#5427=CARTESIAN_POINT('',(-30.423115093,45.189040779,55.819261775));
#5428=DIRECTION('',(-1.,0.,0.));
#5429=VECTOR('',#5428,4.7124108);
#5430=LINE('',#5427,#5429);
#5431=EDGE_CURVE('',#5416,#5426,#5430,.T.);
#5432=ORIENTED_EDGE('',*,*,#5431,.T.);
#5433=CARTESIAN_POINT('',(-38.623115093,35.680561225,45.533046545));
#5434=VERTEX_POINT('',#5433);
#5435=CARTESIAN_POINT('',(-38.623115093,35.680561225,45.533046545));
#5436=CARTESIAN_POINT('',(-38.623115093,36.511913137,46.432397976));
#5437=CARTESIAN_POINT('',(-38.450564493,37.322966149,47.309790182));
#5438=CARTESIAN_POINT('',(-38.154164479,38.119449483,48.171420998));
#5439=CARTESIAN_POINT('',(-38.005964471,38.51769115,48.602236406));
#5440=CARTESIAN_POINT('',(-37.825923688,38.913255488,49.030155496));
#5441=CARTESIAN_POINT('',(-37.623223246,39.303324191,49.452129442));
#5442=CARTESIAN_POINT('',(-37.420522805,39.693392895,49.874103389));
#5443=CARTESIAN_POINT('',(-37.195428686,40.077536174,50.289667246));
#5444=CARTESIAN_POINT('',(-36.958906192,40.458655475,50.701959783));
#5445=CARTESIAN_POINT('',(-36.722383697,40.839774775,51.11425232));
#5446=CARTESIAN_POINT('',(-36.474094905,41.217780684,51.523176808));
#5447=CARTESIAN_POINT('',(-36.231675588,41.59733967,51.933781406));
#5448=CARTESIAN_POINT('',(-35.989256271,41.976898656,52.344386004));
#5449=CARTESIAN_POINT('',(-35.752203848,42.357877737,52.756526851));
#5450=CARTESIAN_POINT('',(-35.551271952,42.748414402,53.179007036));
#5451=CARTESIAN_POINT('',(-35.350340056,43.138951067,53.60148722));
#5452=CARTESIAN_POINT('',(-35.186356157,43.543322639,54.038933922));
#5453=CARTESIAN_POINT('',(-35.107645079,43.951214058,54.480188372));
#5454=CARTESIAN_POINT('',(-35.068289541,44.155159767,54.700815597));
#5455=CARTESIAN_POINT('',(-35.049769477,44.36044217,54.922888851));
#5456=CARTESIAN_POINT('',(-35.054332957,44.567205493,55.146564153));
#5457=CARTESIAN_POINT('',(-35.058896436,44.773968815,55.370239455));
#5458=CARTESIAN_POINT('',(-35.086917653,44.98283776,55.596192607));
#5459=CARTESIAN_POINT('',(-35.135525893,45.189040779,55.819261775));
#5460=B_SPLINE_CURVE_WITH_KNOTS('',3,(#5435,#5436,#5437,#5438,#5439,#5440,#5441,#5442,#5443,#5444,#5445,#5446,#5447,#5448,#5449,#5450,#5451,#5452,#5453,#5454,#5455,#5456,#5457,#5458,#5459),.UNSPECIFIED.,.F.,.F.,(4,3,3,3,3,3,3,3,4),(0.,0.003620244,0.005430366,0.007240488,0.00905061,0.010860732,0.012670854,0.013575915,0.014480976),.UNSPECIFIED.);
#5461=EDGE_CURVE('',#5434,#5426,#5460,.T.);
#5462=ORIENTED_EDGE('',*,*,#5461,.F.);
#5463=CARTESIAN_POINT('',(-38.623115093,28.170507958,37.408716693));
#5464=VERTEX_POINT('',#5463);
#5465=CARTESIAN_POINT('',(-38.623115093,35.680561225,45.533046545));
#5466=DIRECTION('',(0.,-0.678800746,-0.734322509));
#5467=VECTOR('',#5466,11.063708041);
#5468=LINE('',#5465,#5467);
#5469=EDGE_CURVE('',#5434,#5464,#5468,.T.);
#5470=ORIENTED_EDGE('',*,*,#5469,.T.);
#5471=CARTESIAN_POINT('',(-30.423115093,28.170507958,37.408716693));
#5472=DIRECTION('',(-1.,0.,0.));
#5473=VECTOR('',#5472,8.2);
#5474=LINE('',#5471,#5473);
#5475=EDGE_CURVE('',#5418,#5464,#5474,.T.);
#5476=ORIENTED_EDGE('',*,*,#5475,.F.);
#5477=EDGE_LOOP('',(#5424,#5432,#5462,#5470,#5476));
#5478=FACE_BOUND('',#5477,.T.);
#5479=ADVANCED_FACE('',(#5478),#5414,.F.);
#5480=CARTESIAN_POINT('',(-30.423115093,37.369144456,41.604661201));
#5481=DIRECTION('',(0.,0.678800746,-0.734322509));
#5482=DIRECTION('',(0.,0.734322509,0.678800746));
#5483=AXIS2_PLACEMENT_3D('',#5480,#5481,#5482);
#5484=PLANE('',#5483);
#5485=CARTESIAN_POINT('',(-38.623115093,37.492937782,41.719094574));
#5486=VERTEX_POINT('',#5485);
#5487=CARTESIAN_POINT('',(-38.623115093,30.408716693,35.170507958));
#5488=VERTEX_POINT('',#5487);
#5489=CARTESIAN_POINT('',(-38.623115093,37.492937782,41.719094574));
#5490=DIRECTION('',(0.,-0.734322509,-0.678800746));
#5491=VECTOR('',#5490,9.647288484);
#5492=LINE('',#5489,#5491);
#5493=EDGE_CURVE('',#5486,#5488,#5492,.T.);
#5494=ORIENTED_EDGE('',*,*,#5493,.F.);
#5495=CARTESIAN_POINT('',(-32.541125596,44.32957222,48.038814443));
#5496=VERTEX_POINT('',#5495);
#5497=CARTESIAN_POINT('',(-38.623115093,37.492937782,41.719094574));
#5498=CARTESIAN_POINT('',(-38.623114472,37.671961305,41.884582216));
#5499=CARTESIAN_POINT('',(-38.614173323,37.851198999,42.050267837));
#5500=CARTESIAN_POINT('',(-38.596187168,38.030653369,42.21615375));
#5501=CARTESIAN_POINT('',(-38.578201013,38.210107738,42.382039662));
#5502=CARTESIAN_POINT('',(-38.551043238,38.390378303,42.548680059));
#5503=CARTESIAN_POINT('',(-38.514895989,38.56943544,42.714198773));
#5504=CARTESIAN_POINT('',(-38.44260149,38.927549712,43.045236202));
#5505=CARTESIAN_POINT('',(-38.335395842,39.277757722,43.368965156));
#5506=CARTESIAN_POINT('',(-38.194778772,39.620399109,43.685699596));
#5507=CARTESIAN_POINT('',(-38.054161701,39.963040495,44.002434036));
#5508=CARTESIAN_POINT('',(-37.880133142,40.298115244,44.312173947));
#5509=CARTESIAN_POINT('',(-37.672057845,40.625479491,44.614786345));
#5510=CARTESIAN_POINT('',(-37.568020197,40.789161615,44.766092544));
#5511=CARTESIAN_POINT('',(-37.455284779,40.951012062,44.915705558));
#5512=CARTESIAN_POINT('',(-37.335380568,41.108871858,45.061629653));
#5513=CARTESIAN_POINT('',(-37.215476356,41.266731655,45.207553748));
#5514=CARTESIAN_POINT('',(-37.088096523,41.421125655,45.350274093));
#5515=CARTESIAN_POINT('',(-36.95329981,41.572081093,45.489815865));
#5516=CARTESIAN_POINT('',(-36.683706384,41.873991968,45.768899407));
#5517=CARTESIAN_POINT('',(-36.382500197,42.163645236,46.036652134));
#5518=CARTESIAN_POINT('',(-36.058583955,42.433187123,46.285814091));
#5519=CARTESIAN_POINT('',(-35.734667714,42.702729009,46.534976048));
#5520=CARTESIAN_POINT('',(-35.38736976,42.953464555,46.766753603));
#5521=CARTESIAN_POINT('',(-35.016917283,43.185576493,46.981315671));
#5522=CARTESIAN_POINT('',(-34.646464807,43.417688431,47.19587774));
#5523=CARTESIAN_POINT('',(-34.251868812,43.631671036,47.393681225));
#5524=CARTESIAN_POINT('',(-33.834624088,43.824750718,47.572162247));
#5525=CARTESIAN_POINT('',(-33.417379364,44.0178304,47.750643269));
#5526=CARTESIAN_POINT('',(-32.986218007,44.186112799,47.906201919));
#5527=CARTESIAN_POINT('',(-32.541125596,44.32957222,48.038814443));
#5528=B_SPLINE_CURVE_WITH_KNOTS('',3,(#5497,#5498,#5499,#5500,#5501,#5502,#5503,#5504,#5505,#5506,#5507,#5508,#5509,#5510,#5511,#5512,#5513,#5514,#5515,#5516,#5517,#5518,#5519,#5520,#5521,#5522,
#5523,#5524,#5525,#5526,#5527),.UNSPECIFIED.,.F.,.F.,(4,3,3,3,3,3,3,3,3,3,4),(0.054536363,0.055266419,0.055996475,0.057456588,0.0589167,0.059646756,0.060376813,0.061836925,0.063297037,0.06475715,0.066217262),.UNSPECIFIED.);
#5529=EDGE_CURVE('',#5486,#5496,#5528,.T.);
#5530=ORIENTED_EDGE('',*,*,#5529,.T.);
#5531=CARTESIAN_POINT('',(-30.423115093,44.32957222,48.038814443));
#5532=VERTEX_POINT('',#5531);
#5533=CARTESIAN_POINT('',(-30.423115093,44.32957222,48.038814443));
#5534=DIRECTION('',(-1.,0.,0.));
#5535=VECTOR('',#5534,2.118010503);
#5536=LINE('',#5533,#5535);
#5537=EDGE_CURVE('',#5532,#5496,#5536,.T.);
#5538=ORIENTED_EDGE('',*,*,#5537,.F.);
#5539=CARTESIAN_POINT('',(-30.423115093,30.408716693,35.170507958));
#5540=VERTEX_POINT('',#5539);
#5541=CARTESIAN_POINT('',(-30.423115093,44.32957222,48.038814443));
#5542=DIRECTION('',(0.,-0.734322509,-0.678800746));
#5543=VECTOR('',#5542,18.9574136);
#5544=LINE('',#5541,#5543);
#5545=EDGE_CURVE('',#5532,#5540,#5544,.T.);
#5546=ORIENTED_EDGE('',*,*,#5545,.T.);
#5547=CARTESIAN_POINT('',(-30.423115093,30.408716693,35.170507958));
#5548=DIRECTION('',(-1.,0.,0.));
#5549=VECTOR('',#5548,8.2);
#5550=LINE('',#5547,#5549);
#5551=EDGE_CURVE('',#5540,#5488,#5550,.T.);
#5552=ORIENTED_EDGE('',*,*,#5551,.T.);
#5553=EDGE_LOOP('',(#5494,#5530,#5538,#5546,#5552));
#5554=FACE_BOUND('',#5553,.T.);
#5555=ADVANCED_FACE('',(#5554),#5484,.T.);
#5556=CARTESIAN_POINT('',(-30.423115093,37.861973111,40.426078388));
#5557=DIRECTION('',(0.,0.678800746,-0.734322509));
#5558=DIRECTION('',(0.,0.734322509,0.678800746));
#5559=AXIS2_PLACEMENT_3D('',#5556,#5557,#5558);
#5560=PLANE('',#5559);
#5561=CARTESIAN_POINT('',(-30.423115093,44.863790569,46.89849187));
#5562=VERTEX_POINT('',#5561);
#5563=CARTESIAN_POINT('',(-30.423115093,30.860155653,33.953664905));
#5564=VERTEX_POINT('',#5563);
#5565=CARTESIAN_POINT('',(-30.423115093,44.863790569,46.89849187));
#5566=DIRECTION('',(0.,-0.734322509,-0.678800746));
#5567=VECTOR('',#5566,19.070142527);
#5568=LINE('',#5565,#5567);
#5569=EDGE_CURVE('',#5562,#5564,#5568,.T.);
#5570=ORIENTED_EDGE('',*,*,#5569,.F.);
#5571=CARTESIAN_POINT('',(-32.541125596,44.863790569,46.89849187));
#5572=VERTEX_POINT('',#5571);
#5573=CARTESIAN_POINT('',(-30.423115093,44.863790569,46.89849187));
#5574=DIRECTION('',(-1.,0.,0.));
#5575=VECTOR('',#5574,2.118010503);
#5576=LINE('',#5573,#5575);
#5577=EDGE_CURVE('',#5562,#5572,#5576,.T.);
#5578=ORIENTED_EDGE('',*,*,#5577,.T.);
#5579=CARTESIAN_POINT('',(-38.623115093,38.200356257,40.738876551));
#5580=VERTEX_POINT('',#5579);
#5581=CARTESIAN_POINT('',(-38.623115093,38.200356257,40.738876551));
#5582=CARTESIAN_POINT('',(-38.623115093,38.558312767,41.069768145));
#5583=CARTESIAN_POINT('',(-38.58682363,38.910957866,41.395749921));
#5584=CARTESIAN_POINT('',(-38.516246113,39.258585052,41.717093187));
#5585=CARTESIAN_POINT('',(-38.445668596,39.606212239,42.038436453));
#5586=CARTESIAN_POINT('',(-38.340789991,39.948819313,42.355139175));
#5587=CARTESIAN_POINT('',(-38.201310493,40.286362398,42.667160793));
#5588=CARTESIAN_POINT('',(-38.131570745,40.455133941,42.823171602));
#5589=CARTESIAN_POINT('',(-38.05314796,40.622634683,42.978007696));
#5590=CARTESIAN_POINT('',(-37.96578695,40.788827278,43.131634551));
#5591=CARTESIAN_POINT('',(-37.878425939,40.955019873,43.285261405));
#5592=CARTESIAN_POINT('',(-37.782026474,41.119872635,43.437649731));
#5593=CARTESIAN_POINT('',(-37.67839341,41.280444093,43.58608046));
#5594=CARTESIAN_POINT('',(-37.471127283,41.601587009,43.882941918));
#5595=CARTESIAN_POINT('',(-37.233545483,41.908743279,44.166874254));
#5596=CARTESIAN_POINT('',(-36.966297469,42.202212544,44.438154452));
#5597=CARTESIAN_POINT('',(-36.699049455,42.495681809,44.70943465));
#5598=CARTESIAN_POINT('',(-36.401322988,42.776130086,44.96867837));
#5599=CARTESIAN_POINT('',(-36.074301932,43.040889488,45.213419444));
#5600=CARTESIAN_POINT('',(-35.747280877,43.305648889,45.458160517));
#5601=CARTESIAN_POINT('',(-35.397600636,43.549550288,45.683620651));
#5602=CARTESIAN_POINT('',(-35.026077468,43.773345054,45.890494405));
#5603=CARTESIAN_POINT('',(-34.654554299,43.997139821,46.097368159));
#5604=CARTESIAN_POINT('',(-34.261189585,44.200829228,46.285656711));
#5605=CARTESIAN_POINT('',(-33.845259639,44.383747118,46.454744269));
#5606=CARTESIAN_POINT('',(-33.637294667,44.475206063,46.539288048));
#5607=CARTESIAN_POINT('',(-33.423215832,44.561579868,46.619131172));
#5608=CARTESIAN_POINT('',(-33.205659572,44.641678653,46.693173727));
#5609=CARTESIAN_POINT('',(-32.988103312,44.721777437,46.767216282));
#5610=CARTESIAN_POINT('',(-32.766605516,44.795835477,46.83567483));
#5611=CARTESIAN_POINT('',(-32.541125596,44.863790569,46.89849187));
#5612=B_SPLINE_CURVE_WITH_KNOTS('',3,(#5581,#5582,#5583,#5584,#5585,#5586,#5587,#5588,#5589,#5590,#5591,#5592,#5593,#5594,#5595,#5596,#5597,#5598,#5599,#5600,#5601,#5602,#5603,#5604,#5605,#5606,
#5607,#5608,#5609,#5610,#5611),.UNSPECIFIED.,.F.,.F.,(4,3,3,3,3,3,3,3,3,3,4),(0.,0.001434188,0.002868375,0.003585469,0.004302563,0.00573675,0.007170938,0.008605125,0.010039313,0.010756407,0.0114735),.UNSPECIFIED.);
#5613=EDGE_CURVE('',#5580,#5572,#5612,.T.);
#5614=ORIENTED_EDGE('',*,*,#5613,.F.);
#5615=CARTESIAN_POINT('',(-38.623115093,30.860155653,33.953664905));
#5616=VERTEX_POINT('',#5615);
#5617=CARTESIAN_POINT('',(-38.623115093,38.200356257,40.738876551));
#5618=DIRECTION('',(0.,-0.734322509,-0.678800746));
#5619=VECTOR('',#5618,9.995881251);
#5620=LINE('',#5617,#5619);
#5621=EDGE_CURVE('',#5580,#5616,#5620,.T.);
#5622=ORIENTED_EDGE('',*,*,#5621,.T.);
#5623=CARTESIAN_POINT('',(-30.423115093,30.860155653,33.953664905));
#5624=DIRECTION('',(-1.,0.,0.));
#5625=VECTOR('',#5624,8.2);
#5626=LINE('',#5623,#5625);
#5627=EDGE_CURVE('',#5564,#5616,#5626,.T.);
#5628=ORIENTED_EDGE('',*,*,#5627,.F.);
#5629=EDGE_LOOP('',(#5570,#5578,#5614,#5622,#5628));
#5630=FACE_BOUND('',#5629,.T.);
#5631=ADVANCED_FACE('',(#5630),#5560,.F.);
#5632=CARTESIAN_POINT('',(-30.423115093,30.227100617,48.996985924));
#5633=DIRECTION('',(0.,0.785316931,-0.619093949));
#5634=DIRECTION('',(0.,0.619093949,0.785316931));
#5635=AXIS2_PLACEMENT_3D('',#5632,#5633,#5634);
#5636=PLANE('',#5635);
#5637=CARTESIAN_POINT('',(-38.623115093,37.260949178,57.919380289));
#5638=VERTEX_POINT('',#5637);
#5639=CARTESIAN_POINT('',(-38.623115093,37.260949178,57.919380289));
#5640=DIRECTION('',(0.,-0.619093949,-0.785316931));
#5641=VECTOR('',#5640,25.364766129);
#5642=LINE('',#5639,#5641);
#5643=EDGE_CURVE('',#5638,#4656,#5642,.T.);
#5644=ORIENTED_EDGE('',*,*,#5643,.F.);
#5645=CARTESIAN_POINT('',(-38.623115093,37.260949178,57.919380289));
#5646=CARTESIAN_POINT('',(-38.623115093,37.806107886,58.610910813));
#5647=CARTESIAN_POINT('',(-38.622560132,38.351266568,59.302441304));
#5648=CARTESIAN_POINT('',(-38.622922259,38.896425291,59.993971848));
#5649=B_SPLINE_CURVE_WITH_KNOTS('',3,(#5645,#5646,#5647,#5648),.UNSPECIFIED.,.F.,.F.,(4,4),(0.,0.002641725),.UNSPECIFIED.);
#5650=EDGE_CURVE('',#5638,#4992,#5649,.T.);
#5651=ORIENTED_EDGE('',*,*,#5650,.T.);
#5652=ORIENTED_EDGE('',*,*,#4997,.F.);
#5653=CARTESIAN_POINT('',(-30.423115093,38.896425291,59.993971848));
#5654=DIRECTION('',(0.,-0.619093949,-0.785316931));
#5655=VECTOR('',#5654,28.006491371);
#5656=LINE('',#5653,#5655);
#5657=EDGE_CURVE('',#4983,#4664,#5656,.T.);
#5658=ORIENTED_EDGE('',*,*,#5657,.T.);
#5659=ORIENTED_EDGE('',*,*,#4669,.T.);
#5660=EDGE_LOOP('',(#5644,#5651,#5652,#5658,#5659));
#5661=FACE_BOUND('',#5660,.T.);
#5662=ADVANCED_FACE('',(#5661),#5636,.T.);
#5663=CARTESIAN_POINT('',(-30.423115093,31.536741997,48.719953985));
#5664=DIRECTION('',(0.,0.785316931,-0.619093949));
#5665=DIRECTION('',(0.,0.619093949,0.785316931));
#5666=AXIS2_PLACEMENT_3D('',#5663,#5664,#5665);
#5667=PLANE('',#5666);
#5668=CARTESIAN_POINT('',(-30.423115093,39.987672301,59.43990797));
#5669=DIRECTION('',(0.,-0.619093949,-0.785316931));
#5670=VECTOR('',#5669,27.300962359);
#5671=LINE('',#5668,#5670);
#5672=EDGE_CURVE('',#4975,#4672,#5671,.T.);
#5673=ORIENTED_EDGE('',*,*,#5672,.F.);
#5674=ORIENTED_EDGE('',*,*,#4980,.T.);
#5675=CARTESIAN_POINT('',(-38.623115093,35.463876057,53.701499791));
#5676=CARTESIAN_POINT('',(-38.623115093,36.217931313,54.658014323));
#5677=CARTESIAN_POINT('',(-38.586915529,36.971742786,55.614219618));
#5678=CARTESIAN_POINT('',(-38.563066949,37.725637435,56.570530422));
#5679=CARTESIAN_POINT('',(-38.551142658,38.10258476,57.048685824));
#5680=CARTESIAN_POINT('',(-38.542000713,38.479550822,57.526864995));
#5681=CARTESIAN_POINT('',(-38.538385048,38.856554101,58.005091374));
#5682=CARTESIAN_POINT('',(-38.534769382,39.23355738,58.483317753));
#5683=CARTESIAN_POINT('',(-38.536703249,39.610598031,58.961591539));
#5684=CARTESIAN_POINT('',(-38.543629058,39.987672301,59.43990797));
#5685=B_SPLINE_CURVE_WITH_KNOTS('',3,(#5675,#5676,#5677,#5678,#5679,#5680,#5681,#5682,#5683,#5684),.UNSPECIFIED.,.F.,.F.,(4,3,3,4),(0.,0.003653778,0.005480667,0.007307556),.UNSPECIFIED.);
#5686=EDGE_CURVE('',#4832,#4966,#5685,.T.);
#5687=ORIENTED_EDGE('',*,*,#5686,.F.);
#5688=ORIENTED_EDGE('',*,*,#4837,.T.);
#5689=ORIENTED_EDGE('',*,*,#4685,.F.);
#5690=EDGE_LOOP('',(#5673,#5674,#5687,#5688,#5689));
#5691=FACE_BOUND('',#5690,.T.);
#5692=ADVANCED_FACE('',(#5691),#5667,.F.);
#5693=CARTESIAN_POINT('',(-30.423115093,38.474350488,39.19005366));
#5694=DIRECTION('',(0.,0.649448048,-0.760405966));
#5695=DIRECTION('',(0.,0.760405966,0.649448048));
#5696=AXIS2_PLACEMENT_3D('',#5693,#5694,#5695);
#5697=PLANE('',#5696);
#5698=CARTESIAN_POINT('',(-38.623115093,39.084706854,39.711347244));
#5699=VERTEX_POINT('',#5698);
#5700=CARTESIAN_POINT('',(-38.623115093,30.999700265,32.806099274));
#5701=VERTEX_POINT('',#5700);
#5702=CARTESIAN_POINT('',(-38.623115093,39.084706854,39.711347244));
#5703=DIRECTION('',(0.,-0.760405966,-0.649448048));
#5704=VECTOR('',#5703,10.63248706);
#5705=LINE('',#5702,#5704);
#5706=EDGE_CURVE('',#5699,#5701,#5705,.T.);
#5707=ORIENTED_EDGE('',*,*,#5706,.F.);
#5708=CARTESIAN_POINT('',(-32.541125596,45.949000712,45.574008047));
#5709=VERTEX_POINT('',#5708);
#5710=CARTESIAN_POINT('',(-38.623115093,39.084706854,39.711347244));
#5711=CARTESIAN_POINT('',(-38.623114969,39.448457558,40.022019694));
#5712=CARTESIAN_POINT('',(-38.588007879,39.811524296,40.332107982));
#5713=CARTESIAN_POINT('',(-38.517058195,40.173892736,40.641599868));
#5714=CARTESIAN_POINT('',(-38.481583353,40.355076957,40.796345812));
#5715=CARTESIAN_POINT('',(-38.436889668,40.536735257,40.951496657));
#5716=CARTESIAN_POINT('',(-38.383575608,40.71605084,41.104646633));
#5717=CARTESIAN_POINT('',(-38.330261548,40.895366422,41.257796608));
#5718=CARTESIAN_POINT('',(-38.268368206,41.072523159,41.409102756));
#5719=CARTESIAN_POINT('',(-38.198013362,41.247550688,41.558590387));
#5720=CARTESIAN_POINT('',(-37.916593988,41.947660804,42.156540915));
#5721=CARTESIAN_POINT('',(-37.494343422,42.619933105,42.730715703));
#5722=CARTESIAN_POINT('',(-36.957862372,43.224861445,43.247373314));
#5723=CARTESIAN_POINT('',(-36.689621847,43.527325614,43.505702119));
#5724=CARTESIAN_POINT('',(-36.392139303,43.814875682,43.751293078));
#5725=CARTESIAN_POINT('',(-36.064595116,44.08687776,43.983604799));
#5726=CARTESIAN_POINT('',(-35.737050929,44.358879838,44.215916521));
#5727=CARTESIAN_POINT('',(-35.387108135,44.608987784,44.429528887));
#5728=CARTESIAN_POINT('',(-35.015672436,44.838086902,44.625198018));
#5729=CARTESIAN_POINT('',(-34.644236737,45.06718602,44.82086715));
#5730=CARTESIAN_POINT('',(-34.251305235,45.275273477,44.998590628));
#5731=CARTESIAN_POINT('',(-33.836312383,45.461796463,45.157896308));
#5732=CARTESIAN_POINT('',(-33.628815958,45.555057957,45.237549148));
#5733=CARTESIAN_POINT('',(-33.414927987,45.643188954,45.312820131));
#5734=CARTESIAN_POINT('',(-33.198618213,45.724514111,45.382278377));
#5735=CARTESIAN_POINT('',(-32.982308438,45.805839268,45.451736623));
#5736=CARTESIAN_POINT('',(-32.763125095,45.880624581,45.515609314));
#5737=CARTESIAN_POINT('',(-32.541125596,45.949000712,45.574008047));
#5738=B_SPLINE_CURVE_WITH_KNOTS('',3,(#5710,#5711,#5712,#5713,#5714,#5715,#5716,#5717,#5718,#5719,#5720,#5721,#5722,#5723,#5724,#5725,#5726,#5727,#5728,#5729,#5730,#5731,#5732,#5733,#5734,#5735,
#5736,#5737),.UNSPECIFIED.,.F.,.F.,(4,3,3,3,3,3,3,3,3,4),(0.056577892,0.058017177,0.05873682,0.059456462,0.062335033,0.063774318,0.065213603,0.066652888,0.067372531,0.068092173),.UNSPECIFIED.);
#5739=EDGE_CURVE('',#5699,#5709,#5738,.T.);
#5740=ORIENTED_EDGE('',*,*,#5739,.T.);
#5741=CARTESIAN_POINT('',(-30.423115093,45.949000712,45.574008047));
#5742=VERTEX_POINT('',#5741);
#5743=CARTESIAN_POINT('',(-30.423115093,45.949000712,45.574008047));
#5744=DIRECTION('',(-1.,0.,0.));
#5745=VECTOR('',#5744,2.118010503);
#5746=LINE('',#5743,#5745);
#5747=EDGE_CURVE('',#5742,#5709,#5746,.T.);
#5748=ORIENTED_EDGE('',*,*,#5747,.F.);
#5749=CARTESIAN_POINT('',(-30.423115093,30.999700265,32.806099274));
#5750=VERTEX_POINT('',#5749);
#5751=CARTESIAN_POINT('',(-30.423115093,45.949000712,45.574008047));
#5752=DIRECTION('',(0.,-0.760405966,-0.649448048));
#5753=VECTOR('',#5752,19.659630676);
#5754=LINE('',#5751,#5753);
#5755=EDGE_CURVE('',#5742,#5750,#5754,.T.);
#5756=ORIENTED_EDGE('',*,*,#5755,.T.);
#5757=CARTESIAN_POINT('',(-30.423115093,30.999700265,32.806099274));
#5758=DIRECTION('',(-1.,0.,0.));
#5759=VECTOR('',#5758,8.2);
#5760=LINE('',#5757,#5759);
#5761=EDGE_CURVE('',#5750,#5701,#5760,.T.);
#5762=ORIENTED_EDGE('',*,*,#5761,.T.);
#5763=EDGE_LOOP('',(#5707,#5740,#5748,#5756,#5762));
#5764=FACE_BOUND('',#5763,.T.);
#5765=ADVANCED_FACE('',(#5764),#5697,.T.);
#5766=CARTESIAN_POINT('',(-38.923115093,0.,0.));
#5767=DIRECTION('',(1.,0.,0.));
#5768=DIRECTION('',(0.,1.,0.));
#5769=AXIS2_PLACEMENT_3D('',#5766,#5767,#5768);
#5770=PLANE('',#5769);
#5771=CARTESIAN_POINT('',(-38.923115093,26.271579701,62.995503048));
#5772=DIRECTION('',(0.,-0.488621241,-0.872496007));
#5773=VECTOR('',#5772,28.648272136);
#5774=LINE('',#5771,#5773);
#5775=EDGE_CURVE('',#5117,#4528,#5774,.T.);
#5776=ORIENTED_EDGE('',*,*,#5775,.T.);
#5777=ORIENTED_EDGE('',*,*,#4533,.T.);
#5778=CARTESIAN_POINT('',(-38.923115093,24.302071115,63.));
#5779=VERTEX_POINT('',#5778);
#5780=CARTESIAN_POINT('',(-38.923115093,24.302071115,63.));
#5781=DIRECTION('',(0.,-0.4539905,-0.891006524));
#5782=VECTOR('',#5781,28.058155941);
#5783=LINE('',#5780,#5782);
#5784=EDGE_CURVE('',#5779,#4520,#5783,.T.);
#5785=ORIENTED_EDGE('',*,*,#5784,.F.);
#5786=CARTESIAN_POINT('',(-38.923115093,25.75,63.));
#5787=DIRECTION('',(0.,-1.,0.));
#5788=VECTOR('',#5787,1.447928885);
#5789=LINE('',#5786,#5788);
#5790=EDGE_CURVE('',#5125,#5779,#5789,.T.);
#5791=ORIENTED_EDGE('',*,*,#5790,.F.);
#5792=ORIENTED_EDGE('',*,*,#5131,.F.);
#5793=EDGE_LOOP('',(#5776,#5777,#5785,#5791,#5792));
#5794=FACE_BOUND('',#5793,.T.);
#5795=ADVANCED_FACE('',(#5794),#5770,.F.);
#5796=CARTESIAN_POINT('',(-38.923115093,0.,0.));
#5797=DIRECTION('',(1.,0.,0.));
#5798=DIRECTION('',(0.,1.,0.));
#5799=AXIS2_PLACEMENT_3D('',#5796,#5797,#5798);
#5800=PLANE('',#5799);
#5801=ORIENTED_EDGE('',*,*,#4373,.T.);
#5802=CARTESIAN_POINT('',(-38.923115093,9.237326749,63.));
#5803=VERTEX_POINT('',#5802);
#5804=CARTESIAN_POINT('',(-38.923115093,9.237326749,63.));
#5805=DIRECTION('',(0.,-0.27144045,-0.962455236));
#5806=VECTOR('',#5805,25.975234019);
#5807=LINE('',#5804,#5806);
#5808=EDGE_CURVE('',#5803,#4360,#5807,.T.);
#5809=ORIENTED_EDGE('',*,*,#5808,.F.);
#5810=CARTESIAN_POINT('',(-38.923115093,10.81382664,63.));
#5811=VERTEX_POINT('',#5810);
#5812=CARTESIAN_POINT('',(-38.923115093,10.81382664,63.));
#5813=DIRECTION('',(0.,-1.,0.));
#5814=VECTOR('',#5813,1.576499892);
#5815=LINE('',#5812,#5814);
#5816=EDGE_CURVE('',#5811,#5803,#5815,.T.);
#5817=ORIENTED_EDGE('',*,*,#5816,.F.);
#5818=CARTESIAN_POINT('',(-38.923115093,10.81382664,63.));
#5819=DIRECTION('',(0.,-0.309016994,-0.951056516));
#5820=VECTOR('',#5819,26.286555606);
#5821=LINE('',#5818,#5820);
#5822=EDGE_CURVE('',#5811,#4368,#5821,.T.);
#5823=ORIENTED_EDGE('',*,*,#5822,.T.);
#5824=EDGE_LOOP('',(#5801,#5809,#5817,#5823));
#5825=FACE_BOUND('',#5824,.T.);
#5826=ADVANCED_FACE('',(#5825),#5800,.F.);
#5827=CARTESIAN_POINT('',(-38.923115093,0.,0.));
#5828=DIRECTION('',(1.,0.,0.));
#5829=DIRECTION('',(0.,1.,0.));
#5830=AXIS2_PLACEMENT_3D('',#5827,#5828,#5829);
#5831=PLANE('',#5830);
#5832=CARTESIAN_POINT('',(-38.923115093,34.046366211,61.840080916));
#5833=DIRECTION('',(0.,-0.555570233,-0.831469612));
#5834=VECTOR('',#5833,28.672221526);
#5835=LINE('',#5832,#5834);
#5836=EDGE_CURVE('',#5043,#4616,#5835,.T.);
#5837=ORIENTED_EDGE('',*,*,#5836,.F.);
#5838=ORIENTED_EDGE('',*,*,#5049,.F.);
#5839=CARTESIAN_POINT('',(-38.923115093,35.928624981,61.236103516));
#5840=DIRECTION('',(0.,-0.587785252,-0.809016994));
#5841=VECTOR('',#5840,28.721403477);
#5842=LINE('',#5839,#5841);
#5843=EDGE_CURVE('',#5035,#4624,#5842,.T.);
#5844=ORIENTED_EDGE('',*,*,#5843,.T.);
#5845=ORIENTED_EDGE('',*,*,#4629,.T.);
#5846=EDGE_LOOP('',(#5837,#5838,#5844,#5845));
#5847=FACE_BOUND('',#5846,.T.);
#5848=ADVANCED_FACE('',(#5847),#5831,.F.);
#5849=CARTESIAN_POINT('',(-30.923115093,25.75,32.75));
#5850=DIRECTION('',(-1.,0.,0.));
#5851=DIRECTION('',(0.,0.,1.));
#5852=AXIS2_PLACEMENT_3D('',#5849,#5850,#5851);
#5853=CYLINDRICAL_SURFACE('',#5852,5.25);
#5854=ORIENTED_EDGE('',*,*,#5761,.F.);
#5855=CARTESIAN_POINT('',(-30.423115093,25.75,32.75));
#5856=DIRECTION('',(-1.,0.,0.));
#5857=DIRECTION('',(0.,0.,1.));
#5858=AXIS2_PLACEMENT_3D('',#5855,#5856,#5857);
#5859=CIRCLE('',#5858,5.25);
#5860=EDGE_CURVE('',#5750,#1390,#5859,.T.);
#5861=ORIENTED_EDGE('',*,*,#5860,.T.);
#5862=ORIENTED_EDGE('',*,*,#1395,.F.);
#5863=ORIENTED_EDGE('',*,*,#3538,.T.);
#5864=CARTESIAN_POINT('',(-26.523115093,28.318996984,37.328510074));
#5865=VERTEX_POINT('',#5864);
#5866=CARTESIAN_POINT('',(-28.923115093,30.718996984,34.444570439));
#5867=CARTESIAN_POINT('',(-28.923115093,30.58141993,34.847988291));
#5868=CARTESIAN_POINT('',(-28.912859419,30.397996855,35.226799672));
#5869=CARTESIAN_POINT('',(-28.859927262,30.171905688,35.580061852));
#5870=CARTESIAN_POINT('',(-28.833461183,30.058860105,35.756692941));
#5871=CARTESIAN_POINT('',(-28.795433359,29.933873379,35.928006671));
#5872=CARTESIAN_POINT('',(-28.741691243,29.803617353,36.086268327));
#5873=CARTESIAN_POINT('',(-28.687949126,29.673361328,36.244529984));
#5874=CARTESIAN_POINT('',(-28.618594086,29.537133326,36.391102722));
#5875=CARTESIAN_POINT('',(-28.526755157,29.397851082,36.525669806));
#5876=CARTESIAN_POINT('',(-28.434916228,29.258568839,36.66023689));
#5877=CARTESIAN_POINT('',(-28.323825705,29.121415613,36.777803632));
#5878=CARTESIAN_POINT('',(-28.189518389,28.991831661,36.879531146));
#5879=CARTESIAN_POINT('',(-28.122364731,28.927039684,36.930394903));
#5880=CARTESIAN_POINT('',(-28.0486808,28.863684793,36.977613392));
#5881=CARTESIAN_POINT('',(-27.970793779,28.804780063,37.019756289));
#5882=CARTESIAN_POINT('',(-27.892906758,28.745875332,37.061899186));
#5883=CARTESIAN_POINT('',(-27.810612197,28.691093091,37.099262882));
#5884=CARTESIAN_POINT('',(-27.723810743,28.640937803,37.132348528));
#5885=CARTESIAN_POINT('',(-27.637009288,28.590782516,37.165434173));
#5886=CARTESIAN_POINT('',(-27.545703246,28.545251582,37.194243617));
#5887=CARTESIAN_POINT('',(-27.449587895,28.505030375,37.219038782));
#5888=CARTESIAN_POINT('',(-27.353472543,28.464809168,37.243833947));
#5889=CARTESIAN_POINT('',(-27.253956078,28.430584056,37.264198268));
#5890=CARTESIAN_POINT('',(-27.152912805,28.403105181,37.280290598));
#5891=CARTESIAN_POINT('',(-27.051869533,28.375626307,37.296382927));
#5892=CARTESIAN_POINT('',(-26.948748042,28.354655294,37.308348062));
#5893=CARTESIAN_POINT('',(-26.843509453,28.340479073,37.316390059));
#5894=CARTESIAN_POINT('',(-26.738270864,28.326302852,37.324432057));
#5895=CARTESIAN_POINT('',(-26.630602633,28.318996984,37.328510074));
#5896=CARTESIAN_POINT('',(-26.523115093,28.318996984,37.328510074));
#5897=B_SPLINE_CURVE_WITH_KNOTS('',3,(#5866,#5867,#5868,#5869,#5870,#5871,#5872,#5873,#5874,#5875,#5876,#5877,#5878,#5879,#5880,#5881,#5882,#5883,#5884,#5885,#5886,#5887,#5888,#5889,#5890,#5891,
#5892,#5893,#5894,#5895,#5896),.UNSPECIFIED.,.F.,.F.,(4,3,3,3,3,3,3,3,3,3,4),(0.,0.001261177,0.001891765,0.002522353,0.003152941,0.003468235,0.00378353,0.004098824,0.004414118,0.004729412,0.005044706),.UNSPECIFIED.);
#5898=EDGE_CURVE('',#3526,#5865,#5897,.T.);
#5899=ORIENTED_EDGE('',*,*,#5898,.T.);
#5900=CARTESIAN_POINT('',(-23.923115093,28.318996984,37.328510074));
#5901=VERTEX_POINT('',#5900);
#5902=CARTESIAN_POINT('',(-23.923115093,28.318996984,37.328510074));
#5903=DIRECTION('',(-1.,0.,0.));
#5904=VECTOR('',#5903,2.6);
#5905=LINE('',#5902,#5904);
#5906=EDGE_CURVE('',#5901,#5865,#5905,.T.);
#5907=ORIENTED_EDGE('',*,*,#5906,.F.);
#5908=CARTESIAN_POINT('',(-23.923115093,25.75,32.75));
#5909=DIRECTION('',(1.,0.,0.));
#5910=DIRECTION('',(0.,0.,-1.));
#5911=AXIS2_PLACEMENT_3D('',#5908,#5909,#5910);
#5912=CIRCLE('',#5911,5.25);
#5913=EDGE_CURVE('',#5901,#4712,#5912,.T.);
#5914=ORIENTED_EDGE('',*,*,#5913,.T.);
#5915=ORIENTED_EDGE('',*,*,#4717,.T.);
#5916=CARTESIAN_POINT('',(-30.423115093,25.75,32.75));
#5917=DIRECTION('',(-1.,0.,0.));
#5918=DIRECTION('',(0.,0.,1.));
#5919=AXIS2_PLACEMENT_3D('',#5916,#5917,#5918);
#5920=CIRCLE('',#5919,5.25);
#5921=EDGE_CURVE('',#4704,#5324,#5920,.T.);
#5922=ORIENTED_EDGE('',*,*,#5921,.T.);
#5923=ORIENTED_EDGE('',*,*,#5356,.T.);
#5924=ORIENTED_EDGE('',*,*,#4895,.F.);
#5925=ORIENTED_EDGE('',*,*,#5405,.F.);
#5926=CARTESIAN_POINT('',(-30.423115093,25.75,32.75));
#5927=DIRECTION('',(-1.,0.,0.));
#5928=DIRECTION('',(0.,0.229269506,0.973362981));
#5929=AXIS2_PLACEMENT_3D('',#5926,#5927,#5928);
#5930=CIRCLE('',#5929,5.25);
#5931=EDGE_CURVE('',#5394,#5418,#5930,.T.);
#5932=ORIENTED_EDGE('',*,*,#5931,.T.);
#5933=ORIENTED_EDGE('',*,*,#5475,.T.);
#5934=CARTESIAN_POINT('',(-38.623115093,25.75,32.75));
#5935=DIRECTION('',(1.,0.,0.));
#5936=DIRECTION('',(0.,0.,-1.));
#5937=AXIS2_PLACEMENT_3D('',#5934,#5935,#5936);
#5938=CIRCLE('',#5937,5.25);
#5939=EDGE_CURVE('',#5150,#5464,#5938,.T.);
#5940=ORIENTED_EDGE('',*,*,#5939,.F.);
#5941=ORIENTED_EDGE('',*,*,#5207,.F.);
#5942=CARTESIAN_POINT('',(-30.423115093,25.75,32.75));
#5943=DIRECTION('',(-1.,0.,0.));
#5944=DIRECTION('',(0.,0.621662134,0.783285511));
#5945=AXIS2_PLACEMENT_3D('',#5942,#5943,#5944);
#5946=CIRCLE('',#5945,5.25);
#5947=EDGE_CURVE('',#5196,#5220,#5946,.T.);
#5948=ORIENTED_EDGE('',*,*,#5947,.T.);
#5949=ORIENTED_EDGE('',*,*,#5280,.T.);
#5950=CARTESIAN_POINT('',(-38.623115093,25.75,32.75));
#5951=DIRECTION('',(1.,0.,0.));
#5952=DIRECTION('',(0.,0.,-1.));
#5953=AXIS2_PLACEMENT_3D('',#5950,#5951,#5952);
#5954=CIRCLE('',#5953,5.25);
#5955=EDGE_CURVE('',#5488,#5269,#5954,.T.);
#5956=ORIENTED_EDGE('',*,*,#5955,.F.);
#5957=ORIENTED_EDGE('',*,*,#5551,.F.);
#5958=CARTESIAN_POINT('',(-30.423115093,25.75,32.75));
#5959=DIRECTION('',(-1.,0.,0.));
#5960=DIRECTION('',(0.,0.887374608,0.461049135));
#5961=AXIS2_PLACEMENT_3D('',#5958,#5959,#5960);
#5962=CIRCLE('',#5961,5.25);
#5963=EDGE_CURVE('',#5540,#5564,#5962,.T.);
#5964=ORIENTED_EDGE('',*,*,#5963,.T.);
#5965=ORIENTED_EDGE('',*,*,#5627,.T.);
#5966=CARTESIAN_POINT('',(-38.623115093,25.75,32.75));
#5967=DIRECTION('',(1.,0.,0.));
#5968=DIRECTION('',(0.,0.,-1.));
#5969=AXIS2_PLACEMENT_3D('',#5966,#5967,#5968);
#5970=CIRCLE('',#5969,5.25);
#5971=EDGE_CURVE('',#5701,#5616,#5970,.T.);
#5972=ORIENTED_EDGE('',*,*,#5971,.F.);
#5973=EDGE_LOOP('',(#5854,#5861,#5862,#5863,#5899,#5907,#5914,#5915,#5922,#5923,#5924,#5925,#5932,#5933,#5940,#5941,#5948,#5949,#5956,#5957,#5964,#5965,#5972));
#5974=FACE_BOUND('',#5973,.T.);
#5975=ADVANCED_FACE('',(#5974),#5853,.F.);
#5976=CARTESIAN_POINT('',(-38.923115093,0.,0.));
#5977=DIRECTION('',(1.,0.,0.));
#5978=DIRECTION('',(0.,1.,0.));
#5979=AXIS2_PLACEMENT_3D('',#5976,#5977,#5978);
#5980=PLANE('',#5979);
#5981=ORIENTED_EDGE('',*,*,#4277,.T.);
#5982=CARTESIAN_POINT('',(-38.923115093,1.060848263,63.));
#5983=VERTEX_POINT('',#5982);
#5984=CARTESIAN_POINT('',(-38.923115093,1.060848263,63.));
#5985=DIRECTION('',(0.,-0.156434465,-0.987688341));
#5986=VECTOR('',#5985,25.311628145);
#5987=LINE('',#5984,#5986);
#5988=EDGE_CURVE('',#5983,#4264,#5987,.T.);
#5989=ORIENTED_EDGE('',*,*,#5988,.F.);
#5990=CARTESIAN_POINT('',(-38.923115093,2.516465454,63.));
#5991=VERTEX_POINT('',#5990);
#5992=CARTESIAN_POINT('',(-38.923115093,2.516465454,63.));
#5993=DIRECTION('',(0.,-1.,0.));
#5994=VECTOR('',#5993,1.455617191);
#5995=LINE('',#5992,#5994);
#5996=EDGE_CURVE('',#5991,#5983,#5995,.T.);
#5997=ORIENTED_EDGE('',*,*,#5996,.F.);
#5998=CARTESIAN_POINT('',(-38.923115093,2.516465454,63.));
#5999=DIRECTION('',(0.,-0.195090322,-0.98078528));
#6000=VECTOR('',#5999,25.489778955);
#6001=LINE('',#5998,#6000);
#6002=EDGE_CURVE('',#5991,#4272,#6001,.T.);
#6003=ORIENTED_EDGE('',*,*,#6002,.T.);
#6004=EDGE_LOOP('',(#5981,#5989,#5997,#6003));
#6005=FACE_BOUND('',#6004,.T.);
#6006=ADVANCED_FACE('',(#6005),#5980,.F.);
#6007=CARTESIAN_POINT('',(-38.923115093,0.,0.));
#6008=DIRECTION('',(1.,0.,0.));
#6009=DIRECTION('',(0.,1.,0.));
#6010=AXIS2_PLACEMENT_3D('',#6007,#6008,#6009);
#6011=PLANE('',#6010);
#6012=ORIENTED_EDGE('',*,*,#2813,.F.);
#6013=CARTESIAN_POINT('',(-38.923115093,-21.801921472,53.256786976));
#6014=VERTEX_POINT('',#6013);
#6015=CARTESIAN_POINT('',(-38.923115093,-21.9,53.237277944));
#6016=DIRECTION('',(-1.,-0.,-0.));
#6017=DIRECTION('',(0.,0.,-1.));
#6018=AXIS2_PLACEMENT_3D('',#6015,#6016,#6017);
#6019=CIRCLE('',#6018,0.1);
#6020=EDGE_CURVE('',#2800,#6014,#6019,.T.);
#6021=ORIENTED_EDGE('',*,*,#6020,.T.);
#6022=CARTESIAN_POINT('',(-38.923115093,-21.801921472,53.256786976));
#6023=DIRECTION('',(0.,0.195090322,-0.98078528));
#6024=VECTOR('',#6023,15.555685103);
#6025=LINE('',#6022,#6024);
#6026=EDGE_CURVE('',#6014,#3970,#6025,.T.);
#6027=ORIENTED_EDGE('',*,*,#6026,.T.);
#6028=ORIENTED_EDGE('',*,*,#3975,.T.);
#6029=CARTESIAN_POINT('',(-38.923115093,-22.,49.553775391));
#6030=DIRECTION('',(0.,0.233445364,-0.97236992));
#6031=VECTOR('',#6030,11.882078157);
#6032=LINE('',#6029,#6031);
#6033=EDGE_CURVE('',#2808,#3962,#6032,.T.);
#6034=ORIENTED_EDGE('',*,*,#6033,.F.);
#6035=EDGE_LOOP('',(#6012,#6021,#6027,#6028,#6034));
#6036=FACE_BOUND('',#6035,.T.);
#6037=ADVANCED_FACE('',(#6036),#6011,.F.);
#6038=CARTESIAN_POINT('',(-38.923115093,0.,0.));
#6039=DIRECTION('',(1.,0.,0.));
#6040=DIRECTION('',(0.,1.,0.));
#6041=AXIS2_PLACEMENT_3D('',#6038,#6039,#6040);
#6042=PLANE('',#6041);
#6043=ORIENTED_EDGE('',*,*,#5083,.F.);
#6044=CARTESIAN_POINT('',(-38.923115093,32.81860573,62.162536664));
#6045=DIRECTION('',(0.,-0.555570233,-0.831469612));
#6046=VECTOR('',#6045,29.060035757);
#6047=LINE('',#6044,#6046);
#6048=EDGE_CURVE('',#5069,#4592,#6047,.T.);
#6049=ORIENTED_EDGE('',*,*,#6048,.T.);
#6050=ORIENTED_EDGE('',*,*,#4597,.T.);
#6051=CARTESIAN_POINT('',(-38.923115093,30.880033702,62.561830776));
#6052=DIRECTION('',(0.,-0.522498565,-0.852640164));
#6053=VECTOR('',#6052,28.806795414);
#6054=LINE('',#6051,#6053);
#6055=EDGE_CURVE('',#5077,#4584,#6054,.T.);
#6056=ORIENTED_EDGE('',*,*,#6055,.F.);
#6057=EDGE_LOOP('',(#6043,#6049,#6050,#6056));
#6058=FACE_BOUND('',#6057,.T.);
#6059=ADVANCED_FACE('',(#6058),#6042,.F.);
#6060=CARTESIAN_POINT('',(-38.923115093,0.,0.));
#6061=DIRECTION('',(1.,0.,0.));
#6062=DIRECTION('',(0.,1.,0.));
#6063=AXIS2_PLACEMENT_3D('',#6060,#6061,#6062);
#6064=PLANE('',#6063);
#6065=ORIENTED_EDGE('',*,*,#4254,.T.);
#6066=CARTESIAN_POINT('',(-38.923115093,-1.584201122,63.));
#6067=VERTEX_POINT('',#6066);
#6068=CARTESIAN_POINT('',(-38.923115093,-1.584201122,63.));
#6069=DIRECTION('',(0.,-0.117537397,-0.993068457));
#6070=VECTOR('',#6069,25.174498117);
#6071=LINE('',#6068,#6070);
#6072=EDGE_CURVE('',#6067,#4241,#6071,.T.);
#6073=ORIENTED_EDGE('',*,*,#6072,.F.);
#6074=CARTESIAN_POINT('',(-38.923115093,-0.15410214,63.));
#6075=VERTEX_POINT('',#6074);
#6076=CARTESIAN_POINT('',(-38.923115093,-0.15410214,63.));
#6077=DIRECTION('',(0.,-1.,0.));
#6078=VECTOR('',#6077,1.430098982);
#6079=LINE('',#6076,#6078);
#6080=EDGE_CURVE('',#6075,#6067,#6079,.T.);
#6081=ORIENTED_EDGE('',*,*,#6080,.F.);
#6082=CARTESIAN_POINT('',(-38.923115093,-0.15410214,63.));
#6083=DIRECTION('',(0.,-0.156434465,-0.987688341));
#6084=VECTOR('',#6083,25.311628145);
#6085=LINE('',#6082,#6084);
#6086=EDGE_CURVE('',#6075,#4249,#6085,.T.);
#6087=ORIENTED_EDGE('',*,*,#6086,.T.);
#6088=EDGE_LOOP('',(#6065,#6073,#6081,#6087));
#6089=FACE_BOUND('',#6088,.T.);
#6090=ADVANCED_FACE('',(#6089),#6064,.F.);
#6091=CARTESIAN_POINT('',(-38.623115093,0.,0.));
#6092=DIRECTION('',(1.,0.,0.));
#6093=DIRECTION('',(0.,1.,0.));
#6094=AXIS2_PLACEMENT_3D('',#6091,#6092,#6093);
#6095=PLANE('',#6094);
#6096=ORIENTED_EDGE('',*,*,#5621,.F.);
#6097=CARTESIAN_POINT('',(-38.623115093,50.,50.));
#6098=DIRECTION('',(-1.,0.,0.));
#6099=DIRECTION('',(0.,0.,1.));
#6100=AXIS2_PLACEMENT_3D('',#6097,#6098,#6099);
#6101=CIRCLE('',#6100,15.);
#6102=EDGE_CURVE('',#5699,#5580,#6101,.T.);
#6103=ORIENTED_EDGE('',*,*,#6102,.F.);
#6104=ORIENTED_EDGE('',*,*,#5706,.T.);
#6105=ORIENTED_EDGE('',*,*,#5971,.T.);
#6106=EDGE_LOOP('',(#6096,#6103,#6104,#6105));
#6107=FACE_BOUND('',#6106,.T.);
#6108=ADVANCED_FACE('',(#6107),#6095,.F.);
#6109=CARTESIAN_POINT('',(-38.923115093,0.,0.));
#6110=DIRECTION('',(1.,0.,0.));
#6111=DIRECTION('',(0.,1.,0.));
#6112=AXIS2_PLACEMENT_3D('',#6109,#6110,#6111);
#6113=PLANE('',#6112);
#6114=ORIENTED_EDGE('',*,*,#4405,.T.);
#6115=CARTESIAN_POINT('',(-38.923115093,12.075573262,63.));
#6116=VERTEX_POINT('',#6115);
#6117=CARTESIAN_POINT('',(-38.923115093,12.075573262,63.));
#6118=DIRECTION('',(0.,-0.309016994,-0.951056516));
#6119=VECTOR('',#6118,26.286555606);
#6120=LINE('',#6117,#6119);
#6121=EDGE_CURVE('',#6116,#4392,#6120,.T.);
#6122=ORIENTED_EDGE('',*,*,#6121,.F.);
#6123=CARTESIAN_POINT('',(-38.923115093,13.709161172,63.));
#6124=VERTEX_POINT('',#6123);
#6125=CARTESIAN_POINT('',(-38.923115093,13.709161172,63.));
#6126=DIRECTION('',(0.,-1.,0.));
#6127=VECTOR('',#6126,1.63358791);
#6128=LINE('',#6125,#6127);
#6129=EDGE_CURVE('',#6124,#6116,#6128,.T.);
#6130=ORIENTED_EDGE('',*,*,#6129,.F.);
#6131=CARTESIAN_POINT('',(-38.923115093,13.709161172,63.));
#6132=DIRECTION('',(0.,-0.346117057,-0.938191336));
#6133=VECTOR('',#6132,26.647016491);
#6134=LINE('',#6131,#6133);
#6135=EDGE_CURVE('',#6124,#4400,#6134,.T.);
#6136=ORIENTED_EDGE('',*,*,#6135,.T.);
#6137=EDGE_LOOP('',(#6114,#6122,#6130,#6136));
#6138=FACE_BOUND('',#6137,.T.);
#6139=ADVANCED_FACE('',(#6138),#6113,.F.);
#6140=CARTESIAN_POINT('',(-38.623115093,0.,0.));
#6141=DIRECTION('',(1.,0.,0.));
#6142=DIRECTION('',(0.,1.,0.));
#6143=AXIS2_PLACEMENT_3D('',#6140,#6141,#6142);
#6144=PLANE('',#6143);
#6145=ORIENTED_EDGE('',*,*,#5469,.F.);
#6146=CARTESIAN_POINT('',(-38.623115093,50.,50.));
#6147=DIRECTION('',(-1.,0.,0.));
#6148=DIRECTION('',(0.,0.,1.));
#6149=AXIS2_PLACEMENT_3D('',#6146,#6147,#6148);
#6150=CIRCLE('',#6149,15.);
#6151=EDGE_CURVE('',#5148,#5434,#6150,.T.);
#6152=ORIENTED_EDGE('',*,*,#6151,.F.);
#6153=ORIENTED_EDGE('',*,*,#5155,.T.);
#6154=ORIENTED_EDGE('',*,*,#5939,.T.);
#6155=EDGE_LOOP('',(#6145,#6152,#6153,#6154));
#6156=FACE_BOUND('',#6155,.T.);
#6157=ADVANCED_FACE('',(#6156),#6144,.F.);
#6158=CARTESIAN_POINT('',(-38.923115093,0.,0.));
#6159=DIRECTION('',(1.,0.,0.));
#6160=DIRECTION('',(0.,1.,0.));
#6161=AXIS2_PLACEMENT_3D('',#6158,#6159,#6160);
#6162=PLANE('',#6161);
#6163=ORIENTED_EDGE('',*,*,#4309,.T.);
#6164=CARTESIAN_POINT('',(-38.923115093,3.73996704,63.));
#6165=VERTEX_POINT('',#6164);
#6166=CARTESIAN_POINT('',(-38.923115093,3.73996704,63.));
#6167=DIRECTION('',(0.,-0.195090322,-0.98078528));
#6168=VECTOR('',#6167,25.489778955);
#6169=LINE('',#6166,#6168);
#6170=EDGE_CURVE('',#6165,#4296,#6169,.T.);
#6171=ORIENTED_EDGE('',*,*,#6170,.F.);
#6172=CARTESIAN_POINT('',(-38.923115093,5.228152918,63.));
#6173=VERTEX_POINT('',#6172);
#6174=CARTESIAN_POINT('',(-38.923115093,5.228152918,63.));
#6175=DIRECTION('',(0.,-1.,0.));
#6176=VECTOR('',#6175,1.488185878);
#6177=LINE('',#6174,#6176);
#6178=EDGE_CURVE('',#6173,#6165,#6177,.T.);
#6179=ORIENTED_EDGE('',*,*,#6178,.F.);
#6180=CARTESIAN_POINT('',(-38.923115093,5.228152918,63.));
#6181=DIRECTION('',(0.,-0.233445364,-0.97236992));
#6182=VECTOR('',#6181,25.710379842);
#6183=LINE('',#6180,#6182);
#6184=EDGE_CURVE('',#6173,#4304,#6183,.T.);
#6185=ORIENTED_EDGE('',*,*,#6184,.T.);
#6186=EDGE_LOOP('',(#6163,#6171,#6179,#6185));
#6187=FACE_BOUND('',#6186,.T.);
#6188=ADVANCED_FACE('',(#6187),#6162,.F.);
#6189=CARTESIAN_POINT('',(-38.923115093,0.,0.));
#6190=DIRECTION('',(1.,0.,0.));
#6191=DIRECTION('',(0.,1.,0.));
#6192=AXIS2_PLACEMENT_3D('',#6189,#6190,#6191);
#6193=PLANE('',#6192);
#6194=CARTESIAN_POINT('',(-38.923115093,-15.796164131,63.));
#6195=VERTEX_POINT('',#6194);
#6196=CARTESIAN_POINT('',(-38.923115093,-15.796164131,63.));
#6197=DIRECTION('',(0.,0.078459096,-0.996917334));
#6198=VECTOR('',#6197,25.077304962);
#6199=LINE('',#6196,#6198);
#6200=EDGE_CURVE('',#6195,#4057,#6199,.T.);
#6201=ORIENTED_EDGE('',*,*,#6200,.T.);
#6202=ORIENTED_EDGE('',*,*,#4062,.T.);
#6203=CARTESIAN_POINT('',(-38.923115093,-17.207430675,63.));
#6204=VERTEX_POINT('',#6203);
#6205=CARTESIAN_POINT('',(-38.923115093,-17.207430675,63.));
#6206=DIRECTION('',(0.,0.117537397,-0.993068457));
#6207=VECTOR('',#6206,25.174498117);
#6208=LINE('',#6205,#6207);
#6209=EDGE_CURVE('',#6204,#4049,#6208,.T.);
#6210=ORIENTED_EDGE('',*,*,#6209,.F.);
#6211=CARTESIAN_POINT('',(-38.923115093,-15.796164131,63.));
#6212=DIRECTION('',(0.,-1.,0.));
#6213=VECTOR('',#6212,1.411266544);
#6214=LINE('',#6211,#6213);
#6215=EDGE_CURVE('',#6195,#6204,#6214,.T.);
#6216=ORIENTED_EDGE('',*,*,#6215,.F.);
#6217=EDGE_LOOP('',(#6201,#6202,#6210,#6216));
#6218=FACE_BOUND('',#6217,.T.);
#6219=ADVANCED_FACE('',(#6218),#6193,.F.);
#6220=CARTESIAN_POINT('',(-38.923115093,0.,0.));
#6221=DIRECTION('',(1.,0.,0.));
#6222=DIRECTION('',(0.,1.,0.));
#6223=AXIS2_PLACEMENT_3D('',#6220,#6221,#6222);
#6224=PLANE('',#6223);
#6225=CARTESIAN_POINT('',(-38.923115093,-22.,43.568523357));
#6226=VERTEX_POINT('',#6225);
#6227=CARTESIAN_POINT('',(-38.923115093,-22.,41.759205995));
#6228=VERTEX_POINT('',#6227);
#6229=CARTESIAN_POINT('',(-38.923115093,-22.,43.568523357));
#6230=DIRECTION('',(0.,0.,-1.));
#6231=VECTOR('',#6230,1.809317362);
#6232=LINE('',#6229,#6231);
#6233=EDGE_CURVE('',#6226,#6228,#6232,.T.);
#6234=ORIENTED_EDGE('',*,*,#6233,.F.);
#6235=CARTESIAN_POINT('',(-38.923115093,-21.802763008,43.591867893));
#6236=VERTEX_POINT('',#6235);
#6237=CARTESIAN_POINT('',(-38.923115093,-21.9,43.568523357));
#6238=DIRECTION('',(-1.,-0.,-0.));
#6239=DIRECTION('',(0.,0.,-1.));
#6240=AXIS2_PLACEMENT_3D('',#6237,#6238,#6239);
#6241=CIRCLE('',#6240,0.1);
#6242=EDGE_CURVE('',#6226,#6236,#6241,.T.);
#6243=ORIENTED_EDGE('',*,*,#6242,.T.);
#6244=CARTESIAN_POINT('',(-38.923115093,-21.802763008,43.591867893));
#6245=DIRECTION('',(0.,0.233445364,-0.97236992));
#6246=VECTOR('',#6245,5.6921743);
#6247=LINE('',#6244,#6246);
#6248=EDGE_CURVE('',#6236,#4799,#6247,.T.);
#6249=ORIENTED_EDGE('',*,*,#6248,.T.);
#6250=ORIENTED_EDGE('',*,*,#4805,.T.);
#6251=CARTESIAN_POINT('',(-38.923115093,-22.,41.759205995));
#6252=DIRECTION('',(0.,0.27144045,-0.962455236));
#6253=VECTOR('',#6252,3.616276979);
#6254=LINE('',#6251,#6253);
#6255=EDGE_CURVE('',#6228,#4791,#6254,.T.);
#6256=ORIENTED_EDGE('',*,*,#6255,.F.);
#6257=EDGE_LOOP('',(#6234,#6243,#6249,#6250,#6256));
#6258=FACE_BOUND('',#6257,.T.);
#6259=ADVANCED_FACE('',(#6258),#6224,.F.);
#6260=CARTESIAN_POINT('',(-38.923115093,0.,0.));
#6261=DIRECTION('',(1.,0.,0.));
#6262=DIRECTION('',(0.,1.,0.));
#6263=AXIS2_PLACEMENT_3D('',#6260,#6261,#6262);
#6264=PLANE('',#6263);
#6265=CARTESIAN_POINT('',(-38.923115093,21.087101312,63.));
#6266=VERTEX_POINT('',#6265);
#6267=CARTESIAN_POINT('',(-38.923115093,21.087101312,63.));
#6268=DIRECTION('',(0.,-0.418659738,-0.908143174));
#6269=VECTOR('',#6268,27.528698911);
#6270=LINE('',#6267,#6269);
#6271=EDGE_CURVE('',#6266,#4488,#6270,.T.);
#6272=ORIENTED_EDGE('',*,*,#6271,.F.);
#6273=CARTESIAN_POINT('',(-38.923115093,22.955288219,63.));
#6274=VERTEX_POINT('',#6273);
#6275=CARTESIAN_POINT('',(-38.923115093,22.955288219,63.));
#6276=DIRECTION('',(0.,-1.,0.));
#6277=VECTOR('',#6276,1.868186906);
#6278=LINE('',#6275,#6277);
#6279=EDGE_CURVE('',#6274,#6266,#6278,.T.);
#6280=ORIENTED_EDGE('',*,*,#6279,.F.);
#6281=CARTESIAN_POINT('',(-38.923115093,22.955288219,63.));
#6282=DIRECTION('',(0.,-0.4539905,-0.891006524));
#6283=VECTOR('',#6282,28.058155941);
#6284=LINE('',#6281,#6283);
#6285=EDGE_CURVE('',#6274,#4496,#6284,.T.);
#6286=ORIENTED_EDGE('',*,*,#6285,.T.);
#6287=ORIENTED_EDGE('',*,*,#4501,.T.);
#6288=EDGE_LOOP('',(#6272,#6280,#6286,#6287));
#6289=FACE_BOUND('',#6288,.T.);
#6290=ADVANCED_FACE('',(#6289),#6264,.F.);
#6291=CARTESIAN_POINT('',(-38.923115093,0.,0.));
#6292=DIRECTION('',(1.,0.,0.));
#6293=DIRECTION('',(0.,1.,0.));
#6294=AXIS2_PLACEMENT_3D('',#6291,#6292,#6293);
#6295=PLANE('',#6294);
#6296=CARTESIAN_POINT('',(-38.923115093,19.765732192,63.));
#6297=VERTEX_POINT('',#6296);
#6298=CARTESIAN_POINT('',(-38.923115093,19.765732192,63.));
#6299=DIRECTION('',(0.,-0.418659738,-0.908143174));
#6300=VECTOR('',#6299,27.528698911);
#6301=LINE('',#6298,#6300);
#6302=EDGE_CURVE('',#6297,#4464,#6301,.T.);
#6303=ORIENTED_EDGE('',*,*,#6302,.T.);
#6304=ORIENTED_EDGE('',*,*,#4469,.T.);
#6305=CARTESIAN_POINT('',(-38.923115093,17.987526295,63.));
#6306=VERTEX_POINT('',#6305);
#6307=CARTESIAN_POINT('',(-38.923115093,17.987526295,63.));
#6308=DIRECTION('',(0.,-0.382683432,-0.923879533));
#6309=VECTOR('',#6308,27.059805007);
#6310=LINE('',#6307,#6309);
#6311=EDGE_CURVE('',#6306,#4456,#6310,.T.);
#6312=ORIENTED_EDGE('',*,*,#6311,.F.);
#6313=CARTESIAN_POINT('',(-38.923115093,19.765732192,63.));
#6314=DIRECTION('',(0.,-1.,0.));
#6315=VECTOR('',#6314,1.778205897);
#6316=LINE('',#6313,#6315);
#6317=EDGE_CURVE('',#6297,#6306,#6316,.T.);
#6318=ORIENTED_EDGE('',*,*,#6317,.F.);
#6319=EDGE_LOOP('',(#6303,#6304,#6312,#6318));
#6320=FACE_BOUND('',#6319,.T.);
#6321=ADVANCED_FACE('',(#6320),#6295,.F.);
#6322=CARTESIAN_POINT('',(-38.923115093,0.,0.));
#6323=DIRECTION('',(1.,0.,0.));
#6324=DIRECTION('',(0.,1.,0.));
#6325=AXIS2_PLACEMENT_3D('',#6322,#6323,#6324);
#6326=PLANE('',#6325);
#6327=ORIENTED_EDGE('',*,*,#4341,.T.);
#6328=CARTESIAN_POINT('',(-38.923115093,6.46224328,63.));
#6329=VERTEX_POINT('',#6328);
#6330=CARTESIAN_POINT('',(-38.923115093,6.46224328,63.));
#6331=DIRECTION('',(0.,-0.233445364,-0.97236992));
#6332=VECTOR('',#6331,25.710379842);
#6333=LINE('',#6330,#6332);
#6334=EDGE_CURVE('',#6329,#4328,#6333,.T.);
#6335=ORIENTED_EDGE('',*,*,#6334,.F.);
#6336=CARTESIAN_POINT('',(-38.923115093,7.990523467,63.));
#6337=VERTEX_POINT('',#6336);
#6338=CARTESIAN_POINT('',(-38.923115093,7.990523467,63.));
#6339=DIRECTION('',(0.,-1.,0.));
#6340=VECTOR('',#6339,1.528280187);
#6341=LINE('',#6338,#6340);
#6342=EDGE_CURVE('',#6337,#6329,#6341,.T.);
#6343=ORIENTED_EDGE('',*,*,#6342,.F.);
#6344=CARTESIAN_POINT('',(-38.923115093,7.990523467,63.));
#6345=DIRECTION('',(0.,-0.27144045,-0.962455236));
#6346=VECTOR('',#6345,25.975234019);
#6347=LINE('',#6344,#6346);
#6348=EDGE_CURVE('',#6337,#4336,#6347,.T.);
#6349=ORIENTED_EDGE('',*,*,#6348,.T.);
#6350=EDGE_LOOP('',(#6327,#6335,#6343,#6349));
#6351=FACE_BOUND('',#6350,.T.);
#6352=ADVANCED_FACE('',(#6351),#6326,.F.);
#6353=CARTESIAN_POINT('',(-38.923115093,0.,0.));
#6354=DIRECTION('',(1.,0.,0.));
#6355=DIRECTION('',(0.,1.,0.));
#6356=AXIS2_PLACEMENT_3D('',#6353,#6354,#6355);
#6357=PLANE('',#6356);
#6358=CARTESIAN_POINT('',(-38.923115093,-21.293365465,62.525518198));
#6359=VERTEX_POINT('',#6358);
#6360=CARTESIAN_POINT('',(-38.923115093,-20.,61.));
#6361=DIRECTION('',(-1.,-0.,-0.));
#6362=DIRECTION('',(0.,0.,-1.));
#6363=AXIS2_PLACEMENT_3D('',#6360,#6361,#6362);
#6364=CIRCLE('',#6363,2.);
#6365=EDGE_CURVE('',#2848,#6359,#6364,.T.);
#6366=ORIENTED_EDGE('',*,*,#6365,.T.);
#6367=CARTESIAN_POINT('',(-38.923115093,-21.164028919,62.572966379));
#6368=VERTEX_POINT('',#6367);
#6369=CARTESIAN_POINT('',(-38.923115093,-21.164028919,62.372966379));
#6370=DIRECTION('',(-1.,-0.,-0.));
#6371=DIRECTION('',(0.,0.,-1.));
#6372=AXIS2_PLACEMENT_3D('',#6369,#6370,#6371);
#6373=CIRCLE('',#6372,0.2);
#6374=EDGE_CURVE('',#6359,#6368,#6373,.T.);
#6375=ORIENTED_EDGE('',*,*,#6374,.T.);
#6376=CARTESIAN_POINT('',(-38.923115093,-20.96649125,62.404253272));
#6377=VERTEX_POINT('',#6376);
#6378=CARTESIAN_POINT('',(-38.923115093,-21.164028919,62.372966379));
#6379=DIRECTION('',(-1.,-0.,-0.));
#6380=DIRECTION('',(0.,0.,-1.));
#6381=AXIS2_PLACEMENT_3D('',#6378,#6379,#6380);
#6382=CIRCLE('',#6381,0.2);
#6383=EDGE_CURVE('',#6368,#6377,#6382,.T.);
#6384=ORIENTED_EDGE('',*,*,#6383,.T.);
#6385=CARTESIAN_POINT('',(-38.923115093,-20.96649125,62.404253272));
#6386=DIRECTION('',(0.,0.156434465,-0.987688341));
#6387=VECTOR('',#6386,24.708455358);
#6388=LINE('',#6385,#6387);
#6389=EDGE_CURVE('',#6377,#3993,#6388,.T.);
#6390=ORIENTED_EDGE('',*,*,#6389,.T.);
#6391=ORIENTED_EDGE('',*,*,#3998,.T.);
#6392=CARTESIAN_POINT('',(-38.923115093,-22.,60.403552829));
#6393=DIRECTION('',(0.,0.195090322,-0.98078528));
#6394=VECTOR('',#6393,22.842464376);
#6395=LINE('',#6392,#6394);
#6396=EDGE_CURVE('',#2856,#3985,#6395,.T.);
#6397=ORIENTED_EDGE('',*,*,#6396,.F.);
#6398=ORIENTED_EDGE('',*,*,#2861,.F.);
#6399=EDGE_LOOP('',(#6366,#6375,#6384,#6390,#6391,#6397,#6398));
#6400=FACE_BOUND('',#6399,.T.);
#6401=ADVANCED_FACE('',(#6400),#6357,.F.);
#6402=CARTESIAN_POINT('',(-38.923115093,0.,0.));
#6403=DIRECTION('',(1.,0.,0.));
#6404=DIRECTION('',(0.,1.,0.));
#6405=AXIS2_PLACEMENT_3D('',#6402,#6403,#6404);
#6406=PLANE('',#6405);
#6407=ORIENTED_EDGE('',*,*,#4565,.T.);
#6408=CARTESIAN_POINT('',(-38.923115093,27.617151976,62.942320936));
#6409=DIRECTION('',(0.,-0.488621241,-0.872496007));
#6410=VECTOR('',#6409,28.587318147);
#6411=LINE('',#6408,#6410);
#6412=EDGE_CURVE('',#5101,#4552,#6411,.T.);
#6413=ORIENTED_EDGE('',*,*,#6412,.F.);
#6414=ORIENTED_EDGE('',*,*,#5107,.F.);
#6415=CARTESIAN_POINT('',(-38.923115093,29.591109027,62.755139251));
#6416=DIRECTION('',(0.,-0.522498565,-0.852640164));
#6417=VECTOR('',#6416,29.033512947);
#6418=LINE('',#6415,#6417);
#6419=EDGE_CURVE('',#5093,#4560,#6418,.T.);
#6420=ORIENTED_EDGE('',*,*,#6419,.T.);
#6421=EDGE_LOOP('',(#6407,#6413,#6414,#6420));
#6422=FACE_BOUND('',#6421,.T.);
#6423=ADVANCED_FACE('',(#6422),#6406,.F.);
#6424=CARTESIAN_POINT('',(-38.923115093,0.,0.));
#6425=DIRECTION('',(1.,0.,0.));
#6426=DIRECTION('',(0.,1.,0.));
#6427=AXIS2_PLACEMENT_3D('',#6424,#6425,#6426);
#6428=PLANE('',#6427);
#6429=ORIENTED_EDGE('',*,*,#4030,.T.);
#6430=CARTESIAN_POINT('',(-38.923115093,-19.84589786,63.));
#6431=VERTEX_POINT('',#6430);
#6432=CARTESIAN_POINT('',(-38.923115093,-19.84589786,63.));
#6433=DIRECTION('',(0.,0.156434465,-0.987688341));
#6434=VECTOR('',#6433,25.311628145);
#6435=LINE('',#6432,#6434);
#6436=EDGE_CURVE('',#6431,#4017,#6435,.T.);
#6437=ORIENTED_EDGE('',*,*,#6436,.F.);
#6438=CARTESIAN_POINT('',(-38.923115093,-18.415798878,63.));
#6439=VERTEX_POINT('',#6438);
#6440=CARTESIAN_POINT('',(-38.923115093,-18.415798878,63.));
#6441=DIRECTION('',(0.,-1.,0.));
#6442=VECTOR('',#6441,1.430098982);
#6443=LINE('',#6440,#6442);
#6444=EDGE_CURVE('',#6439,#6431,#6443,.T.);
#6445=ORIENTED_EDGE('',*,*,#6444,.F.);
#6446=CARTESIAN_POINT('',(-38.923115093,-18.415798878,63.));
#6447=DIRECTION('',(0.,0.117537397,-0.993068457));
#6448=VECTOR('',#6447,25.174498117);
#6449=LINE('',#6446,#6448);
#6450=EDGE_CURVE('',#6439,#4025,#6449,.T.);
#6451=ORIENTED_EDGE('',*,*,#6450,.T.);
#6452=EDGE_LOOP('',(#6429,#6437,#6445,#6451));
#6453=FACE_BOUND('',#6452,.T.);
#6454=ADVANCED_FACE('',(#6453),#6428,.F.);
#6455=CARTESIAN_POINT('',(-30.923115093,-20.,61.));
#6456=DIRECTION('',(-1.,0.,0.));
#6457=DIRECTION('',(0.,0.,1.));
#6458=AXIS2_PLACEMENT_3D('',#6455,#6456,#6457);
#6459=CYLINDRICAL_SURFACE('',#6458,2.);
#6460=ORIENTED_EDGE('',*,*,#2921,.F.);
#6461=CARTESIAN_POINT('',(-30.423115093,-21.293365465,62.525518198));
#6462=DIRECTION('',(-1.,0.,0.));
#6463=VECTOR('',#6462,8.5);
#6464=LINE('',#6461,#6463);
#6465=EDGE_CURVE('',#2906,#6359,#6464,.T.);
#6466=ORIENTED_EDGE('',*,*,#6465,.T.);
#6467=ORIENTED_EDGE('',*,*,#6365,.F.);
#6468=ORIENTED_EDGE('',*,*,#2853,.F.);
#6469=ORIENTED_EDGE('',*,*,#3323,.F.);
#6470=CARTESIAN_POINT('',(-30.423115093,-20.,63.));
#6471=DIRECTION('',(1.,-0.,-0.));
#6472=VECTOR('',#6471,1.5);
#6473=LINE('',#6470,#6472);
#6474=EDGE_CURVE('',#2915,#3311,#6473,.T.);
#6475=ORIENTED_EDGE('',*,*,#6474,.F.);
#6476=EDGE_LOOP('',(#6460,#6466,#6467,#6468,#6469,#6475));
#6477=FACE_BOUND('',#6476,.T.);
#6478=ADVANCED_FACE('',(#6477),#6459,.T.);
#6479=CARTESIAN_POINT('',(-38.623115093,0.,0.));
#6480=DIRECTION('',(1.,0.,0.));
#6481=DIRECTION('',(0.,1.,0.));
#6482=AXIS2_PLACEMENT_3D('',#6479,#6480,#6481);
#6483=PLANE('',#6482);
#6484=ORIENTED_EDGE('',*,*,#5274,.F.);
#6485=CARTESIAN_POINT('',(-38.623115093,50.,50.));
#6486=DIRECTION('',(-1.,0.,0.));
#6487=DIRECTION('',(0.,0.,1.));
#6488=AXIS2_PLACEMENT_3D('',#6485,#6486,#6487);
#6489=CIRCLE('',#6488,15.);
#6490=EDGE_CURVE('',#5486,#5236,#6489,.T.);
#6491=ORIENTED_EDGE('',*,*,#6490,.F.);
#6492=ORIENTED_EDGE('',*,*,#5493,.T.);
#6493=ORIENTED_EDGE('',*,*,#5955,.T.);
#6494=EDGE_LOOP('',(#6484,#6491,#6492,#6493));
#6495=FACE_BOUND('',#6494,.T.);
#6496=ADVANCED_FACE('',(#6495),#6483,.F.);
#6497=CARTESIAN_POINT('',(-38.923115093,0.,0.));
#6498=DIRECTION('',(1.,0.,0.));
#6499=DIRECTION('',(0.,1.,0.));
#6500=AXIS2_PLACEMENT_3D('',#6497,#6498,#6499);
#6501=PLANE('',#6500);
#6502=ORIENTED_EDGE('',*,*,#4222,.T.);
#6503=CARTESIAN_POINT('',(-38.923115093,-4.203835869,63.));
#6504=VERTEX_POINT('',#6503);
#6505=CARTESIAN_POINT('',(-38.923115093,-4.203835869,63.));
#6506=DIRECTION('',(0.,-0.078459096,-0.996917334));
#6507=VECTOR('',#6506,25.077304962);
#6508=LINE('',#6505,#6507);
#6509=EDGE_CURVE('',#6504,#4209,#6508,.T.);
#6510=ORIENTED_EDGE('',*,*,#6509,.F.);
#6511=CARTESIAN_POINT('',(-38.923115093,-2.792569325,63.));
#6512=VERTEX_POINT('',#6511);
#6513=CARTESIAN_POINT('',(-38.923115093,-2.792569325,63.));
#6514=DIRECTION('',(0.,-1.,0.));
#6515=VECTOR('',#6514,1.411266544);
#6516=LINE('',#6513,#6515);
#6517=EDGE_CURVE('',#6512,#6504,#6516,.T.);
#6518=ORIENTED_EDGE('',*,*,#6517,.F.);
#6519=CARTESIAN_POINT('',(-38.923115093,-2.792569325,63.));
#6520=DIRECTION('',(0.,-0.117537397,-0.993068457));
#6521=VECTOR('',#6520,25.174498117);
#6522=LINE('',#6519,#6521);
#6523=EDGE_CURVE('',#6512,#4217,#6522,.T.);
#6524=ORIENTED_EDGE('',*,*,#6523,.T.);
#6525=EDGE_LOOP('',(#6502,#6510,#6518,#6524));
#6526=FACE_BOUND('',#6525,.T.);
#6527=ADVANCED_FACE('',(#6526),#6501,.F.);
#6528=CARTESIAN_POINT('',(-38.923115093,0.,0.));
#6529=DIRECTION('',(1.,0.,0.));
#6530=DIRECTION('',(0.,1.,0.));
#6531=AXIS2_PLACEMENT_3D('',#6528,#6529,#6530);
#6532=PLANE('',#6531);
#6533=ORIENTED_EDGE('',*,*,#4437,.T.);
#6534=CARTESIAN_POINT('',(-38.923115093,14.988209806,63.));
#6535=VERTEX_POINT('',#6534);
#6536=CARTESIAN_POINT('',(-38.923115093,14.988209806,63.));
#6537=DIRECTION('',(0.,-0.346117057,-0.938191336));
#6538=VECTOR('',#6537,26.647016491);
#6539=LINE('',#6536,#6538);
#6540=EDGE_CURVE('',#6535,#4424,#6539,.T.);
#6541=ORIENTED_EDGE('',*,*,#6540,.F.);
#6542=CARTESIAN_POINT('',(-38.923115093,16.688663938,63.));
#6543=VERTEX_POINT('',#6542);
#6544=CARTESIAN_POINT('',(-38.923115093,16.688663938,63.));
#6545=DIRECTION('',(0.,-1.,0.));
#6546=VECTOR('',#6545,1.700454132);
#6547=LINE('',#6544,#6546);
#6548=EDGE_CURVE('',#6543,#6535,#6547,.T.);
#6549=ORIENTED_EDGE('',*,*,#6548,.F.);
#6550=CARTESIAN_POINT('',(-38.923115093,16.688663938,63.));
#6551=DIRECTION('',(0.,-0.382683432,-0.923879533));
#6552=VECTOR('',#6551,27.059805007);
#6553=LINE('',#6550,#6552);
#6554=EDGE_CURVE('',#6543,#4432,#6553,.T.);
#6555=ORIENTED_EDGE('',*,*,#6554,.T.);
#6556=EDGE_LOOP('',(#6533,#6541,#6549,#6555));
#6557=FACE_BOUND('',#6556,.T.);
#6558=ADVANCED_FACE('',(#6557),#6532,.F.);
#6559=CARTESIAN_POINT('',(-38.923115093,0.,0.));
#6560=DIRECTION('',(1.,0.,0.));
#6561=DIRECTION('',(0.,1.,0.));
#6562=AXIS2_PLACEMENT_3D('',#6559,#6560,#6561);
#6563=PLANE('',#6562);
#6564=ORIENTED_EDGE('',*,*,#4190,.T.);
#6565=CARTESIAN_POINT('',(-38.923115093,-6.806393832,63.));
#6566=VERTEX_POINT('',#6565);
#6567=CARTESIAN_POINT('',(-38.923115093,-6.806393832,63.));
#6568=DIRECTION('',(0.,-0.039259816,-0.999229036));
#6569=VECTOR('',#6568,25.019288965);
#6570=LINE('',#6567,#6569);
#6571=EDGE_CURVE('',#6566,#4177,#6570,.T.);
#6572=ORIENTED_EDGE('',*,*,#6571,.F.);
#6573=CARTESIAN_POINT('',(-38.923115093,-5.40753883,63.));
#6574=VERTEX_POINT('',#6573);
#6575=CARTESIAN_POINT('',(-38.923115093,-5.40753883,63.));
#6576=DIRECTION('',(0.,-1.,0.));
#6577=VECTOR('',#6576,1.398855002);
#6578=LINE('',#6575,#6577);
#6579=EDGE_CURVE('',#6574,#6566,#6578,.T.);
#6580=ORIENTED_EDGE('',*,*,#6579,.F.);
#6581=CARTESIAN_POINT('',(-38.923115093,-5.40753883,63.));
#6582=DIRECTION('',(0.,-0.078459096,-0.996917334));
#6583=VECTOR('',#6582,25.077304962);
#6584=LINE('',#6581,#6583);
#6585=EDGE_CURVE('',#6574,#4185,#6584,.T.);
#6586=ORIENTED_EDGE('',*,*,#6585,.T.);
#6587=EDGE_LOOP('',(#6564,#6572,#6580,#6586));
#6588=FACE_BOUND('',#6587,.T.);
#6589=ADVANCED_FACE('',(#6588),#6563,.F.);
#6590=CARTESIAN_POINT('',(-38.623115093,0.,0.));
#6591=DIRECTION('',(1.,0.,0.));
#6592=DIRECTION('',(0.,1.,0.));
#6593=AXIS2_PLACEMENT_3D('',#6590,#6591,#6592);
#6594=PLANE('',#6593);
#6595=CARTESIAN_POINT('',(-38.623115093,37.090543034,60.793797598));
#6596=DIRECTION('',(0.,-0.587785252,-0.809016994));
#6597=VECTOR('',#6596,28.174683296);
#6598=LINE('',#6595,#6597);
#6599=EDGE_CURVE('',#5009,#4648,#6598,.T.);
#6600=ORIENTED_EDGE('',*,*,#6599,.F.);
#6601=ORIENTED_EDGE('',*,*,#5015,.F.);
#6602=CARTESIAN_POINT('',(-38.623115093,50.,50.));
#6603=DIRECTION('',(-1.,0.,0.));
#6604=DIRECTION('',(0.,0.,1.));
#6605=AXIS2_PLACEMENT_3D('',#6602,#6603,#6604);
#6606=CIRCLE('',#6605,15.);
#6607=EDGE_CURVE('',#5638,#5000,#6606,.T.);
#6608=ORIENTED_EDGE('',*,*,#6607,.F.);
#6609=ORIENTED_EDGE('',*,*,#5643,.T.);
#6610=ORIENTED_EDGE('',*,*,#4661,.T.);
#6611=EDGE_LOOP('',(#6600,#6601,#6608,#6609,#6610));
#6612=FACE_BOUND('',#6611,.T.);
#6613=ADVANCED_FACE('',(#6612),#6594,.F.);
#6614=CARTESIAN_POINT('',(-38.923115093,0.,0.));
#6615=DIRECTION('',(1.,0.,0.));
#6616=DIRECTION('',(0.,1.,0.));
#6617=AXIS2_PLACEMENT_3D('',#6614,#6615,#6616);
#6618=PLANE('',#6617);
#6619=ORIENTED_EDGE('',*,*,#4126,.T.);
#6620=CARTESIAN_POINT('',(-38.923115093,-11.992687957,63.));
#6621=VERTEX_POINT('',#6620);
#6622=CARTESIAN_POINT('',(-38.923115093,-11.992687957,63.));
#6623=DIRECTION('',(0.,0.039259816,-0.999229036));
#6624=VECTOR('',#6623,25.019288965);
#6625=LINE('',#6622,#6624);
#6626=EDGE_CURVE('',#6621,#4113,#6625,.T.);
#6627=ORIENTED_EDGE('',*,*,#6626,.F.);
#6628=CARTESIAN_POINT('',(-38.923115093,-10.599996173,63.));
#6629=VERTEX_POINT('',#6628);
#6630=CARTESIAN_POINT('',(-38.923115093,-10.599996173,63.));
#6631=DIRECTION('',(0.,-1.,0.));
#6632=VECTOR('',#6631,1.392691783);
#6633=LINE('',#6630,#6632);
#6634=EDGE_CURVE('',#6629,#6621,#6633,.T.);
#6635=ORIENTED_EDGE('',*,*,#6634,.F.);
#6636=CARTESIAN_POINT('',(-38.923115093,-10.599996173,63.));
#6637=DIRECTION('',(0.,0.,-1.));
#6638=VECTOR('',#6637,25.);
#6639=LINE('',#6636,#6638);
#6640=EDGE_CURVE('',#6629,#4121,#6639,.T.);
#6641=ORIENTED_EDGE('',*,*,#6640,.T.);
#6642=EDGE_LOOP('',(#6619,#6627,#6635,#6641));
#6643=FACE_BOUND('',#6642,.T.);
#6644=ADVANCED_FACE('',(#6643),#6618,.F.);
#6645=CARTESIAN_POINT('',(-38.923115093,0.,0.));
#6646=DIRECTION('',(1.,0.,0.));
#6647=DIRECTION('',(0.,1.,0.));
#6648=AXIS2_PLACEMENT_3D('',#6645,#6646,#6647);
#6649=PLANE('',#6648);
#6650=ORIENTED_EDGE('',*,*,#4158,.T.);
#6651=CARTESIAN_POINT('',(-38.923115093,-9.400003827,63.));
#6652=VERTEX_POINT('',#6651);
#6653=CARTESIAN_POINT('',(-38.923115093,-9.400003827,63.));
#6654=DIRECTION('',(0.,-0.,-1.));
#6655=VECTOR('',#6654,25.);
#6656=LINE('',#6653,#6655);
#6657=EDGE_CURVE('',#6652,#4145,#6656,.T.);
#6658=ORIENTED_EDGE('',*,*,#6657,.F.);
#6659=CARTESIAN_POINT('',(-38.923115093,-8.007312043,63.));
#6660=VERTEX_POINT('',#6659);
#6661=CARTESIAN_POINT('',(-38.923115093,-8.007312043,63.));
#6662=DIRECTION('',(0.,-1.,0.));
#6663=VECTOR('',#6662,1.392691783);
#6664=LINE('',#6661,#6663);
#6665=EDGE_CURVE('',#6660,#6652,#6664,.T.);
#6666=ORIENTED_EDGE('',*,*,#6665,.F.);
#6667=CARTESIAN_POINT('',(-38.923115093,-8.007312043,63.));
#6668=DIRECTION('',(0.,-0.039259816,-0.999229036));
#6669=VECTOR('',#6668,25.019288965);
#6670=LINE('',#6667,#6669);
#6671=EDGE_CURVE('',#6660,#4153,#6670,.T.);
#6672=ORIENTED_EDGE('',*,*,#6671,.T.);
#6673=EDGE_LOOP('',(#6650,#6658,#6666,#6672));
#6674=FACE_BOUND('',#6673,.T.);
#6675=ADVANCED_FACE('',(#6674),#6649,.F.);
#6676=CARTESIAN_POINT('',(-38.923115093,0.,0.));
#6677=DIRECTION('',(1.,0.,0.));
#6678=DIRECTION('',(0.,1.,0.));
#6679=AXIS2_PLACEMENT_3D('',#6676,#6677,#6678);
#6680=PLANE('',#6679);
#6681=ORIENTED_EDGE('',*,*,#4094,.T.);
#6682=CARTESIAN_POINT('',(-38.923115093,-14.59246117,63.));
#6683=VERTEX_POINT('',#6682);
#6684=CARTESIAN_POINT('',(-38.923115093,-14.59246117,63.));
#6685=DIRECTION('',(0.,0.078459096,-0.996917334));
#6686=VECTOR('',#6685,25.077304962);
#6687=LINE('',#6684,#6686);
#6688=EDGE_CURVE('',#6683,#4081,#6687,.T.);
#6689=ORIENTED_EDGE('',*,*,#6688,.F.);
#6690=CARTESIAN_POINT('',(-38.923115093,-13.193606168,63.));
#6691=VERTEX_POINT('',#6690);
#6692=CARTESIAN_POINT('',(-38.923115093,-13.193606168,63.));
#6693=DIRECTION('',(0.,-1.,0.));
#6694=VECTOR('',#6693,1.398855002);
#6695=LINE('',#6692,#6694);
#6696=EDGE_CURVE('',#6691,#6683,#6695,.T.);
#6697=ORIENTED_EDGE('',*,*,#6696,.F.);
#6698=CARTESIAN_POINT('',(-38.923115093,-13.193606168,63.));
#6699=DIRECTION('',(0.,0.039259816,-0.999229036));
#6700=VECTOR('',#6699,25.019288965);
#6701=LINE('',#6698,#6700);
#6702=EDGE_CURVE('',#6691,#4089,#6701,.T.);
#6703=ORIENTED_EDGE('',*,*,#6702,.T.);
#6704=EDGE_LOOP('',(#6681,#6689,#6697,#6703));
#6705=FACE_BOUND('',#6704,.T.);
#6706=ADVANCED_FACE('',(#6705),#6680,.F.);
#6707=CARTESIAN_POINT('',(-30.923115093,1.875,63.));
#6708=DIRECTION('',(0.,0.,-1.));
#6709=DIRECTION('',(-1.,0.,0.));
#6710=AXIS2_PLACEMENT_3D('',#6707,#6708,#6709);
#6711=PLANE('',#6710);
#6712=CARTESIAN_POINT('',(-30.423115093,24.302071115,63.));
#6713=VERTEX_POINT('',#6712);
#6714=CARTESIAN_POINT('',(-30.423115093,22.955288219,63.));
#6715=VERTEX_POINT('',#6714);
#6716=CARTESIAN_POINT('',(-30.423115093,24.302071115,63.));
#6717=DIRECTION('',(0.,-1.,0.));
#6718=VECTOR('',#6717,1.346782896);
#6719=LINE('',#6716,#6718);
#6720=EDGE_CURVE('',#6713,#6715,#6719,.T.);
#6721=ORIENTED_EDGE('',*,*,#6720,.T.);
#6722=CARTESIAN_POINT('',(-30.423115093,22.955288219,63.));
#6723=DIRECTION('',(-1.,0.,0.));
#6724=VECTOR('',#6723,8.5);
#6725=LINE('',#6722,#6724);
#6726=EDGE_CURVE('',#6715,#6274,#6725,.T.);
#6727=ORIENTED_EDGE('',*,*,#6726,.T.);
#6728=ORIENTED_EDGE('',*,*,#6279,.T.);
#6729=CARTESIAN_POINT('',(-30.423115093,21.087101312,63.));
#6730=VERTEX_POINT('',#6729);
#6731=CARTESIAN_POINT('',(-30.423115093,21.087101312,63.));
#6732=DIRECTION('',(-1.,0.,0.));
#6733=VECTOR('',#6732,8.5);
#6734=LINE('',#6731,#6733);
#6735=EDGE_CURVE('',#6730,#6266,#6734,.T.);
#6736=ORIENTED_EDGE('',*,*,#6735,.F.);
#6737=CARTESIAN_POINT('',(-30.423115093,19.765732192,63.));
#6738=VERTEX_POINT('',#6737);
#6739=CARTESIAN_POINT('',(-30.423115093,21.087101312,63.));
#6740=DIRECTION('',(0.,-1.,0.));
#6741=VECTOR('',#6740,1.321369121);
#6742=LINE('',#6739,#6741);
#6743=EDGE_CURVE('',#6730,#6738,#6742,.T.);
#6744=ORIENTED_EDGE('',*,*,#6743,.T.);
#6745=CARTESIAN_POINT('',(-30.423115093,19.765732192,63.));
#6746=DIRECTION('',(-1.,0.,0.));
#6747=VECTOR('',#6746,8.5);
#6748=LINE('',#6745,#6747);
#6749=EDGE_CURVE('',#6738,#6297,#6748,.T.);
#6750=ORIENTED_EDGE('',*,*,#6749,.T.);
#6751=ORIENTED_EDGE('',*,*,#6317,.T.);
#6752=CARTESIAN_POINT('',(-30.423115093,17.987526295,63.));
#6753=VERTEX_POINT('',#6752);
#6754=CARTESIAN_POINT('',(-30.423115093,17.987526295,63.));
#6755=DIRECTION('',(-1.,0.,0.));
#6756=VECTOR('',#6755,8.5);
#6757=LINE('',#6754,#6756);
#6758=EDGE_CURVE('',#6753,#6306,#6757,.T.);
#6759=ORIENTED_EDGE('',*,*,#6758,.F.);
#6760=CARTESIAN_POINT('',(-30.423115093,16.688663938,63.));
#6761=VERTEX_POINT('',#6760);
#6762=CARTESIAN_POINT('',(-30.423115093,17.987526295,63.));
#6763=DIRECTION('',(0.,-1.,0.));
#6764=VECTOR('',#6763,1.298862357);
#6765=LINE('',#6762,#6764);
#6766=EDGE_CURVE('',#6753,#6761,#6765,.T.);
#6767=ORIENTED_EDGE('',*,*,#6766,.T.);
#6768=CARTESIAN_POINT('',(-30.423115093,16.688663938,63.));
#6769=DIRECTION('',(-1.,0.,0.));
#6770=VECTOR('',#6769,8.5);
#6771=LINE('',#6768,#6770);
#6772=EDGE_CURVE('',#6761,#6543,#6771,.T.);
#6773=ORIENTED_EDGE('',*,*,#6772,.T.);
#6774=ORIENTED_EDGE('',*,*,#6548,.T.);
#6775=CARTESIAN_POINT('',(-30.423115093,14.988209806,63.));
#6776=VERTEX_POINT('',#6775);
#6777=CARTESIAN_POINT('',(-30.423115093,14.988209806,63.));
#6778=DIRECTION('',(-1.,0.,0.));
#6779=VECTOR('',#6778,8.5);
#6780=LINE('',#6777,#6779);
#6781=EDGE_CURVE('',#6776,#6535,#6780,.T.);
#6782=ORIENTED_EDGE('',*,*,#6781,.F.);
#6783=CARTESIAN_POINT('',(-30.423115093,13.709161172,63.));
#6784=VERTEX_POINT('',#6783);
#6785=CARTESIAN_POINT('',(-30.423115093,14.988209806,63.));
#6786=DIRECTION('',(0.,-1.,0.));
#6787=VECTOR('',#6786,1.279048634);
#6788=LINE('',#6785,#6787);
#6789=EDGE_CURVE('',#6776,#6784,#6788,.T.);
#6790=ORIENTED_EDGE('',*,*,#6789,.T.);
#6791=CARTESIAN_POINT('',(-30.423115093,13.709161172,63.));
#6792=DIRECTION('',(-1.,0.,0.));
#6793=VECTOR('',#6792,8.5);
#6794=LINE('',#6791,#6793);
#6795=EDGE_CURVE('',#6784,#6124,#6794,.T.);
#6796=ORIENTED_EDGE('',*,*,#6795,.T.);
#6797=ORIENTED_EDGE('',*,*,#6129,.T.);
#6798=CARTESIAN_POINT('',(-30.423115093,12.075573262,63.));
#6799=VERTEX_POINT('',#6798);
#6800=CARTESIAN_POINT('',(-30.423115093,12.075573262,63.));
#6801=DIRECTION('',(-1.,0.,0.));
#6802=VECTOR('',#6801,8.5);
#6803=LINE('',#6800,#6802);
#6804=EDGE_CURVE('',#6799,#6116,#6803,.T.);
#6805=ORIENTED_EDGE('',*,*,#6804,.F.);
#6806=CARTESIAN_POINT('',(-30.423115093,10.81382664,63.));
#6807=VERTEX_POINT('',#6806);
#6808=CARTESIAN_POINT('',(-30.423115093,12.075573262,63.));
#6809=DIRECTION('',(0.,-1.,0.));
#6810=VECTOR('',#6809,1.261746622);
#6811=LINE('',#6808,#6810);
#6812=EDGE_CURVE('',#6799,#6807,#6811,.T.);
#6813=ORIENTED_EDGE('',*,*,#6812,.T.);
#6814=CARTESIAN_POINT('',(-30.423115093,10.81382664,63.));
#6815=DIRECTION('',(-1.,0.,0.));
#6816=VECTOR('',#6815,8.5);
#6817=LINE('',#6814,#6816);
#6818=EDGE_CURVE('',#6807,#5811,#6817,.T.);
#6819=ORIENTED_EDGE('',*,*,#6818,.T.);
#6820=ORIENTED_EDGE('',*,*,#5816,.T.);
#6821=CARTESIAN_POINT('',(-30.423115093,9.237326749,63.));
#6822=VERTEX_POINT('',#6821);
#6823=CARTESIAN_POINT('',(-30.423115093,9.237326749,63.));
#6824=DIRECTION('',(-1.,0.,0.));
#6825=VECTOR('',#6824,8.5);
#6826=LINE('',#6823,#6825);
#6827=EDGE_CURVE('',#6822,#5803,#6826,.T.);
#6828=ORIENTED_EDGE('',*,*,#6827,.F.);
#6829=CARTESIAN_POINT('',(-30.423115093,7.990523467,63.));
#6830=VERTEX_POINT('',#6829);
#6831=CARTESIAN_POINT('',(-30.423115093,9.237326749,63.));
#6832=DIRECTION('',(0.,-1.,0.));
#6833=VECTOR('',#6832,1.246803281);
#6834=LINE('',#6831,#6833);
#6835=EDGE_CURVE('',#6822,#6830,#6834,.T.);
#6836=ORIENTED_EDGE('',*,*,#6835,.T.);
#6837=CARTESIAN_POINT('',(-30.423115093,7.990523467,63.));
#6838=DIRECTION('',(-1.,0.,0.));
#6839=VECTOR('',#6838,8.5);
#6840=LINE('',#6837,#6839);
#6841=EDGE_CURVE('',#6830,#6337,#6840,.T.);
#6842=ORIENTED_EDGE('',*,*,#6841,.T.);
#6843=ORIENTED_EDGE('',*,*,#6342,.T.);
#6844=CARTESIAN_POINT('',(-30.423115093,6.46224328,63.));
#6845=VERTEX_POINT('',#6844);
#6846=CARTESIAN_POINT('',(-30.423115093,6.46224328,63.));
#6847=DIRECTION('',(-1.,0.,0.));
#6848=VECTOR('',#6847,8.5);
#6849=LINE('',#6846,#6848);
#6850=EDGE_CURVE('',#6845,#6329,#6849,.T.);
#6851=ORIENTED_EDGE('',*,*,#6850,.F.);
#6852=CARTESIAN_POINT('',(-30.423115093,5.228152918,63.));
#6853=VERTEX_POINT('',#6852);
#6854=CARTESIAN_POINT('',(-30.423115093,6.46224328,63.));
#6855=DIRECTION('',(0.,-1.,0.));
#6856=VECTOR('',#6855,1.234090362);
#6857=LINE('',#6854,#6856);
#6858=EDGE_CURVE('',#6845,#6853,#6857,.T.);
#6859=ORIENTED_EDGE('',*,*,#6858,.T.);
#6860=CARTESIAN_POINT('',(-30.423115093,5.228152918,63.));
#6861=DIRECTION('',(-1.,0.,0.));
#6862=VECTOR('',#6861,8.5);
#6863=LINE('',#6860,#6862);
#6864=EDGE_CURVE('',#6853,#6173,#6863,.T.);
#6865=ORIENTED_EDGE('',*,*,#6864,.T.);
#6866=ORIENTED_EDGE('',*,*,#6178,.T.);
#6867=CARTESIAN_POINT('',(-30.423115093,3.73996704,63.));
#6868=DIRECTION('',(-1.,0.,0.));
#6869=VECTOR('',#6868,8.5);
#6870=LINE('',#6867,#6869);
#6871=EDGE_CURVE('',#1285,#6165,#6870,.T.);
#6872=ORIENTED_EDGE('',*,*,#6871,.F.);
#6873=ORIENTED_EDGE('',*,*,#1290,.T.);
#6874=CARTESIAN_POINT('',(-30.423115093,2.516465454,63.));
#6875=DIRECTION('',(-1.,0.,0.));
#6876=VECTOR('',#6875,8.5);
#6877=LINE('',#6874,#6876);
#6878=EDGE_CURVE('',#1277,#5991,#6877,.T.);
#6879=ORIENTED_EDGE('',*,*,#6878,.T.);
#6880=ORIENTED_EDGE('',*,*,#5996,.T.);
#6881=CARTESIAN_POINT('',(-30.423115093,1.060848263,63.));
#6882=VERTEX_POINT('',#6881);
#6883=CARTESIAN_POINT('',(-30.423115093,1.060848263,63.));
#6884=DIRECTION('',(-1.,0.,0.));
#6885=VECTOR('',#6884,8.5);
#6886=LINE('',#6883,#6885);
#6887=EDGE_CURVE('',#6882,#5983,#6886,.T.);
#6888=ORIENTED_EDGE('',*,*,#6887,.F.);
#6889=CARTESIAN_POINT('',(-30.423115093,-0.15410214,63.));
#6890=VERTEX_POINT('',#6889);
#6891=CARTESIAN_POINT('',(-30.423115093,1.060848263,63.));
#6892=DIRECTION('',(0.,-1.,0.));
#6893=VECTOR('',#6892,1.214950402);
#6894=LINE('',#6891,#6893);
#6895=EDGE_CURVE('',#6882,#6890,#6894,.T.);
#6896=ORIENTED_EDGE('',*,*,#6895,.T.);
#6897=CARTESIAN_POINT('',(-30.423115093,-0.15410214,63.));
#6898=DIRECTION('',(-1.,0.,0.));
#6899=VECTOR('',#6898,8.5);
#6900=LINE('',#6897,#6899);
#6901=EDGE_CURVE('',#6890,#6075,#6900,.T.);
#6902=ORIENTED_EDGE('',*,*,#6901,.T.);
#6903=ORIENTED_EDGE('',*,*,#6080,.T.);
#6904=CARTESIAN_POINT('',(-30.423115093,-1.584201122,63.));
#6905=VERTEX_POINT('',#6904);
#6906=CARTESIAN_POINT('',(-30.423115093,-1.584201122,63.));
#6907=DIRECTION('',(-1.,0.,0.));
#6908=VECTOR('',#6907,8.5);
#6909=LINE('',#6906,#6908);
#6910=EDGE_CURVE('',#6905,#6067,#6909,.T.);
#6911=ORIENTED_EDGE('',*,*,#6910,.F.);
#6912=CARTESIAN_POINT('',(-30.423115093,-2.792569325,63.));
#6913=VERTEX_POINT('',#6912);
#6914=CARTESIAN_POINT('',(-30.423115093,-1.584201122,63.));
#6915=DIRECTION('',(0.,-1.,0.));
#6916=VECTOR('',#6915,1.208368203);
#6917=LINE('',#6914,#6916);
#6918=EDGE_CURVE('',#6905,#6913,#6917,.T.);
#6919=ORIENTED_EDGE('',*,*,#6918,.T.);
#6920=CARTESIAN_POINT('',(-30.423115093,-2.792569325,63.));
#6921=DIRECTION('',(-1.,0.,0.));
#6922=VECTOR('',#6921,8.5);
#6923=LINE('',#6920,#6922);
#6924=EDGE_CURVE('',#6913,#6512,#6923,.T.);
#6925=ORIENTED_EDGE('',*,*,#6924,.T.);
#6926=ORIENTED_EDGE('',*,*,#6517,.T.);
#6927=CARTESIAN_POINT('',(-30.423115093,-4.203835869,63.));
#6928=VERTEX_POINT('',#6927);
#6929=CARTESIAN_POINT('',(-30.423115093,-4.203835869,63.));
#6930=DIRECTION('',(-1.,0.,0.));
#6931=VECTOR('',#6930,8.5);
#6932=LINE('',#6929,#6931);
#6933=EDGE_CURVE('',#6928,#6504,#6932,.T.);
#6934=ORIENTED_EDGE('',*,*,#6933,.F.);
#6935=CARTESIAN_POINT('',(-30.423115093,-5.40753883,63.));
#6936=VERTEX_POINT('',#6935);
#6937=CARTESIAN_POINT('',(-30.423115093,-4.203835869,63.));
#6938=DIRECTION('',(0.,-1.,0.));
#6939=VECTOR('',#6938,1.203702961);
#6940=LINE('',#6937,#6939);
#6941=EDGE_CURVE('',#6928,#6936,#6940,.T.);
#6942=ORIENTED_EDGE('',*,*,#6941,.T.);
#6943=CARTESIAN_POINT('',(-30.423115093,-5.40753883,63.));
#6944=DIRECTION('',(-1.,0.,0.));
#6945=VECTOR('',#6944,8.5);
#6946=LINE('',#6943,#6945);
#6947=EDGE_CURVE('',#6936,#6574,#6946,.T.);
#6948=ORIENTED_EDGE('',*,*,#6947,.T.);
#6949=ORIENTED_EDGE('',*,*,#6579,.T.);
#6950=CARTESIAN_POINT('',(-30.423115093,-6.806393832,63.));
#6951=VERTEX_POINT('',#6950);
#6952=CARTESIAN_POINT('',(-30.423115093,-6.806393832,63.));
#6953=DIRECTION('',(-1.,0.,0.));
#6954=VECTOR('',#6953,8.5);
#6955=LINE('',#6952,#6954);
#6956=EDGE_CURVE('',#6951,#6566,#6955,.T.);
#6957=ORIENTED_EDGE('',*,*,#6956,.F.);
#6958=CARTESIAN_POINT('',(-30.423115093,-8.007312043,63.));
#6959=VERTEX_POINT('',#6958);
#6960=CARTESIAN_POINT('',(-30.423115093,-6.806393832,63.));
#6961=DIRECTION('',(0.,-1.,0.));
#6962=VECTOR('',#6961,1.200918211);
#6963=LINE('',#6960,#6962);
#6964=EDGE_CURVE('',#6951,#6959,#6963,.T.);
#6965=ORIENTED_EDGE('',*,*,#6964,.T.);
#6966=CARTESIAN_POINT('',(-30.423115093,-8.007312043,63.));
#6967=DIRECTION('',(-1.,0.,0.));
#6968=VECTOR('',#6967,8.5);
#6969=LINE('',#6966,#6968);
#6970=EDGE_CURVE('',#6959,#6660,#6969,.T.);
#6971=ORIENTED_EDGE('',*,*,#6970,.T.);
#6972=ORIENTED_EDGE('',*,*,#6665,.T.);
#6973=CARTESIAN_POINT('',(-30.423115093,-9.400003827,63.));
#6974=VERTEX_POINT('',#6973);
#6975=CARTESIAN_POINT('',(-30.423115093,-9.400003827,63.));
#6976=DIRECTION('',(-1.,0.,0.));
#6977=VECTOR('',#6976,8.5);
#6978=LINE('',#6975,#6977);
#6979=EDGE_CURVE('',#6974,#6652,#6978,.T.);
#6980=ORIENTED_EDGE('',*,*,#6979,.F.);
#6981=CARTESIAN_POINT('',(-30.423115093,-10.599996173,63.));
#6982=VERTEX_POINT('',#6981);
#6983=CARTESIAN_POINT('',(-30.423115093,-9.400003827,63.));
#6984=DIRECTION('',(0.,-1.,0.));
#6985=VECTOR('',#6984,1.199992347);
#6986=LINE('',#6983,#6985);
#6987=EDGE_CURVE('',#6974,#6982,#6986,.T.);
#6988=ORIENTED_EDGE('',*,*,#6987,.T.);
#6989=CARTESIAN_POINT('',(-30.423115093,-10.599996173,63.));
#6990=DIRECTION('',(-1.,0.,0.));
#6991=VECTOR('',#6990,8.5);
#6992=LINE('',#6989,#6991);
#6993=EDGE_CURVE('',#6982,#6629,#6992,.T.);
#6994=ORIENTED_EDGE('',*,*,#6993,.T.);
#6995=ORIENTED_EDGE('',*,*,#6634,.T.);
#6996=CARTESIAN_POINT('',(-30.423115093,-11.992687957,63.));
#6997=VERTEX_POINT('',#6996);
#6998=CARTESIAN_POINT('',(-30.423115093,-11.992687957,63.));
#6999=DIRECTION('',(-1.,0.,0.));
#7000=VECTOR('',#6999,8.5);
#7001=LINE('',#6998,#7000);
#7002=EDGE_CURVE('',#6997,#6621,#7001,.T.);
#7003=ORIENTED_EDGE('',*,*,#7002,.F.);
#7004=CARTESIAN_POINT('',(-30.423115093,-13.193606168,63.));
#7005=VERTEX_POINT('',#7004);
#7006=CARTESIAN_POINT('',(-30.423115093,-11.992687957,63.));
#7007=DIRECTION('',(0.,-1.,0.));
#7008=VECTOR('',#7007,1.200918211);
#7009=LINE('',#7006,#7008);
#7010=EDGE_CURVE('',#6997,#7005,#7009,.T.);
#7011=ORIENTED_EDGE('',*,*,#7010,.T.);
#7012=CARTESIAN_POINT('',(-30.423115093,-13.193606168,63.));
#7013=DIRECTION('',(-1.,0.,0.));
#7014=VECTOR('',#7013,8.5);
#7015=LINE('',#7012,#7014);
#7016=EDGE_CURVE('',#7005,#6691,#7015,.T.);
#7017=ORIENTED_EDGE('',*,*,#7016,.T.);
#7018=ORIENTED_EDGE('',*,*,#6696,.T.);
#7019=CARTESIAN_POINT('',(-30.423115093,-14.59246117,63.));
#7020=VERTEX_POINT('',#7019);
#7021=CARTESIAN_POINT('',(-30.423115093,-14.59246117,63.));
#7022=DIRECTION('',(-1.,0.,0.));
#7023=VECTOR('',#7022,8.5);
#7024=LINE('',#7021,#7023);
#7025=EDGE_CURVE('',#7020,#6683,#7024,.T.);
#7026=ORIENTED_EDGE('',*,*,#7025,.F.);
#7027=CARTESIAN_POINT('',(-30.423115093,-15.796164131,63.));
#7028=VERTEX_POINT('',#7027);
#7029=CARTESIAN_POINT('',(-30.423115093,-14.59246117,63.));
#7030=DIRECTION('',(0.,-1.,0.));
#7031=VECTOR('',#7030,1.203702961);
#7032=LINE('',#7029,#7031);
#7033=EDGE_CURVE('',#7020,#7028,#7032,.T.);
#7034=ORIENTED_EDGE('',*,*,#7033,.T.);
#7035=CARTESIAN_POINT('',(-30.423115093,-15.796164131,63.));
#7036=DIRECTION('',(-1.,0.,0.));
#7037=VECTOR('',#7036,8.5);
#7038=LINE('',#7035,#7037);
#7039=EDGE_CURVE('',#7028,#6195,#7038,.T.);
#7040=ORIENTED_EDGE('',*,*,#7039,.T.);
#7041=ORIENTED_EDGE('',*,*,#6215,.T.);
#7042=CARTESIAN_POINT('',(-30.423115093,-17.207430675,63.));
#7043=VERTEX_POINT('',#7042);
#7044=CARTESIAN_POINT('',(-30.423115093,-17.207430675,63.));
#7045=DIRECTION('',(-1.,0.,0.));
#7046=VECTOR('',#7045,8.5);
#7047=LINE('',#7044,#7046);
#7048=EDGE_CURVE('',#7043,#6204,#7047,.T.);
#7049=ORIENTED_EDGE('',*,*,#7048,.F.);
#7050=CARTESIAN_POINT('',(-30.423115093,-18.415798878,63.));
#7051=VERTEX_POINT('',#7050);
#7052=CARTESIAN_POINT('',(-30.423115093,-17.207430675,63.));
#7053=DIRECTION('',(0.,-1.,0.));
#7054=VECTOR('',#7053,1.208368203);
#7055=LINE('',#7052,#7054);
#7056=EDGE_CURVE('',#7043,#7051,#7055,.T.);
#7057=ORIENTED_EDGE('',*,*,#7056,.T.);
#7058=CARTESIAN_POINT('',(-30.423115093,-18.415798878,63.));
#7059=DIRECTION('',(-1.,0.,0.));
#7060=VECTOR('',#7059,8.5);
#7061=LINE('',#7058,#7060);
#7062=EDGE_CURVE('',#7051,#6439,#7061,.T.);
#7063=ORIENTED_EDGE('',*,*,#7062,.T.);
#7064=ORIENTED_EDGE('',*,*,#6444,.T.);
#7065=CARTESIAN_POINT('',(-30.423115093,-19.84589786,63.));
#7066=DIRECTION('',(-1.,0.,0.));
#7067=VECTOR('',#7066,8.5);
#7068=LINE('',#7065,#7067);
#7069=EDGE_CURVE('',#2924,#6431,#7068,.T.);
#7070=ORIENTED_EDGE('',*,*,#7069,.F.);
#7071=ORIENTED_EDGE('',*,*,#2929,.T.);
#7072=ORIENTED_EDGE('',*,*,#6474,.T.);
#7073=ORIENTED_EDGE('',*,*,#3316,.F.);
#7074=ORIENTED_EDGE('',*,*,#5137,.T.);
#7075=ORIENTED_EDGE('',*,*,#5790,.T.);
#7076=CARTESIAN_POINT('',(-30.423115093,24.302071115,63.));
#7077=DIRECTION('',(-1.,0.,0.));
#7078=VECTOR('',#7077,8.5);
#7079=LINE('',#7076,#7078);
#7080=EDGE_CURVE('',#6713,#5779,#7079,.T.);
#7081=ORIENTED_EDGE('',*,*,#7080,.F.);
#7082=EDGE_LOOP('',(#6721,#6727,#6728,#6736,#6744,#6750,#6751,#6759,#6767,#6773,#6774,#6782,#6790,#6796,#6797,#6805,#6813,#6819,#6820,#6828,#6836,#6842,#6843,#6851,#6859,#6865,
#6866,#6872,#6873,#6879,#6880,#6888,#6896,#6902,#6903,#6911,#6919,#6925,#6926,#6934,#6942,#6948,#6949,#6957,#6965,#6971,#6972,#6980,#6988,#6994,#6995,
#7003,#7011,#7017,#7018,#7026,#7034,#7040,#7041,#7049,#7057,#7063,#7064,#7070,#7071,#7072,#7073,#7074,#7075,#7081));
#7083=FACE_BOUND('',#7082,.T.);
#7084=ADVANCED_FACE('',(#7083),#6711,.F.);
#7085=CARTESIAN_POINT('',(-30.923115093,-22.,50.5));
#7086=DIRECTION('',(0.,1.,0.));
#7087=DIRECTION('',(0.,0.,1.));
#7088=AXIS2_PLACEMENT_3D('',#7085,#7086,#7087);
#7089=PLANE('',#7088);
#7090=CARTESIAN_POINT('',(-30.423115093,-22.,45.505266808));
#7091=VERTEX_POINT('',#7090);
#7092=CARTESIAN_POINT('',(-30.423115093,-22.,43.568523357));
#7093=VERTEX_POINT('',#7092);
#7094=CARTESIAN_POINT('',(-30.423115093,-22.,45.505266808));
#7095=DIRECTION('',(0.,0.,-1.));
#7096=VECTOR('',#7095,1.936743451);
#7097=LINE('',#7094,#7096);
#7098=EDGE_CURVE('',#7091,#7093,#7097,.T.);
#7099=ORIENTED_EDGE('',*,*,#7098,.T.);
#7100=CARTESIAN_POINT('',(-30.423115093,-22.,43.568523357));
#7101=DIRECTION('',(-1.,0.,0.));
#7102=VECTOR('',#7101,8.5);
#7103=LINE('',#7100,#7102);
#7104=EDGE_CURVE('',#7093,#6226,#7103,.T.);
#7105=ORIENTED_EDGE('',*,*,#7104,.T.);
#7106=ORIENTED_EDGE('',*,*,#6233,.T.);
#7107=CARTESIAN_POINT('',(-30.423115093,-22.,41.759205995));
#7108=VERTEX_POINT('',#7107);
#7109=CARTESIAN_POINT('',(-30.423115093,-22.,41.759205995));
#7110=DIRECTION('',(-1.,0.,0.));
#7111=VECTOR('',#7110,8.5);
#7112=LINE('',#7109,#7111);
#7113=EDGE_CURVE('',#7108,#6228,#7112,.T.);
#7114=ORIENTED_EDGE('',*,*,#7113,.F.);
#7115=CARTESIAN_POINT('',(-30.423115093,-22.,41.759205995));
#7116=DIRECTION('',(0.,0.,-1.));
#7117=VECTOR('',#7116,1.759205995);
#7118=LINE('',#7115,#7117);
#7119=EDGE_CURVE('',#7108,#4774,#7118,.T.);
#7120=ORIENTED_EDGE('',*,*,#7119,.T.);
#7121=ORIENTED_EDGE('',*,*,#4779,.T.);
#7122=ORIENTED_EDGE('',*,*,#3377,.F.);
#7123=CARTESIAN_POINT('',(-28.923115093,-22.,45.505266808));
#7124=DIRECTION('',(-1.,-0.,0.));
#7125=VECTOR('',#7124,1.5);
#7126=LINE('',#7123,#7125);
#7127=EDGE_CURVE('',#3363,#7091,#7126,.T.);
#7128=ORIENTED_EDGE('',*,*,#7127,.T.);
#7129=EDGE_LOOP('',(#7099,#7105,#7106,#7114,#7120,#7121,#7122,#7128));
#7130=FACE_BOUND('',#7129,.T.);
#7131=ADVANCED_FACE('',(#7130),#7089,.F.);
#7132=CARTESIAN_POINT('',(-23.923115093,28.318996984,42.375));
#7133=DIRECTION('',(0.,-1.,0.));
#7134=DIRECTION('',(0.,0.,-1.));
#7135=AXIS2_PLACEMENT_3D('',#7132,#7133,#7134);
#7136=PLANE('',#7135);
#7137=ORIENTED_EDGE('',*,*,#5906,.T.);
#7138=CARTESIAN_POINT('',(-26.523115093,28.318996984,46.743996984));
#7139=VERTEX_POINT('',#7138);
#7140=CARTESIAN_POINT('',(-26.523115093,28.318996984,37.328510074));
#7141=DIRECTION('',(0.,0.,1.));
#7142=VECTOR('',#7141,9.41548691);
#7143=LINE('',#7140,#7142);
#7144=EDGE_CURVE('',#5865,#7139,#7143,.T.);
#7145=ORIENTED_EDGE('',*,*,#7144,.T.);
#7146=CARTESIAN_POINT('',(-23.923115093,28.318996984,46.743996984));
#7147=VERTEX_POINT('',#7146);
#7148=CARTESIAN_POINT('',(-26.523115093,28.318996984,46.743996984));
#7149=DIRECTION('',(1.,-0.,-0.));
#7150=VECTOR('',#7149,2.6);
#7151=LINE('',#7148,#7150);
#7152=EDGE_CURVE('',#7139,#7147,#7151,.T.);
#7153=ORIENTED_EDGE('',*,*,#7152,.T.);
#7154=CARTESIAN_POINT('',(-23.923115093,28.318996984,37.328510074));
#7155=DIRECTION('',(0.,0.,1.));
#7156=VECTOR('',#7155,9.41548691);
#7157=LINE('',#7154,#7156);
#7158=EDGE_CURVE('',#5901,#7147,#7157,.T.);
#7159=ORIENTED_EDGE('',*,*,#7158,.F.);
#7160=EDGE_LOOP('',(#7137,#7145,#7153,#7159));
#7161=FACE_BOUND('',#7160,.T.);
#7162=ADVANCED_FACE('',(#7161),#7136,.F.);
#7163=CARTESIAN_POINT('',(-23.923115093,25.4,47.743996984));
#7164=DIRECTION('',(0.,0.,1.));
#7165=DIRECTION('',(1.,0.,0.));
#7166=AXIS2_PLACEMENT_3D('',#7163,#7164,#7165);
#7167=PLANE('',#7166);
#7168=CARTESIAN_POINT('',(-23.923115093,27.318996984,47.743996984));
#7169=VERTEX_POINT('',#7168);
#7170=CARTESIAN_POINT('',(-26.523115093,27.318996984,47.743996984));
#7171=VERTEX_POINT('',#7170);
#7172=CARTESIAN_POINT('',(-23.923115093,27.318996984,47.743996984));
#7173=DIRECTION('',(-1.,0.,0.));
#7174=VECTOR('',#7173,2.6);
#7175=LINE('',#7172,#7174);
#7176=EDGE_CURVE('',#7169,#7171,#7175,.T.);
#7177=ORIENTED_EDGE('',*,*,#7176,.T.);
#7178=CARTESIAN_POINT('',(-26.523115093,24.326647768,47.743996984));
#7179=VERTEX_POINT('',#7178);
#7180=CARTESIAN_POINT('',(-26.523115093,27.318996984,47.743996984));
#7181=DIRECTION('',(-0.,-1.,-0.));
#7182=VECTOR('',#7181,2.992349216);
#7183=LINE('',#7180,#7182);
#7184=EDGE_CURVE('',#7171,#7179,#7183,.T.);
#7185=ORIENTED_EDGE('',*,*,#7184,.T.);
#7186=CARTESIAN_POINT('',(-26.646607103,23.481003016,47.743996984));
#7187=VERTEX_POINT('',#7186);
#7188=CARTESIAN_POINT('',(-26.523115092,24.326647768,47.743996984));
#7189=CARTESIAN_POINT('',(-26.523117357,24.183708882,47.743996984));
#7190=CARTESIAN_POINT('',(-26.533917853,24.041753728,47.743996964));
#7191=CARTESIAN_POINT('',(-26.554733954,23.900710915,47.743996984));
#7192=CARTESIAN_POINT('',(-26.575550054,23.759668102,47.743997004));
#7193=CARTESIAN_POINT('',(-26.60673152,23.618469178,47.743996984));
#7194=CARTESIAN_POINT('',(-26.646607103,23.481003016,47.743996984));
#7195=B_SPLINE_CURVE_WITH_KNOTS('',3,(#7188,#7189,#7190,#7191,#7192,#7193,#7194),.UNSPECIFIED.,.F.,.F.,(4,3,4),(0.004168223,0.004596795,0.005025368),.UNSPECIFIED.);
#7196=EDGE_CURVE('',#7179,#7187,#7195,.T.);
#7197=ORIENTED_EDGE('',*,*,#7196,.T.);
#7198=CARTESIAN_POINT('',(-23.923115093,23.481003016,47.743996984));
#7199=VERTEX_POINT('',#7198);
#7200=CARTESIAN_POINT('',(-26.646607103,23.481003016,47.743996984));
#7201=DIRECTION('',(1.,-0.,-0.));
#7202=VECTOR('',#7201,2.72349201);
#7203=LINE('',#7200,#7202);
#7204=EDGE_CURVE('',#7187,#7199,#7203,.T.);
#7205=ORIENTED_EDGE('',*,*,#7204,.T.);
#7206=CARTESIAN_POINT('',(-23.923115093,23.481003016,47.743996984));
#7207=DIRECTION('',(0.,1.,0.));
#7208=VECTOR('',#7207,3.837993968);
#7209=LINE('',#7206,#7208);
#7210=EDGE_CURVE('',#7199,#7169,#7209,.T.);
#7211=ORIENTED_EDGE('',*,*,#7210,.T.);
#7212=EDGE_LOOP('',(#7177,#7185,#7197,#7205,#7211));
#7213=FACE_BOUND('',#7212,.T.);
#7214=ADVANCED_FACE('',(#7213),#7167,.T.);
#7215=CARTESIAN_POINT('',(-23.923115093,22.481003016,42.375));
#7216=DIRECTION('',(0.,-1.,0.));
#7217=DIRECTION('',(0.,0.,-1.));
#7218=AXIS2_PLACEMENT_3D('',#7215,#7216,#7217);
#7219=PLANE('',#7218);
#7220=CARTESIAN_POINT('',(-23.923115093,22.481003016,46.743996984));
#7221=VERTEX_POINT('',#7220);
#7222=CARTESIAN_POINT('',(-26.523115093,22.481003016,46.743996984));
#7223=VERTEX_POINT('',#7222);
#7224=CARTESIAN_POINT('',(-23.923115093,22.481003016,46.743996984));
#7225=DIRECTION('',(-1.,0.,0.));
#7226=VECTOR('',#7225,2.6);
#7227=LINE('',#7224,#7226);
#7228=EDGE_CURVE('',#7221,#7223,#7227,.T.);
#7229=ORIENTED_EDGE('',*,*,#7228,.T.);
#7230=CARTESIAN_POINT('',(-26.523115093,22.481003016,46.743996984));
#7231=DIRECTION('',(-0.,-0.,-1.));
#7232=VECTOR('',#7231,8.743996984);
#7233=LINE('',#7230,#7232);
#7234=EDGE_CURVE('',#7223,#4728,#7233,.T.);
#7235=ORIENTED_EDGE('',*,*,#7234,.T.);
#7236=ORIENTED_EDGE('',*,*,#4733,.T.);
#7237=CARTESIAN_POINT('',(-23.923115093,22.481003016,38.));
#7238=DIRECTION('',(0.,0.,1.));
#7239=VECTOR('',#7238,8.743996984);
#7240=LINE('',#7237,#7239);
#7241=EDGE_CURVE('',#4720,#7221,#7240,.T.);
#7242=ORIENTED_EDGE('',*,*,#7241,.T.);
#7243=EDGE_LOOP('',(#7229,#7235,#7236,#7242));
#7244=FACE_BOUND('',#7243,.T.);
#7245=ADVANCED_FACE('',(#7244),#7219,.T.);
#7246=CARTESIAN_POINT('',(-23.923115093,0.,0.));
#7247=DIRECTION('',(1.,0.,0.));
#7248=DIRECTION('',(0.,1.,0.));
#7249=AXIS2_PLACEMENT_3D('',#7246,#7247,#7248);
#7250=PLANE('',#7249);
#7251=ORIENTED_EDGE('',*,*,#7158,.T.);
#7252=CARTESIAN_POINT('',(-23.923115093,27.318996984,46.743996984));
#7253=DIRECTION('',(1.,0.,0.));
#7254=DIRECTION('',(0.,0.,-1.));
#7255=AXIS2_PLACEMENT_3D('',#7252,#7253,#7254);
#7256=CIRCLE('',#7255,1.);
#7257=EDGE_CURVE('',#7147,#7169,#7256,.T.);
#7258=ORIENTED_EDGE('',*,*,#7257,.T.);
#7259=ORIENTED_EDGE('',*,*,#7210,.F.);
#7260=CARTESIAN_POINT('',(-23.923115093,23.481003016,46.743996984));
#7261=DIRECTION('',(1.,0.,0.));
#7262=DIRECTION('',(0.,0.,-1.));
#7263=AXIS2_PLACEMENT_3D('',#7260,#7261,#7262);
#7264=CIRCLE('',#7263,1.);
#7265=EDGE_CURVE('',#7199,#7221,#7264,.T.);
#7266=ORIENTED_EDGE('',*,*,#7265,.T.);
#7267=ORIENTED_EDGE('',*,*,#7241,.F.);
#7268=ORIENTED_EDGE('',*,*,#4725,.F.);
#7269=ORIENTED_EDGE('',*,*,#5913,.F.);
#7270=EDGE_LOOP('',(#7251,#7258,#7259,#7266,#7267,#7268,#7269));
#7271=FACE_BOUND('',#7270,.T.);
#7272=ADVANCED_FACE('',(#7271),#7250,.T.);
#7273=CARTESIAN_POINT('',(-23.923115093,-3.203545824,54.996454176));
#7274=DIRECTION('',(0.,0.707106781,0.707106781));
#7275=DIRECTION('',(0.,-0.707106781,0.707106781));
#7276=AXIS2_PLACEMENT_3D('',#7273,#7274,#7275);
#7277=PLANE('',#7276);
#7278=CARTESIAN_POINT('',(-23.923115093,-1.846610044,53.639518395));
#7279=VERTEX_POINT('',#7278);
#7280=CARTESIAN_POINT('',(-26.601650237,-1.846610044,53.639518395));
#7281=VERTEX_POINT('',#7280);
#7282=CARTESIAN_POINT('',(-23.923115093,-1.846610044,53.639518395));
#7283=DIRECTION('',(-1.,0.,0.));
#7284=VECTOR('',#7283,2.678535144);
#7285=LINE('',#7282,#7284);
#7286=EDGE_CURVE('',#7279,#7281,#7285,.T.);
#7287=ORIENTED_EDGE('',*,*,#7286,.T.);
#7288=CARTESIAN_POINT('',(-26.523115093,-4.495170933,56.288079284));
#7289=VERTEX_POINT('',#7288);
#7290=CARTESIAN_POINT('',(-26.601650237,-1.846610044,53.639518395));
#7291=CARTESIAN_POINT('',(-26.639718717,-2.065840567,53.858748933));
#7292=CARTESIAN_POINT('',(-26.681752152,-2.284852872,54.077761211));
#7293=CARTESIAN_POINT('',(-26.702570001,-2.50503288,54.297941231));
#7294=CARTESIAN_POINT('',(-26.712978926,-2.615122884,54.408031242));
#7295=CARTESIAN_POINT('',(-26.718128982,-2.725502346,54.518410698));
#7296=CARTESIAN_POINT('',(-26.716915756,-2.836232046,54.629140397));
#7297=CARTESIAN_POINT('',(-26.71570253,-2.946961745,54.739870095));
#7298=CARTESIAN_POINT('',(-26.708095364,-3.058132324,54.851040677));
#7299=CARTESIAN_POINT('',(-26.69565517,-3.168785318,54.961693669));
#7300=CARTESIAN_POINT('',(-26.670774782,-3.390091305,55.182999653));
#7301=CARTESIAN_POINT('',(-26.626700765,-3.610200389,55.403108784));
#7302=CARTESIAN_POINT('',(-26.589628742,-3.83074616,55.623654511));
#7303=CARTESIAN_POINT('',(-26.552556719,-4.051291932,55.844200239));
#7304=CARTESIAN_POINT('',(-26.523115093,-4.27231346,56.065221811));
#7305=CARTESIAN_POINT('',(-26.523115093,-4.495170933,56.288079284));
#7306=B_SPLINE_CURVE_WITH_KNOTS('',3,(#7290,#7291,#7292,#7293,#7294,#7295,#7296,#7297,#7298,#7299,#7300,#7301,#7302,#7303,#7304,#7305),.UNSPECIFIED.,.F.,.F.,(4,3,3,3,3,4),(0.002933729,0.003862807,0.004327345,0.004791884,0.005720961,0.006650039),.UNSPECIFIED.);
#7307=EDGE_CURVE('',#7281,#7289,#7306,.T.);
#7308=ORIENTED_EDGE('',*,*,#7307,.T.);
#7309=CARTESIAN_POINT('',(-26.523115093,-4.560481605,56.353389956));
#7310=VERTEX_POINT('',#7309);
#7311=CARTESIAN_POINT('',(-26.523115093,-4.495170933,56.288079284));
#7312=DIRECTION('',(-0.,-0.707106781,0.707106781));
#7313=VECTOR('',#7312,0.092363238);
#7314=LINE('',#7311,#7313);
#7315=EDGE_CURVE('',#7289,#7310,#7314,.T.);
#7316=ORIENTED_EDGE('',*,*,#7315,.T.);
#7317=CARTESIAN_POINT('',(-23.923115093,-4.560481605,56.353389956));
#7318=VERTEX_POINT('',#7317);
#7319=CARTESIAN_POINT('',(-26.523115093,-4.560481605,56.353389956));
#7320=DIRECTION('',(1.,-0.,-0.));
#7321=VECTOR('',#7320,2.6);
#7322=LINE('',#7319,#7321);
#7323=EDGE_CURVE('',#7310,#7318,#7322,.T.);
#7324=ORIENTED_EDGE('',*,*,#7323,.T.);
#7325=CARTESIAN_POINT('',(-23.923115093,-4.560481605,56.353389956));
#7326=DIRECTION('',(0.,0.707106781,-0.707106781));
#7327=VECTOR('',#7326,3.837993968);
#7328=LINE('',#7325,#7327);
#7329=EDGE_CURVE('',#7318,#7279,#7328,.T.);
#7330=ORIENTED_EDGE('',*,*,#7329,.T.);
#7331=EDGE_LOOP('',(#7287,#7308,#7316,#7324,#7330));
#7332=FACE_BOUND('',#7331,.T.);
#7333=ADVANCED_FACE('',(#7332),#7277,.T.);
#7334=CARTESIAN_POINT('',(-23.923115093,-9.064042562,53.264042562));
#7335=DIRECTION('',(0.,-0.707106781,0.707106781));
#7336=DIRECTION('',(0.,-0.707106781,-0.707106781));
#7337=AXIS2_PLACEMENT_3D('',#7334,#7335,#7336);
#7338=PLANE('',#7337);
#7339=CARTESIAN_POINT('',(-23.923115093,-5.974695167,56.353389956));
#7340=VERTEX_POINT('',#7339);
#7341=CARTESIAN_POINT('',(-26.523115093,-5.974695167,56.353389956));
#7342=VERTEX_POINT('',#7341);
#7343=CARTESIAN_POINT('',(-23.923115093,-5.974695167,56.353389956));
#7344=DIRECTION('',(-1.,0.,0.));
#7345=VECTOR('',#7344,2.6);
#7346=LINE('',#7343,#7345);
#7347=EDGE_CURVE('',#7340,#7342,#7346,.T.);
#7348=ORIENTED_EDGE('',*,*,#7347,.T.);
#7349=CARTESIAN_POINT('',(-26.523115093,-12.153389956,50.174695167));
#7350=VERTEX_POINT('',#7349);
#7351=CARTESIAN_POINT('',(-26.523115093,-5.974695167,56.353389956));
#7352=DIRECTION('',(-0.,-0.707106781,-0.707106781));
#7353=VECTOR('',#7352,8.737993968);
#7354=LINE('',#7351,#7353);
#7355=EDGE_CURVE('',#7342,#7350,#7354,.T.);
#7356=ORIENTED_EDGE('',*,*,#7355,.T.);
#7357=CARTESIAN_POINT('',(-23.923115093,-12.153389956,50.174695167));
#7358=VERTEX_POINT('',#7357);
#7359=CARTESIAN_POINT('',(-26.523115093,-12.153389956,50.174695167));
#7360=DIRECTION('',(1.,-0.,-0.));
#7361=VECTOR('',#7360,2.6);
#7362=LINE('',#7359,#7361);
#7363=EDGE_CURVE('',#7350,#7358,#7362,.T.);
#7364=ORIENTED_EDGE('',*,*,#7363,.T.);
#7365=CARTESIAN_POINT('',(-23.923115093,-12.153389956,50.174695167));
#7366=DIRECTION('',(0.,0.707106781,0.707106781));
#7367=VECTOR('',#7366,8.737993968);
#7368=LINE('',#7365,#7367);
#7369=EDGE_CURVE('',#7358,#7340,#7368,.T.);
#7370=ORIENTED_EDGE('',*,*,#7369,.T.);
#7371=EDGE_LOOP('',(#7348,#7356,#7364,#7370));
#7372=FACE_BOUND('',#7371,.T.);
#7373=ADVANCED_FACE('',(#7372),#7338,.T.);
#7374=CARTESIAN_POINT('',(-23.923115093,-10.796454176,47.403545824));
#7375=DIRECTION('',(0.,0.707106781,0.707106781));
#7376=DIRECTION('',(0.,-0.707106781,0.707106781));
#7377=AXIS2_PLACEMENT_3D('',#7374,#7375,#7376);
#7378=PLANE('',#7377);
#7379=CARTESIAN_POINT('',(-23.923115093,-12.153389956,48.760481605));
#7380=VERTEX_POINT('',#7379);
#7381=CARTESIAN_POINT('',(-26.523115093,-12.153389956,48.760481605));
#7382=VERTEX_POINT('',#7381);
#7383=CARTESIAN_POINT('',(-23.923115093,-12.153389956,48.760481605));
#7384=DIRECTION('',(-1.,0.,0.));
#7385=VECTOR('',#7384,2.6);
#7386=LINE('',#7383,#7385);
#7387=EDGE_CURVE('',#7380,#7382,#7386,.T.);
#7388=ORIENTED_EDGE('',*,*,#7387,.T.);
#7389=CARTESIAN_POINT('',(-26.523115093,-9.439518395,46.046610044));
#7390=VERTEX_POINT('',#7389);
#7391=CARTESIAN_POINT('',(-26.523115093,-12.153389956,48.760481605));
#7392=DIRECTION('',(0.,0.707106781,-0.707106781));
#7393=VECTOR('',#7392,3.837993968);
#7394=LINE('',#7391,#7393);
#7395=EDGE_CURVE('',#7382,#7390,#7394,.T.);
#7396=ORIENTED_EDGE('',*,*,#7395,.T.);
#7397=CARTESIAN_POINT('',(-23.923115093,-9.439518395,46.046610044));
#7398=VERTEX_POINT('',#7397);
#7399=CARTESIAN_POINT('',(-26.523115093,-9.439518395,46.046610044));
#7400=DIRECTION('',(1.,-0.,-0.));
#7401=VECTOR('',#7400,2.6);
#7402=LINE('',#7399,#7401);
#7403=EDGE_CURVE('',#7390,#7398,#7402,.T.);
#7404=ORIENTED_EDGE('',*,*,#7403,.T.);
#7405=CARTESIAN_POINT('',(-23.923115093,-12.153389956,48.760481605));
#7406=DIRECTION('',(0.,0.707106781,-0.707106781));
#7407=VECTOR('',#7406,3.837993968);
#7408=LINE('',#7405,#7407);
#7409=EDGE_CURVE('',#7380,#7398,#7408,.T.);
#7410=ORIENTED_EDGE('',*,*,#7409,.F.);
#7411=EDGE_LOOP('',(#7388,#7396,#7404,#7410));
#7412=FACE_BOUND('',#7411,.T.);
#7413=ADVANCED_FACE('',(#7412),#7378,.F.);
#7414=CARTESIAN_POINT('',(-23.923115093,-4.935957438,49.135957438));
#7415=DIRECTION('',(0.,-0.707106781,0.707106781));
#7416=DIRECTION('',(0.,-0.707106781,-0.707106781));
#7417=AXIS2_PLACEMENT_3D('',#7414,#7415,#7416);
#7418=PLANE('',#7417);
#7419=CARTESIAN_POINT('',(-23.923115093,-8.025304833,46.046610044));
#7420=VERTEX_POINT('',#7419);
#7421=CARTESIAN_POINT('',(-26.523115093,-8.025304833,46.046610044));
#7422=VERTEX_POINT('',#7421);
#7423=CARTESIAN_POINT('',(-23.923115093,-8.025304833,46.046610044));
#7424=DIRECTION('',(-1.,0.,0.));
#7425=VECTOR('',#7424,2.6);
#7426=LINE('',#7423,#7425);
#7427=EDGE_CURVE('',#7420,#7422,#7426,.T.);
#7428=ORIENTED_EDGE('',*,*,#7427,.T.);
#7429=CARTESIAN_POINT('',(-26.523115093,-1.846610044,52.225304833));
#7430=VERTEX_POINT('',#7429);
#7431=CARTESIAN_POINT('',(-26.523115093,-8.025304833,46.046610044));
#7432=DIRECTION('',(0.,0.707106781,0.707106781));
#7433=VECTOR('',#7432,8.737993968);
#7434=LINE('',#7431,#7433);
#7435=EDGE_CURVE('',#7422,#7430,#7434,.T.);
#7436=ORIENTED_EDGE('',*,*,#7435,.T.);
#7437=CARTESIAN_POINT('',(-23.923115093,-1.846610044,52.225304833));
#7438=VERTEX_POINT('',#7437);
#7439=CARTESIAN_POINT('',(-26.523115093,-1.846610044,52.225304833));
#7440=DIRECTION('',(1.,-0.,-0.));
#7441=VECTOR('',#7440,2.6);
#7442=LINE('',#7439,#7441);
#7443=EDGE_CURVE('',#7430,#7438,#7442,.T.);
#7444=ORIENTED_EDGE('',*,*,#7443,.T.);
#7445=CARTESIAN_POINT('',(-23.923115093,-8.025304833,46.046610044));
#7446=DIRECTION('',(0.,0.707106781,0.707106781));
#7447=VECTOR('',#7446,8.737993968);
#7448=LINE('',#7445,#7447);
#7449=EDGE_CURVE('',#7420,#7438,#7448,.T.);
#7450=ORIENTED_EDGE('',*,*,#7449,.F.);
#7451=EDGE_LOOP('',(#7428,#7436,#7444,#7450));
#7452=FACE_BOUND('',#7451,.T.);
#7453=ADVANCED_FACE('',(#7452),#7418,.F.);
#7454=CARTESIAN_POINT('',(-23.923115093,0.,0.));
#7455=DIRECTION('',(1.,0.,0.));
#7456=DIRECTION('',(0.,1.,0.));
#7457=AXIS2_PLACEMENT_3D('',#7454,#7455,#7456);
#7458=PLANE('',#7457);
#7459=ORIENTED_EDGE('',*,*,#7449,.T.);
#7460=CARTESIAN_POINT('',(-23.923115093,-2.553716825,52.932411614));
#7461=DIRECTION('',(1.,0.,0.));
#7462=DIRECTION('',(0.,0.,-1.));
#7463=AXIS2_PLACEMENT_3D('',#7460,#7461,#7462);
#7464=CIRCLE('',#7463,1.);
#7465=EDGE_CURVE('',#7438,#7279,#7464,.T.);
#7466=ORIENTED_EDGE('',*,*,#7465,.T.);
#7467=ORIENTED_EDGE('',*,*,#7329,.F.);
#7468=CARTESIAN_POINT('',(-23.923115093,-5.267588386,56.646283175));
#7469=VERTEX_POINT('',#7468);
#7470=CARTESIAN_POINT('',(-23.923115093,-5.267588386,55.646283175));
#7471=DIRECTION('',(1.,0.,0.));
#7472=DIRECTION('',(0.,0.,-1.));
#7473=AXIS2_PLACEMENT_3D('',#7470,#7471,#7472);
#7474=CIRCLE('',#7473,1.);
#7475=EDGE_CURVE('',#7318,#7469,#7474,.T.);
#7476=ORIENTED_EDGE('',*,*,#7475,.T.);
#7477=CARTESIAN_POINT('',(-23.923115093,-5.267588386,55.646283175));
#7478=DIRECTION('',(1.,0.,0.));
#7479=DIRECTION('',(0.,0.,-1.));
#7480=AXIS2_PLACEMENT_3D('',#7477,#7478,#7479);
#7481=CIRCLE('',#7480,1.);
#7482=EDGE_CURVE('',#7469,#7340,#7481,.T.);
#7483=ORIENTED_EDGE('',*,*,#7482,.T.);
#7484=ORIENTED_EDGE('',*,*,#7369,.F.);
#7485=CARTESIAN_POINT('',(-23.923115093,-11.446283175,49.467588386));
#7486=DIRECTION('',(1.,0.,0.));
#7487=DIRECTION('',(0.,0.,-1.));
#7488=AXIS2_PLACEMENT_3D('',#7485,#7486,#7487);
#7489=CIRCLE('',#7488,1.);
#7490=EDGE_CURVE('',#7358,#7380,#7489,.T.);
#7491=ORIENTED_EDGE('',*,*,#7490,.T.);
#7492=ORIENTED_EDGE('',*,*,#7409,.T.);
#7493=CARTESIAN_POINT('',(-23.923115093,-8.732411614,46.753716825));
#7494=DIRECTION('',(1.,0.,0.));
#7495=DIRECTION('',(0.,0.,-1.));
#7496=AXIS2_PLACEMENT_3D('',#7493,#7494,#7495);
#7497=CIRCLE('',#7496,1.);
#7498=EDGE_CURVE('',#7398,#7420,#7497,.T.);
#7499=ORIENTED_EDGE('',*,*,#7498,.T.);
#7500=EDGE_LOOP('',(#7459,#7466,#7467,#7476,#7483,#7484,#7491,#7492,#7499));
#7501=FACE_BOUND('',#7500,.T.);
#7502=ADVANCED_FACE('',(#7501),#7458,.T.);
#7503=CARTESIAN_POINT('',(-23.923115093,-2.553716825,52.932411614));
#7504=DIRECTION('',(1.,0.,0.));
#7505=DIRECTION('',(0.,0.,-1.));
#7506=AXIS2_PLACEMENT_3D('',#7503,#7504,#7505);
#7507=CYLINDRICAL_SURFACE('',#7506,1.);
#7508=ORIENTED_EDGE('',*,*,#7443,.F.);
#7509=CARTESIAN_POINT('',(-26.523115093,-1.684370696,53.426615326));
#7510=VERTEX_POINT('',#7509);
#7511=CARTESIAN_POINT('',(-26.523115093,-2.553716825,52.932411614));
#7512=DIRECTION('',(1.,0.,0.));
#7513=DIRECTION('',(0.,0.,-1.));
#7514=AXIS2_PLACEMENT_3D('',#7511,#7512,#7513);
#7515=CIRCLE('',#7514,1.);
#7516=EDGE_CURVE('',#7430,#7510,#7515,.T.);
#7517=ORIENTED_EDGE('',*,*,#7516,.T.);
#7518=CARTESIAN_POINT('',(-26.523115093,-1.684370696,53.426615326));
#7519=CARTESIAN_POINT('',(-26.523115276,-1.729077345,53.505258098));
#7520=CARTESIAN_POINT('',(-26.564648402,-1.783936977,53.576845324));
#7521=CARTESIAN_POINT('',(-26.601650237,-1.846610044,53.639518395));
#7522=B_SPLINE_CURVE_WITH_KNOTS('',3,(#7518,#7519,#7520,#7521),.UNSPECIFIED.,.F.,.F.,(4,4),(0.001793818,0.002706442),.UNSPECIFIED.);
#7523=EDGE_CURVE('',#7510,#7281,#7522,.T.);
#7524=ORIENTED_EDGE('',*,*,#7523,.T.);
#7525=ORIENTED_EDGE('',*,*,#7286,.F.);
#7526=ORIENTED_EDGE('',*,*,#7465,.F.);
#7527=EDGE_LOOP('',(#7508,#7517,#7524,#7525,#7526));
#7528=FACE_BOUND('',#7527,.T.);
#7529=ADVANCED_FACE('',(#7528),#7507,.T.);
#7530=CARTESIAN_POINT('',(-23.923115093,-11.446283175,49.467588386));
#7531=DIRECTION('',(1.,0.,0.));
#7532=DIRECTION('',(0.,0.,-1.));
#7533=AXIS2_PLACEMENT_3D('',#7530,#7531,#7532);
#7534=CYLINDRICAL_SURFACE('',#7533,1.);
#7535=ORIENTED_EDGE('',*,*,#7363,.F.);
#7536=CARTESIAN_POINT('',(-26.523115093,-11.446283175,49.467588386));
#7537=DIRECTION('',(1.,0.,0.));
#7538=DIRECTION('',(0.,0.,-1.));
#7539=AXIS2_PLACEMENT_3D('',#7536,#7537,#7538);
#7540=CIRCLE('',#7539,1.);
#7541=EDGE_CURVE('',#7350,#7382,#7540,.T.);
#7542=ORIENTED_EDGE('',*,*,#7541,.T.);
#7543=ORIENTED_EDGE('',*,*,#7387,.F.);
#7544=ORIENTED_EDGE('',*,*,#7490,.F.);
#7545=EDGE_LOOP('',(#7535,#7542,#7543,#7544));
#7546=FACE_BOUND('',#7545,.T.);
#7547=ADVANCED_FACE('',(#7546),#7534,.T.);
#7548=CARTESIAN_POINT('',(-23.923115093,27.318996984,46.743996984));
#7549=DIRECTION('',(1.,0.,0.));
#7550=DIRECTION('',(0.,0.,-1.));
#7551=AXIS2_PLACEMENT_3D('',#7548,#7549,#7550);
#7552=CYLINDRICAL_SURFACE('',#7551,1.);
#7553=ORIENTED_EDGE('',*,*,#7152,.F.);
#7554=CARTESIAN_POINT('',(-26.523115093,27.318996984,46.743996984));
#7555=DIRECTION('',(1.,0.,0.));
#7556=DIRECTION('',(0.,0.,-1.));
#7557=AXIS2_PLACEMENT_3D('',#7554,#7555,#7556);
#7558=CIRCLE('',#7557,1.);
#7559=EDGE_CURVE('',#7139,#7171,#7558,.T.);
#7560=ORIENTED_EDGE('',*,*,#7559,.T.);
#7561=ORIENTED_EDGE('',*,*,#7176,.F.);
#7562=ORIENTED_EDGE('',*,*,#7257,.F.);
#7563=EDGE_LOOP('',(#7553,#7560,#7561,#7562));
#7564=FACE_BOUND('',#7563,.T.);
#7565=ADVANCED_FACE('',(#7564),#7552,.T.);
#7566=CARTESIAN_POINT('',(-23.923115093,-8.732411614,46.753716825));
#7567=DIRECTION('',(-1.,0.,0.));
#7568=DIRECTION('',(0.,0.,1.));
#7569=AXIS2_PLACEMENT_3D('',#7566,#7567,#7568);
#7570=CYLINDRICAL_SURFACE('',#7569,1.);
#7571=ORIENTED_EDGE('',*,*,#7403,.F.);
#7572=CARTESIAN_POINT('',(-26.523115093,-8.732411614,45.753716825));
#7573=VERTEX_POINT('',#7572);
#7574=CARTESIAN_POINT('',(-26.523115093,-8.732411614,46.753716825));
#7575=DIRECTION('',(1.,0.,0.));
#7576=DIRECTION('',(0.,0.,-1.));
#7577=AXIS2_PLACEMENT_3D('',#7574,#7575,#7576);
#7578=CIRCLE('',#7577,1.);
#7579=EDGE_CURVE('',#7390,#7573,#7578,.T.);
#7580=ORIENTED_EDGE('',*,*,#7579,.T.);
#7581=CARTESIAN_POINT('',(-26.523115093,-8.732411614,46.753716825));
#7582=DIRECTION('',(1.,0.,0.));
#7583=DIRECTION('',(0.,0.,-1.));
#7584=AXIS2_PLACEMENT_3D('',#7581,#7582,#7583);
#7585=CIRCLE('',#7584,1.);
#7586=EDGE_CURVE('',#7573,#7422,#7585,.T.);
#7587=ORIENTED_EDGE('',*,*,#7586,.T.);
#7588=ORIENTED_EDGE('',*,*,#7427,.F.);
#7589=ORIENTED_EDGE('',*,*,#7498,.F.);
#7590=EDGE_LOOP('',(#7571,#7580,#7587,#7588,#7589));
#7591=FACE_BOUND('',#7590,.T.);
#7592=ADVANCED_FACE('',(#7591),#7570,.T.);
#7593=CARTESIAN_POINT('',(-23.923115093,-5.267588386,55.646283175));
#7594=DIRECTION('',(-1.,0.,0.));
#7595=DIRECTION('',(0.,0.,1.));
#7596=AXIS2_PLACEMENT_3D('',#7593,#7594,#7595);
#7597=CYLINDRICAL_SURFACE('',#7596,1.);
#7598=CARTESIAN_POINT('',(-26.523115093,-5.267588386,56.646283175));
#7599=VERTEX_POINT('',#7598);
#7600=CARTESIAN_POINT('',(-26.523115093,-5.267588386,56.646283175));
#7601=DIRECTION('',(1.,-0.,-0.));
#7602=VECTOR('',#7601,2.6);
#7603=LINE('',#7600,#7602);
#7604=EDGE_CURVE('',#7599,#7469,#7603,.T.);
#7605=ORIENTED_EDGE('',*,*,#7604,.T.);
#7606=ORIENTED_EDGE('',*,*,#7475,.F.);
#7607=ORIENTED_EDGE('',*,*,#7323,.F.);
#7608=CARTESIAN_POINT('',(-26.523115093,-5.267588386,55.646283175));
#7609=DIRECTION('',(1.,0.,0.));
#7610=DIRECTION('',(0.,0.,-1.));
#7611=AXIS2_PLACEMENT_3D('',#7608,#7609,#7610);
#7612=CIRCLE('',#7611,1.);
#7613=EDGE_CURVE('',#7310,#7599,#7612,.T.);
#7614=ORIENTED_EDGE('',*,*,#7613,.T.);
#7615=EDGE_LOOP('',(#7605,#7606,#7607,#7614));
#7616=FACE_BOUND('',#7615,.T.);
#7617=ADVANCED_FACE('',(#7616),#7597,.T.);
#7618=CARTESIAN_POINT('',(-23.923115093,23.481003016,46.743996984));
#7619=DIRECTION('',(-1.,0.,0.));
#7620=DIRECTION('',(0.,0.,1.));
#7621=AXIS2_PLACEMENT_3D('',#7618,#7619,#7620);
#7622=CYLINDRICAL_SURFACE('',#7621,1.);
#7623=ORIENTED_EDGE('',*,*,#7204,.F.);
#7624=CARTESIAN_POINT('',(-26.646607103,23.481003016,47.743996984));
#7625=CARTESIAN_POINT('',(-26.723983185,23.402551065,47.743997105));
#7626=CARTESIAN_POINT('',(-26.830262579,23.328451373,47.7351848));
#7627=CARTESIAN_POINT('',(-26.929282756,23.25474784,47.718065049));
#7628=B_SPLINE_CURVE_WITH_KNOTS('',3,(#7624,#7625,#7626,#7627),.UNSPECIFIED.,.F.,.F.,(4,4),(0.001414549,0.002239292),.UNSPECIFIED.);
#7629=EDGE_CURVE('',#7187,#639,#7628,.T.);
#7630=ORIENTED_EDGE('',*,*,#7629,.T.);
#7631=ORIENTED_EDGE('',*,*,#835,.T.);
#7632=CARTESIAN_POINT('',(-26.523115093,23.481003016,46.743996984));
#7633=DIRECTION('',(1.,0.,0.));
#7634=DIRECTION('',(0.,0.,-1.));
#7635=AXIS2_PLACEMENT_3D('',#7632,#7633,#7634);
#7636=CIRCLE('',#7635,1.);
#7637=EDGE_CURVE('',#711,#7223,#7636,.T.);
#7638=ORIENTED_EDGE('',*,*,#7637,.T.);
#7639=ORIENTED_EDGE('',*,*,#7228,.F.);
#7640=ORIENTED_EDGE('',*,*,#7265,.F.);
#7641=EDGE_LOOP('',(#7623,#7630,#7631,#7638,#7639,#7640));
#7642=FACE_BOUND('',#7641,.T.);
#7643=ADVANCED_FACE('',(#7642),#7622,.T.);
#7644=CARTESIAN_POINT('',(-30.423115093,-14.812392796,50.5));
#7645=DIRECTION('',(0.,0.996917334,0.078459096));
#7646=DIRECTION('',(0.,-0.078459096,0.996917334));
#7647=AXIS2_PLACEMENT_3D('',#7644,#7645,#7646);
#7648=PLANE('',#7647);
#7649=ORIENTED_EDGE('',*,*,#6200,.F.);
#7650=ORIENTED_EDGE('',*,*,#7039,.F.);
#7651=CARTESIAN_POINT('',(-30.423115093,-15.796164131,63.));
#7652=DIRECTION('',(0.,0.078459096,-0.996917334));
#7653=VECTOR('',#7652,25.077304962);
#7654=LINE('',#7651,#7653);
#7655=EDGE_CURVE('',#7028,#4065,#7654,.T.);
#7656=ORIENTED_EDGE('',*,*,#7655,.T.);
#7657=ORIENTED_EDGE('',*,*,#4070,.T.);
#7658=EDGE_LOOP('',(#7649,#7650,#7656,#7657));
#7659=FACE_BOUND('',#7658,.T.);
#7660=ADVANCED_FACE('',(#7659),#7648,.T.);
#7661=CARTESIAN_POINT('',(-30.423115093,-13.608689834,50.5));
#7662=DIRECTION('',(0.,0.996917334,0.078459096));
#7663=DIRECTION('',(0.,-0.078459096,0.996917334));
#7664=AXIS2_PLACEMENT_3D('',#7661,#7662,#7663);
#7665=PLANE('',#7664);
#7666=ORIENTED_EDGE('',*,*,#6688,.T.);
#7667=ORIENTED_EDGE('',*,*,#4086,.F.);
#7668=CARTESIAN_POINT('',(-30.423115093,-14.59246117,63.));
#7669=DIRECTION('',(0.,0.078459096,-0.996917334));
#7670=VECTOR('',#7669,25.077304962);
#7671=LINE('',#7668,#7670);
#7672=EDGE_CURVE('',#7020,#4073,#7671,.T.);
#7673=ORIENTED_EDGE('',*,*,#7672,.F.);
#7674=ORIENTED_EDGE('',*,*,#7025,.T.);
#7675=EDGE_LOOP('',(#7666,#7667,#7673,#7674));
#7676=FACE_BOUND('',#7675,.T.);
#7677=ADVANCED_FACE('',(#7676),#7665,.F.);
#7678=CARTESIAN_POINT('',(-30.423115093,0.,0.));
#7679=DIRECTION('',(-1.,0.,0.));
#7680=DIRECTION('',(0.,-1.,0.));
#7681=AXIS2_PLACEMENT_3D('',#7678,#7679,#7680);
#7682=PLANE('',#7681);
#7683=ORIENTED_EDGE('',*,*,#7655,.F.);
#7684=ORIENTED_EDGE('',*,*,#7033,.F.);
#7685=ORIENTED_EDGE('',*,*,#7672,.T.);
#7686=ORIENTED_EDGE('',*,*,#4078,.T.);
#7687=EDGE_LOOP('',(#7683,#7684,#7685,#7686));
#7688=FACE_BOUND('',#7687,.T.);
#7689=ADVANCED_FACE('',(#7688),#7682,.T.);
#7690=CARTESIAN_POINT('',(-30.423115093,-10.599996173,50.5));
#7691=DIRECTION('',(0.,1.,0.));
#7692=DIRECTION('',(0.,-0.,1.));
#7693=AXIS2_PLACEMENT_3D('',#7690,#7691,#7692);
#7694=PLANE('',#7693);
#7695=ORIENTED_EDGE('',*,*,#6640,.F.);
#7696=ORIENTED_EDGE('',*,*,#6993,.F.);
#7697=CARTESIAN_POINT('',(-30.423115093,-10.599996173,63.));
#7698=DIRECTION('',(0.,0.,-1.));
#7699=VECTOR('',#7698,25.);
#7700=LINE('',#7697,#7699);
#7701=EDGE_CURVE('',#6982,#4129,#7700,.T.);
#7702=ORIENTED_EDGE('',*,*,#7701,.T.);
#7703=ORIENTED_EDGE('',*,*,#4134,.T.);
#7704=EDGE_LOOP('',(#7695,#7696,#7702,#7703));
#7705=FACE_BOUND('',#7704,.T.);
#7706=ADVANCED_FACE('',(#7705),#7694,.T.);
#7707=CARTESIAN_POINT('',(-30.423115093,-9.400003827,50.5));
#7708=DIRECTION('',(0.,1.,-0.));
#7709=DIRECTION('',(0.,0.,1.));
#7710=AXIS2_PLACEMENT_3D('',#7707,#7708,#7709);
#7711=PLANE('',#7710);
#7712=ORIENTED_EDGE('',*,*,#6657,.T.);
#7713=ORIENTED_EDGE('',*,*,#4150,.F.);
#7714=CARTESIAN_POINT('',(-30.423115093,-9.400003827,63.));
#7715=DIRECTION('',(0.,-0.,-1.));
#7716=VECTOR('',#7715,25.);
#7717=LINE('',#7714,#7716);
#7718=EDGE_CURVE('',#6974,#4137,#7717,.T.);
#7719=ORIENTED_EDGE('',*,*,#7718,.F.);
#7720=ORIENTED_EDGE('',*,*,#6979,.T.);
#7721=EDGE_LOOP('',(#7712,#7713,#7719,#7720));
#7722=FACE_BOUND('',#7721,.T.);
#7723=ADVANCED_FACE('',(#7722),#7711,.F.);
#7724=CARTESIAN_POINT('',(-30.423115093,0.,0.));
#7725=DIRECTION('',(-1.,0.,0.));
#7726=DIRECTION('',(0.,-1.,0.));
#7727=AXIS2_PLACEMENT_3D('',#7724,#7725,#7726);
#7728=PLANE('',#7727);
#7729=ORIENTED_EDGE('',*,*,#4142,.T.);
#7730=ORIENTED_EDGE('',*,*,#7701,.F.);
#7731=ORIENTED_EDGE('',*,*,#6987,.F.);
#7732=ORIENTED_EDGE('',*,*,#7718,.T.);
#7733=EDGE_LOOP('',(#7729,#7730,#7731,#7732));
#7734=FACE_BOUND('',#7733,.T.);
#7735=ADVANCED_FACE('',(#7734),#7728,.T.);
#7736=CARTESIAN_POINT('',(-30.423115093,-12.702479831,50.5));
#7737=DIRECTION('',(0.,0.999229036,0.039259816));
#7738=DIRECTION('',(0.,-0.039259816,0.999229036));
#7739=AXIS2_PLACEMENT_3D('',#7736,#7737,#7738);
#7740=PLANE('',#7739);
#7741=ORIENTED_EDGE('',*,*,#6702,.F.);
#7742=ORIENTED_EDGE('',*,*,#7016,.F.);
#7743=CARTESIAN_POINT('',(-30.423115093,-13.193606168,63.));
#7744=DIRECTION('',(0.,0.039259816,-0.999229036));
#7745=VECTOR('',#7744,25.019288965);
#7746=LINE('',#7743,#7745);
#7747=EDGE_CURVE('',#7005,#4097,#7746,.T.);
#7748=ORIENTED_EDGE('',*,*,#7747,.T.);
#7749=ORIENTED_EDGE('',*,*,#4102,.T.);
#7750=EDGE_LOOP('',(#7741,#7742,#7748,#7749));
#7751=FACE_BOUND('',#7750,.T.);
#7752=ADVANCED_FACE('',(#7751),#7740,.T.);
#7753=CARTESIAN_POINT('',(-30.423115093,-11.501561619,50.5));
#7754=DIRECTION('',(0.,0.999229036,0.039259816));
#7755=DIRECTION('',(0.,-0.039259816,0.999229036));
#7756=AXIS2_PLACEMENT_3D('',#7753,#7754,#7755);
#7757=PLANE('',#7756);
#7758=ORIENTED_EDGE('',*,*,#6626,.T.);
#7759=ORIENTED_EDGE('',*,*,#4118,.F.);
#7760=CARTESIAN_POINT('',(-30.423115093,-11.992687957,63.));
#7761=DIRECTION('',(0.,0.039259816,-0.999229036));
#7762=VECTOR('',#7761,25.019288965);
#7763=LINE('',#7760,#7762);
#7764=EDGE_CURVE('',#6997,#4105,#7763,.T.);
#7765=ORIENTED_EDGE('',*,*,#7764,.F.);
#7766=ORIENTED_EDGE('',*,*,#7002,.T.);
#7767=EDGE_LOOP('',(#7758,#7759,#7765,#7766));
#7768=FACE_BOUND('',#7767,.T.);
#7769=ADVANCED_FACE('',(#7768),#7757,.F.);
#7770=CARTESIAN_POINT('',(-30.423115093,0.,0.));
#7771=DIRECTION('',(-1.,0.,0.));
#7772=DIRECTION('',(0.,-1.,0.));
#7773=AXIS2_PLACEMENT_3D('',#7770,#7771,#7772);
#7774=PLANE('',#7773);
#7775=ORIENTED_EDGE('',*,*,#7747,.F.);
#7776=ORIENTED_EDGE('',*,*,#7010,.F.);
#7777=ORIENTED_EDGE('',*,*,#7764,.T.);
#7778=ORIENTED_EDGE('',*,*,#4110,.T.);
#7779=EDGE_LOOP('',(#7775,#7776,#7777,#7778));
#7780=FACE_BOUND('',#7779,.T.);
#7781=ADVANCED_FACE('',(#7780),#7774,.T.);
#7782=CARTESIAN_POINT('',(-30.423115093,27.487616286,49.618051758));
#7783=DIRECTION('',(0.,0.809016994,-0.587785252));
#7784=DIRECTION('',(0.,0.587785252,0.809016994));
#7785=AXIS2_PLACEMENT_3D('',#7782,#7783,#7784);
#7786=PLANE('',#7785);
#7787=ORIENTED_EDGE('',*,*,#5843,.F.);
#7788=ORIENTED_EDGE('',*,*,#5040,.F.);
#7789=CARTESIAN_POINT('',(-30.423115093,35.928624981,61.236103516));
#7790=DIRECTION('',(0.,-0.587785252,-0.809016994));
#7791=VECTOR('',#7790,28.721403477);
#7792=LINE('',#7789,#7791);
#7793=EDGE_CURVE('',#5026,#4632,#7792,.T.);
#7794=ORIENTED_EDGE('',*,*,#7793,.T.);
#7795=ORIENTED_EDGE('',*,*,#4637,.T.);
#7796=EDGE_LOOP('',(#7787,#7788,#7794,#7795));
#7797=FACE_BOUND('',#7796,.T.);
#7798=ADVANCED_FACE('',(#7797),#7786,.T.);
#7799=CARTESIAN_POINT('',(-30.423115093,28.81021137,49.396898799));
#7800=DIRECTION('',(0.,0.809016994,-0.587785252));
#7801=DIRECTION('',(0.,0.587785252,0.809016994));
#7802=AXIS2_PLACEMENT_3D('',#7799,#7800,#7801);
#7803=PLANE('',#7802);
#7804=CARTESIAN_POINT('',(-30.423115093,37.090543034,60.793797598));
#7805=DIRECTION('',(0.,-0.587785252,-0.809016994));
#7806=VECTOR('',#7805,28.174683296);
#7807=LINE('',#7804,#7806);
#7808=EDGE_CURVE('',#5018,#4640,#7807,.T.);
#7809=ORIENTED_EDGE('',*,*,#7808,.F.);
#7810=ORIENTED_EDGE('',*,*,#5023,.T.);
#7811=ORIENTED_EDGE('',*,*,#6599,.T.);
#7812=ORIENTED_EDGE('',*,*,#4653,.F.);
#7813=EDGE_LOOP('',(#7809,#7810,#7811,#7812));
#7814=FACE_BOUND('',#7813,.T.);
#7815=ADVANCED_FACE('',(#7814),#7803,.F.);
#7816=CARTESIAN_POINT('',(-30.423115093,0.,0.));
#7817=DIRECTION('',(-1.,0.,0.));
#7818=DIRECTION('',(0.,-1.,0.));
#7819=AXIS2_PLACEMENT_3D('',#7816,#7817,#7818);
#7820=PLANE('',#7819);
#7821=ORIENTED_EDGE('',*,*,#7793,.F.);
#7822=ORIENTED_EDGE('',*,*,#5032,.T.);
#7823=ORIENTED_EDGE('',*,*,#7808,.T.);
#7824=ORIENTED_EDGE('',*,*,#4645,.T.);
#7825=EDGE_LOOP('',(#7821,#7822,#7823,#7824));
#7826=FACE_BOUND('',#7825,.T.);
#7827=ADVANCED_FACE('',(#7826),#7820,.T.);
#7828=CARTESIAN_POINT('',(-30.423115093,-8.498438381,50.5));
#7829=DIRECTION('',(0.,0.999229036,-0.039259816));
#7830=DIRECTION('',(0.,0.039259816,0.999229036));
#7831=AXIS2_PLACEMENT_3D('',#7828,#7829,#7830);
#7832=PLANE('',#7831);
#7833=ORIENTED_EDGE('',*,*,#6671,.F.);
#7834=ORIENTED_EDGE('',*,*,#6970,.F.);
#7835=CARTESIAN_POINT('',(-30.423115093,-8.007312043,63.));
#7836=DIRECTION('',(0.,-0.039259816,-0.999229036));
#7837=VECTOR('',#7836,25.019288965);
#7838=LINE('',#7835,#7837);
#7839=EDGE_CURVE('',#6959,#4161,#7838,.T.);
#7840=ORIENTED_EDGE('',*,*,#7839,.T.);
#7841=ORIENTED_EDGE('',*,*,#4166,.T.);
#7842=EDGE_LOOP('',(#7833,#7834,#7840,#7841));
#7843=FACE_BOUND('',#7842,.T.);
#7844=ADVANCED_FACE('',(#7843),#7832,.T.);
#7845=CARTESIAN_POINT('',(-30.423115093,-7.297520169,50.5));
#7846=DIRECTION('',(0.,0.999229036,-0.039259816));
#7847=DIRECTION('',(0.,0.039259816,0.999229036));
#7848=AXIS2_PLACEMENT_3D('',#7845,#7846,#7847);
#7849=PLANE('',#7848);
#7850=ORIENTED_EDGE('',*,*,#6571,.T.);
#7851=ORIENTED_EDGE('',*,*,#4182,.F.);
#7852=CARTESIAN_POINT('',(-30.423115093,-6.806393832,63.));
#7853=DIRECTION('',(0.,-0.039259816,-0.999229036));
#7854=VECTOR('',#7853,25.019288965);
#7855=LINE('',#7852,#7854);
#7856=EDGE_CURVE('',#6951,#4169,#7855,.T.);
#7857=ORIENTED_EDGE('',*,*,#7856,.F.);
#7858=ORIENTED_EDGE('',*,*,#6956,.T.);
#7859=EDGE_LOOP('',(#7850,#7851,#7857,#7858));
#7860=FACE_BOUND('',#7859,.T.);
#7861=ADVANCED_FACE('',(#7860),#7849,.F.);
#7862=CARTESIAN_POINT('',(-30.423115093,0.,0.));
#7863=DIRECTION('',(-1.,0.,0.));
#7864=DIRECTION('',(0.,-1.,0.));
#7865=AXIS2_PLACEMENT_3D('',#7862,#7863,#7864);
#7866=PLANE('',#7865);
#7867=ORIENTED_EDGE('',*,*,#7839,.F.);
#7868=ORIENTED_EDGE('',*,*,#6964,.F.);
#7869=ORIENTED_EDGE('',*,*,#7856,.T.);
#7870=ORIENTED_EDGE('',*,*,#4174,.T.);
#7871=EDGE_LOOP('',(#7867,#7868,#7869,#7870));
#7872=FACE_BOUND('',#7871,.T.);
#7873=ADVANCED_FACE('',(#7872),#7866,.T.);
#7874=CARTESIAN_POINT('',(-30.423115093,9.097667708,50.5));
#7875=DIRECTION('',(0.,0.938191336,-0.346117057));
#7876=DIRECTION('',(0.,0.346117057,0.938191336));
#7877=AXIS2_PLACEMENT_3D('',#7874,#7875,#7876);
#7878=PLANE('',#7877);
#7879=ORIENTED_EDGE('',*,*,#6135,.F.);
#7880=ORIENTED_EDGE('',*,*,#6795,.F.);
#7881=CARTESIAN_POINT('',(-30.423115093,13.709161172,63.));
#7882=DIRECTION('',(0.,-0.346117057,-0.938191336));
#7883=VECTOR('',#7882,26.647016491);
#7884=LINE('',#7881,#7883);
#7885=EDGE_CURVE('',#6784,#4408,#7884,.T.);
#7886=ORIENTED_EDGE('',*,*,#7885,.T.);
#7887=ORIENTED_EDGE('',*,*,#4413,.T.);
#7888=EDGE_LOOP('',(#7879,#7880,#7886,#7887));
#7889=FACE_BOUND('',#7888,.T.);
#7890=ADVANCED_FACE('',(#7889),#7878,.T.);
#7891=CARTESIAN_POINT('',(-30.423115093,10.376716343,50.5));
#7892=DIRECTION('',(0.,0.938191336,-0.346117057));
#7893=DIRECTION('',(0.,0.346117057,0.938191336));
#7894=AXIS2_PLACEMENT_3D('',#7891,#7892,#7893);
#7895=PLANE('',#7894);
#7896=ORIENTED_EDGE('',*,*,#6540,.T.);
#7897=ORIENTED_EDGE('',*,*,#4429,.F.);
#7898=CARTESIAN_POINT('',(-30.423115093,14.988209806,63.));
#7899=DIRECTION('',(0.,-0.346117057,-0.938191336));
#7900=VECTOR('',#7899,26.647016491);
#7901=LINE('',#7898,#7900);
#7902=EDGE_CURVE('',#6776,#4416,#7901,.T.);
#7903=ORIENTED_EDGE('',*,*,#7902,.F.);
#7904=ORIENTED_EDGE('',*,*,#6781,.T.);
#7905=EDGE_LOOP('',(#7896,#7897,#7903,#7904));
#7906=FACE_BOUND('',#7905,.T.);
#7907=ADVANCED_FACE('',(#7906),#7895,.F.);
#7908=CARTESIAN_POINT('',(-30.423115093,0.,0.));
#7909=DIRECTION('',(-1.,0.,0.));
#7910=DIRECTION('',(0.,-1.,0.));
#7911=AXIS2_PLACEMENT_3D('',#7908,#7909,#7910);
#7912=PLANE('',#7911);
#7913=ORIENTED_EDGE('',*,*,#7885,.F.);
#7914=ORIENTED_EDGE('',*,*,#6789,.F.);
#7915=ORIENTED_EDGE('',*,*,#7902,.T.);
#7916=ORIENTED_EDGE('',*,*,#4421,.T.);
#7917=EDGE_LOOP('',(#7913,#7914,#7915,#7916));
#7918=FACE_BOUND('',#7917,.T.);
#7919=ADVANCED_FACE('',(#7918),#7912,.T.);
#7920=CARTESIAN_POINT('',(-30.423115093,-6.391310166,50.5));
#7921=DIRECTION('',(0.,0.996917334,-0.078459096));
#7922=DIRECTION('',(0.,0.078459096,0.996917334));
#7923=AXIS2_PLACEMENT_3D('',#7920,#7921,#7922);
#7924=PLANE('',#7923);
#7925=ORIENTED_EDGE('',*,*,#6585,.F.);
#7926=ORIENTED_EDGE('',*,*,#6947,.F.);
#7927=CARTESIAN_POINT('',(-30.423115093,-5.40753883,63.));
#7928=DIRECTION('',(0.,-0.078459096,-0.996917334));
#7929=VECTOR('',#7928,25.077304962);
#7930=LINE('',#7927,#7929);
#7931=EDGE_CURVE('',#6936,#4193,#7930,.T.);
#7932=ORIENTED_EDGE('',*,*,#7931,.T.);
#7933=ORIENTED_EDGE('',*,*,#4198,.T.);
#7934=EDGE_LOOP('',(#7925,#7926,#7932,#7933));
#7935=FACE_BOUND('',#7934,.T.);
#7936=ADVANCED_FACE('',(#7935),#7924,.T.);
#7937=CARTESIAN_POINT('',(-30.423115093,-5.187607204,50.5));
#7938=DIRECTION('',(0.,0.996917334,-0.078459096));
#7939=DIRECTION('',(0.,0.078459096,0.996917334));
#7940=AXIS2_PLACEMENT_3D('',#7937,#7938,#7939);
#7941=PLANE('',#7940);
#7942=ORIENTED_EDGE('',*,*,#6509,.T.);
#7943=ORIENTED_EDGE('',*,*,#4214,.F.);
#7944=CARTESIAN_POINT('',(-30.423115093,-4.203835869,63.));
#7945=DIRECTION('',(0.,-0.078459096,-0.996917334));
#7946=VECTOR('',#7945,25.077304962);
#7947=LINE('',#7944,#7946);
#7948=EDGE_CURVE('',#6928,#4201,#7947,.T.);
#7949=ORIENTED_EDGE('',*,*,#7948,.F.);
#7950=ORIENTED_EDGE('',*,*,#6933,.T.);
#7951=EDGE_LOOP('',(#7942,#7943,#7949,#7950));
#7952=FACE_BOUND('',#7951,.T.);
#7953=ADVANCED_FACE('',(#7952),#7941,.F.);
#7954=CARTESIAN_POINT('',(-30.423115093,0.,0.));
#7955=DIRECTION('',(-1.,0.,0.));
#7956=DIRECTION('',(0.,-1.,0.));
#7957=AXIS2_PLACEMENT_3D('',#7954,#7955,#7956);
#7958=PLANE('',#7957);
#7959=ORIENTED_EDGE('',*,*,#7931,.F.);
#7960=ORIENTED_EDGE('',*,*,#6941,.F.);
#7961=ORIENTED_EDGE('',*,*,#7948,.T.);
#7962=ORIENTED_EDGE('',*,*,#4206,.T.);
#7963=EDGE_LOOP('',(#7959,#7960,#7961,#7962));
#7964=FACE_BOUND('',#7963,.T.);
#7965=ADVANCED_FACE('',(#7964),#7958,.T.);
#7966=CARTESIAN_POINT('',(-30.423115093,0.,0.));
#7967=DIRECTION('',(-1.,0.,0.));
#7968=DIRECTION('',(0.,-1.,0.));
#7969=AXIS2_PLACEMENT_3D('',#7966,#7967,#7968);
#7970=PLANE('',#7969);
#7971=ORIENTED_EDGE('',*,*,#5201,.F.);
#7972=CARTESIAN_POINT('',(-30.423115093,50.,50.));
#7973=DIRECTION('',(-1.,0.,0.));
#7974=DIRECTION('',(0.,-0.999672951,0.025573262));
#7975=AXIS2_PLACEMENT_3D('',#7972,#7973,#7974);
#7976=CIRCLE('',#7975,6.);
#7977=EDGE_CURVE('',#5218,#5188,#7976,.T.);
#7978=ORIENTED_EDGE('',*,*,#7977,.F.);
#7979=ORIENTED_EDGE('',*,*,#5225,.T.);
#7980=ORIENTED_EDGE('',*,*,#5947,.F.);
#7981=EDGE_LOOP('',(#7971,#7978,#7979,#7980));
#7982=FACE_BOUND('',#7981,.T.);
#7983=ADVANCED_FACE('',(#7982),#7970,.T.);
#7984=CARTESIAN_POINT('',(-30.423115093,-19.059044109,50.361105992));
#7985=DIRECTION('',(0.,0.987688341,0.156434465));
#7986=DIRECTION('',(0.,-0.156434465,0.987688341));
#7987=AXIS2_PLACEMENT_3D('',#7984,#7985,#7986);
#7988=PLANE('',#7987);
#7989=ORIENTED_EDGE('',*,*,#6389,.F.);
#7990=CARTESIAN_POINT('',(-38.923115093,-20.96649125,62.404253272));
#7991=DIRECTION('',(1.,-0.,-0.));
#7992=VECTOR('',#7991,8.5);
#7993=LINE('',#7990,#7992);
#7994=EDGE_CURVE('',#6377,#2889,#7993,.T.);
#7995=ORIENTED_EDGE('',*,*,#7994,.T.);
#7996=ORIENTED_EDGE('',*,*,#2894,.T.);
#7997=CARTESIAN_POINT('',(-32.923115093,-19.445259166,52.799571894));
#7998=VERTEX_POINT('',#7997);
#7999=CARTESIAN_POINT('',(-32.923115093,-19.445259166,52.799571894));
#8000=DIRECTION('',(1.,0.,-0.));
#8001=VECTOR('',#8000,2.5);
#8002=LINE('',#7999,#8001);
#8003=EDGE_CURVE('',#7998,#2878,#8002,.T.);
#8004=ORIENTED_EDGE('',*,*,#8003,.F.);
#8005=CARTESIAN_POINT('',(-32.923115093,-18.366511185,45.988625194));
#8006=VERTEX_POINT('',#8005);
#8007=CARTESIAN_POINT('',(-32.923115093,-19.445259166,52.799571894));
#8008=DIRECTION('',(0.,0.156434465,-0.987688341));
#8009=VECTOR('',#8008,6.895846007);
#8010=LINE('',#8007,#8009);
#8011=EDGE_CURVE('',#7998,#8006,#8010,.T.);
#8012=ORIENTED_EDGE('',*,*,#8011,.T.);
#8013=CARTESIAN_POINT('',(-30.423115093,-18.366511185,45.988625194));
#8014=VERTEX_POINT('',#8013);
#8015=CARTESIAN_POINT('',(-30.423115093,-18.366511185,45.988625194));
#8016=DIRECTION('',(-1.,-0.,0.));
#8017=VECTOR('',#8016,2.5);
#8018=LINE('',#8015,#8017);
#8019=EDGE_CURVE('',#8014,#8006,#8018,.T.);
#8020=ORIENTED_EDGE('',*,*,#8019,.F.);
#8021=CARTESIAN_POINT('',(-30.423115093,-18.366511185,45.988625194));
#8022=DIRECTION('',(0.,0.156434465,-0.987688341));
#8023=VECTOR('',#8022,8.088204412);
#8024=LINE('',#8021,#8023);
#8025=EDGE_CURVE('',#8014,#4001,#8024,.T.);
#8026=ORIENTED_EDGE('',*,*,#8025,.T.);
#8027=ORIENTED_EDGE('',*,*,#4006,.T.);
#8028=EDGE_LOOP('',(#7989,#7995,#7996,#8004,#8012,#8020,#8026,#8027));
#8029=FACE_BOUND('',#8028,.T.);
#8030=ADVANCED_FACE('',(#8029),#7988,.T.);
#8031=CARTESIAN_POINT('',(-30.423115093,-17.866092356,50.5));
#8032=DIRECTION('',(0.,0.987688341,0.156434465));
#8033=DIRECTION('',(0.,-0.156434465,0.987688341));
#8034=AXIS2_PLACEMENT_3D('',#8031,#8032,#8033);
#8035=PLANE('',#8034);
#8036=CARTESIAN_POINT('',(-32.923115093,-18.190088769,52.545632846));
#8037=VERTEX_POINT('',#8036);
#8038=CARTESIAN_POINT('',(-32.923115093,-17.251244682,46.618004564));
#8039=VERTEX_POINT('',#8038);
#8040=CARTESIAN_POINT('',(-32.923115093,-18.190088769,52.545632846));
#8041=DIRECTION('',(0.,0.156434465,-0.987688341));
#8042=VECTOR('',#8041,6.001516914);
#8043=LINE('',#8040,#8042);
#8044=EDGE_CURVE('',#8037,#8039,#8043,.T.);
#8045=ORIENTED_EDGE('',*,*,#8044,.F.);
#8046=CARTESIAN_POINT('',(-32.923115093,-18.190088769,52.545632846));
#8047=DIRECTION('',(1.,0.,-0.));
#8048=VECTOR('',#8047,2.5);
#8049=LINE('',#8046,#8048);
#8050=EDGE_CURVE('',#8037,#2880,#8049,.T.);
#8051=ORIENTED_EDGE('',*,*,#8050,.T.);
#8052=ORIENTED_EDGE('',*,*,#2935,.F.);
#8053=ORIENTED_EDGE('',*,*,#7069,.T.);
#8054=ORIENTED_EDGE('',*,*,#6436,.T.);
#8055=ORIENTED_EDGE('',*,*,#4022,.F.);
#8056=CARTESIAN_POINT('',(-30.423115093,-17.251244682,46.618004564));
#8057=VERTEX_POINT('',#8056);
#8058=CARTESIAN_POINT('',(-30.423115093,-17.251244682,46.618004564));
#8059=DIRECTION('',(0.,0.156434465,-0.987688341));
#8060=VECTOR('',#8059,8.725429075);
#8061=LINE('',#8058,#8060);
#8062=EDGE_CURVE('',#8057,#4009,#8061,.T.);
#8063=ORIENTED_EDGE('',*,*,#8062,.F.);
#8064=CARTESIAN_POINT('',(-30.423115093,-17.251244682,46.618004564));
#8065=DIRECTION('',(-1.,-0.,0.));
#8066=VECTOR('',#8065,2.5);
#8067=LINE('',#8064,#8066);
#8068=EDGE_CURVE('',#8057,#8039,#8067,.T.);
#8069=ORIENTED_EDGE('',*,*,#8068,.T.);
#8070=EDGE_LOOP('',(#8045,#8051,#8052,#8053,#8054,#8055,#8063,#8069));
#8071=FACE_BOUND('',#8070,.T.);
#8072=ADVANCED_FACE('',(#8071),#8035,.F.);
#8073=CARTESIAN_POINT('',(-30.423115093,0.,0.));
#8074=DIRECTION('',(-1.,0.,0.));
#8075=DIRECTION('',(0.,-1.,0.));
#8076=AXIS2_PLACEMENT_3D('',#8073,#8074,#8075);
#8077=PLANE('',#8076);
#8078=CARTESIAN_POINT('',(-30.423115093,-19.5,49.3));
#8079=DIRECTION('',(-1.,0.,0.));
#8080=DIRECTION('',(0.,0.,1.));
#8081=AXIS2_PLACEMENT_3D('',#8078,#8079,#8080);
#8082=CIRCLE('',#8081,3.5);
#8083=EDGE_CURVE('',#8057,#8014,#8082,.T.);
#8084=ORIENTED_EDGE('',*,*,#8083,.F.);
#8085=ORIENTED_EDGE('',*,*,#8062,.T.);
#8086=ORIENTED_EDGE('',*,*,#4014,.T.);
#8087=ORIENTED_EDGE('',*,*,#8025,.F.);
#8088=EDGE_LOOP('',(#8084,#8085,#8086,#8087));
#8089=FACE_BOUND('',#8088,.T.);
#8090=ADVANCED_FACE('',(#8089),#8077,.T.);
#8091=CARTESIAN_POINT('',(-30.423115093,19.272502552,50.497751524));
#8092=DIRECTION('',(0.,0.872496007,-0.488621241));
#8093=DIRECTION('',(0.,0.488621241,0.872496007));
#8094=AXIS2_PLACEMENT_3D('',#8091,#8092,#8093);
#8095=PLANE('',#8094);
#8096=CARTESIAN_POINT('',(-32.923115093,21.75884213,54.937430297));
#8097=VERTEX_POINT('',#8096);
#8098=CARTESIAN_POINT('',(-32.923115093,21.75884213,54.937430297));
#8099=DIRECTION('',(1.,0.,-0.));
#8100=VECTOR('',#8099,2.5);
#8101=LINE('',#8098,#8100);
#8102=EDGE_CURVE('',#8097,#1182,#8101,.T.);
#8103=ORIENTED_EDGE('',*,*,#8102,.F.);
#8104=CARTESIAN_POINT('',(-32.923115093,18.513352934,49.142192342));
#8105=VERTEX_POINT('',#8104);
#8106=CARTESIAN_POINT('',(-32.923115093,21.75884213,54.937430297));
#8107=DIRECTION('',(0.,-0.488621241,-0.872496007));
#8108=VECTOR('',#8107,6.642136937);
#8109=LINE('',#8106,#8108);
#8110=EDGE_CURVE('',#8097,#8105,#8109,.T.);
#8111=ORIENTED_EDGE('',*,*,#8110,.T.);
#8112=CARTESIAN_POINT('',(-30.423115093,18.513352934,49.142192342));
#8113=VERTEX_POINT('',#8112);
#8114=CARTESIAN_POINT('',(-30.423115093,18.513352934,49.142192342));
#8115=DIRECTION('',(-1.,-0.,0.));
#8116=VECTOR('',#8115,2.5);
#8117=LINE('',#8114,#8116);
#8118=EDGE_CURVE('',#8113,#8105,#8117,.T.);
#8119=ORIENTED_EDGE('',*,*,#8118,.F.);
#8120=CARTESIAN_POINT('',(-30.423115093,18.513352934,49.142192342));
#8121=DIRECTION('',(0.,-0.488621241,-0.872496007));
#8122=VECTOR('',#8121,12.770479465);
#8123=LINE('',#8120,#8122);
#8124=EDGE_CURVE('',#8113,#4536,#8123,.T.);
#8125=ORIENTED_EDGE('',*,*,#8124,.T.);
#8126=ORIENTED_EDGE('',*,*,#4541,.T.);
#8127=ORIENTED_EDGE('',*,*,#5775,.F.);
#8128=ORIENTED_EDGE('',*,*,#5122,.F.);
#8129=ORIENTED_EDGE('',*,*,#1198,.T.);
#8130=EDGE_LOOP('',(#8103,#8111,#8119,#8125,#8126,#8127,#8128,#8129));
#8131=FACE_BOUND('',#8130,.T.);
#8132=ADVANCED_FACE('',(#8131),#8095,.T.);
#8133=CARTESIAN_POINT('',(-30.423115093,20.632966534,50.471160468));
#8134=DIRECTION('',(0.,0.872496007,-0.488621241));
#8135=DIRECTION('',(0.,0.488621241,0.872496007));
#8136=AXIS2_PLACEMENT_3D('',#8133,#8134,#8135);
#8137=PLANE('',#8136);
#8138=CARTESIAN_POINT('',(-32.923115093,22.892627291,54.506075082));
#8139=VERTEX_POINT('',#8138);
#8140=CARTESIAN_POINT('',(-32.923115093,19.473544835,48.400864057));
#8141=VERTEX_POINT('',#8140);
#8142=CARTESIAN_POINT('',(-32.923115093,22.892627291,54.506075082));
#8143=DIRECTION('',(0.,-0.488621241,-0.872496007));
#8144=VECTOR('',#8143,6.997408556);
#8145=LINE('',#8142,#8144);
#8146=EDGE_CURVE('',#8139,#8141,#8145,.T.);
#8147=ORIENTED_EDGE('',*,*,#8146,.F.);
#8148=CARTESIAN_POINT('',(-32.923115093,22.892627291,54.506075082));
#8149=DIRECTION('',(1.,0.,-0.));
#8150=VECTOR('',#8149,2.5);
#8151=LINE('',#8148,#8150);
#8152=EDGE_CURVE('',#8139,#1184,#8151,.T.);
#8153=ORIENTED_EDGE('',*,*,#8152,.T.);
#8154=ORIENTED_EDGE('',*,*,#1213,.F.);
#8155=ORIENTED_EDGE('',*,*,#5113,.T.);
#8156=ORIENTED_EDGE('',*,*,#6412,.T.);
#8157=ORIENTED_EDGE('',*,*,#4557,.F.);
#8158=CARTESIAN_POINT('',(-30.423115093,19.473544835,48.400864057));
#8159=VERTEX_POINT('',#8158);
#8160=CARTESIAN_POINT('',(-30.423115093,19.473544835,48.400864057));
#8161=DIRECTION('',(0.,-0.488621241,-0.872496007));
#8162=VECTOR('',#8161,11.920815651);
#8163=LINE('',#8160,#8162);
#8164=EDGE_CURVE('',#8159,#4544,#8163,.T.);
#8165=ORIENTED_EDGE('',*,*,#8164,.F.);
#8166=CARTESIAN_POINT('',(-30.423115093,19.473544835,48.400864057));
#8167=DIRECTION('',(-1.,-0.,0.));
#8168=VECTOR('',#8167,2.5);
#8169=LINE('',#8166,#8168);
#8170=EDGE_CURVE('',#8159,#8141,#8169,.T.);
#8171=ORIENTED_EDGE('',*,*,#8170,.T.);
#8172=EDGE_LOOP('',(#8147,#8153,#8154,#8155,#8156,#8157,#8165,#8171));
#8173=FACE_BOUND('',#8172,.T.);
#8174=ADVANCED_FACE('',(#8173),#8137,.F.);
#8175=CARTESIAN_POINT('',(-30.423115093,0.,0.));
#8176=DIRECTION('',(-1.,0.,0.));
#8177=DIRECTION('',(0.,-1.,0.));
#8178=AXIS2_PLACEMENT_3D('',#8175,#8176,#8177);
#8179=PLANE('',#8178);
#8180=CARTESIAN_POINT('',(-30.423115093,21.1,51.5));
#8181=DIRECTION('',(-1.,0.,0.));
#8182=DIRECTION('',(0.,0.,1.));
#8183=AXIS2_PLACEMENT_3D('',#8180,#8181,#8182);
#8184=CIRCLE('',#8183,3.5);
#8185=EDGE_CURVE('',#8159,#8113,#8184,.T.);
#8186=ORIENTED_EDGE('',*,*,#8185,.F.);
#8187=ORIENTED_EDGE('',*,*,#8164,.T.);
#8188=ORIENTED_EDGE('',*,*,#4549,.T.);
#8189=ORIENTED_EDGE('',*,*,#8124,.F.);
#8190=EDGE_LOOP('',(#8186,#8187,#8188,#8189));
#8191=FACE_BOUND('',#8190,.T.);
#8192=ADVANCED_FACE('',(#8191),#8179,.T.);
#8193=CARTESIAN_POINT('',(-30.423115093,-19.771828135,49.201776414));
#8194=DIRECTION('',(0.,0.98078528,0.195090322));
#8195=DIRECTION('',(0.,-0.195090322,0.98078528));
#8196=AXIS2_PLACEMENT_3D('',#8193,#8194,#8195);
#8197=PLANE('',#8196);
#8198=CARTESIAN_POINT('',(-32.923115093,-20.46081293,52.665536884));
#8199=VERTEX_POINT('',#8198);
#8200=CARTESIAN_POINT('',(-32.923115093,-19.099740194,45.822962168));
#8201=VERTEX_POINT('',#8200);
#8202=CARTESIAN_POINT('',(-32.923115093,-20.46081293,52.665536884));
#8203=DIRECTION('',(0.,0.195090322,-0.98078528));
#8204=VECTOR('',#8203,6.97662868);
#8205=LINE('',#8202,#8204);
#8206=EDGE_CURVE('',#8199,#8201,#8205,.T.);
#8207=ORIENTED_EDGE('',*,*,#8206,.F.);
#8208=CARTESIAN_POINT('',(-30.423115093,-20.46081293,52.665536884));
#8209=VERTEX_POINT('',#8208);
#8210=CARTESIAN_POINT('',(-32.923115093,-20.46081293,52.665536884));
#8211=DIRECTION('',(1.,0.,-0.));
#8212=VECTOR('',#8211,2.5);
#8213=LINE('',#8210,#8212);
#8214=EDGE_CURVE('',#8199,#8209,#8213,.T.);
#8215=ORIENTED_EDGE('',*,*,#8214,.T.);
#8216=CARTESIAN_POINT('',(-30.423115093,-22.,60.403552829));
#8217=DIRECTION('',(0.,0.195090322,-0.98078528));
#8218=VECTOR('',#8217,7.88961264);
#8219=LINE('',#8216,#8218);
#8220=EDGE_CURVE('',#2790,#8209,#8219,.T.);
#8221=ORIENTED_EDGE('',*,*,#8220,.F.);
#8222=ORIENTED_EDGE('',*,*,#2867,.T.);
#8223=ORIENTED_EDGE('',*,*,#6396,.T.);
#8224=ORIENTED_EDGE('',*,*,#3990,.F.);
#8225=ORIENTED_EDGE('',*,*,#2971,.F.);
#8226=CARTESIAN_POINT('',(-30.423115093,-19.099740194,45.822962168));
#8227=DIRECTION('',(-1.,-0.,0.));
#8228=VECTOR('',#8227,2.5);
#8229=LINE('',#8226,#8228);
#8230=EDGE_CURVE('',#2957,#8201,#8229,.T.);
#8231=ORIENTED_EDGE('',*,*,#8230,.T.);
#8232=EDGE_LOOP('',(#8207,#8215,#8221,#8222,#8223,#8224,#8225,#8231));
#8233=FACE_BOUND('',#8232,.T.);
#8234=ADVANCED_FACE('',(#8233),#8197,.F.);
#8235=CARTESIAN_POINT('',(-30.423115093,-20.383578928,46.126297491));
#8236=DIRECTION('',(0.,0.98078528,0.195090322));
#8237=DIRECTION('',(0.,-0.195090322,0.98078528));
#8238=AXIS2_PLACEMENT_3D('',#8235,#8236,#8237);
#8239=PLANE('',#8238);
#8240=ORIENTED_EDGE('',*,*,#6026,.F.);
#8241=CARTESIAN_POINT('',(-30.423115093,-21.801921472,53.256786976));
#8242=VERTEX_POINT('',#8241);
#8243=CARTESIAN_POINT('',(-38.923115093,-21.801921472,53.256786976));
#8244=DIRECTION('',(1.,-0.,-0.));
#8245=VECTOR('',#8244,8.5);
#8246=LINE('',#8243,#8245);
#8247=EDGE_CURVE('',#6014,#8242,#8246,.T.);
#8248=ORIENTED_EDGE('',*,*,#8247,.T.);
#8249=CARTESIAN_POINT('',(-30.423115093,-21.648986599,52.487931451));
#8250=VERTEX_POINT('',#8249);
#8251=CARTESIAN_POINT('',(-30.423115093,-21.801921472,53.256786976));
#8252=DIRECTION('',(0.,0.195090322,-0.98078528));
#8253=VECTOR('',#8252,0.783918295);
#8254=LINE('',#8251,#8253);
#8255=EDGE_CURVE('',#8242,#8250,#8254,.T.);
#8256=ORIENTED_EDGE('',*,*,#8255,.T.);
#8257=CARTESIAN_POINT('',(-32.923115093,-21.648986599,52.487931451));
#8258=VERTEX_POINT('',#8257);
#8259=CARTESIAN_POINT('',(-30.423115093,-21.648986599,52.487931451));
#8260=DIRECTION('',(-1.,-0.,0.));
#8261=VECTOR('',#8260,2.5);
#8262=LINE('',#8259,#8261);
#8263=EDGE_CURVE('',#8250,#8258,#8262,.T.);
#8264=ORIENTED_EDGE('',*,*,#8263,.T.);
#8265=CARTESIAN_POINT('',(-32.923115093,-20.338971496,45.902040785));
#8266=VERTEX_POINT('',#8265);
#8267=CARTESIAN_POINT('',(-32.923115093,-21.648986599,52.487931451));
#8268=DIRECTION('',(0.,0.195090322,-0.98078528));
#8269=VECTOR('',#8268,6.714915892);
#8270=LINE('',#8267,#8269);
#8271=EDGE_CURVE('',#8258,#8266,#8270,.T.);
#8272=ORIENTED_EDGE('',*,*,#8271,.T.);
#8273=CARTESIAN_POINT('',(-30.423115093,-20.338971496,45.902040785));
#8274=DIRECTION('',(-1.,-0.,0.));
#8275=VECTOR('',#8274,2.5);
#8276=LINE('',#8273,#8275);
#8277=EDGE_CURVE('',#2948,#8266,#8276,.T.);
#8278=ORIENTED_EDGE('',*,*,#8277,.F.);
#8279=ORIENTED_EDGE('',*,*,#2985,.T.);
#8280=ORIENTED_EDGE('',*,*,#3981,.T.);
#8281=EDGE_LOOP('',(#8240,#8248,#8256,#8264,#8272,#8278,#8279,#8280));
#8282=FACE_BOUND('',#8281,.T.);
#8283=ADVANCED_FACE('',(#8282),#8239,.T.);
#8284=CARTESIAN_POINT('',(-30.423115093,0.,0.));
#8285=DIRECTION('',(-1.,0.,0.));
#8286=DIRECTION('',(0.,-1.,0.));
#8287=AXIS2_PLACEMENT_3D('',#8284,#8285,#8286);
#8288=PLANE('',#8287);
#8289=CARTESIAN_POINT('',(-30.423115093,-21.,52.46227766));
#8290=VERTEX_POINT('',#8289);
#8291=CARTESIAN_POINT('',(-30.423115093,-19.5,49.3));
#8292=DIRECTION('',(-1.,0.,0.));
#8293=DIRECTION('',(0.,0.,1.));
#8294=AXIS2_PLACEMENT_3D('',#8291,#8292,#8293);
#8295=CIRCLE('',#8294,3.5);
#8296=EDGE_CURVE('',#8290,#8209,#8295,.T.);
#8297=ORIENTED_EDGE('',*,*,#8296,.F.);
#8298=CARTESIAN_POINT('',(-30.423115093,-21.3,52.394733192));
#8299=VERTEX_POINT('',#8298);
#8300=CARTESIAN_POINT('',(-30.423115093,-21.3,53.094733192));
#8301=DIRECTION('',(-1.,0.,0.));
#8302=DIRECTION('',(0.,0.,1.));
#8303=AXIS2_PLACEMENT_3D('',#8300,#8301,#8302);
#8304=CIRCLE('',#8303,0.7);
#8305=EDGE_CURVE('',#8290,#8299,#8304,.T.);
#8306=ORIENTED_EDGE('',*,*,#8305,.T.);
#8307=CARTESIAN_POINT('',(-30.423115093,-21.3,53.094733192));
#8308=DIRECTION('',(-1.,0.,0.));
#8309=DIRECTION('',(0.,0.,1.));
#8310=AXIS2_PLACEMENT_3D('',#8307,#8308,#8309);
#8311=CIRCLE('',#8310,0.7);
#8312=EDGE_CURVE('',#8299,#8250,#8311,.T.);
#8313=ORIENTED_EDGE('',*,*,#8312,.T.);
#8314=ORIENTED_EDGE('',*,*,#8255,.F.);
#8315=CARTESIAN_POINT('',(-30.423115093,-21.9,53.237277944));
#8316=DIRECTION('',(1.,-0.,-0.));
#8317=DIRECTION('',(0.,0.,1.));
#8318=AXIS2_PLACEMENT_3D('',#8315,#8316,#8317);
#8319=CIRCLE('',#8318,0.1);
#8320=EDGE_CURVE('',#8242,#2792,#8319,.T.);
#8321=ORIENTED_EDGE('',*,*,#8320,.T.);
#8322=ORIENTED_EDGE('',*,*,#2797,.F.);
#8323=ORIENTED_EDGE('',*,*,#8220,.T.);
#8324=EDGE_LOOP('',(#8297,#8306,#8313,#8314,#8321,#8322,#8323));
#8325=FACE_BOUND('',#8324,.T.);
#8326=ADVANCED_FACE('',(#8325),#8288,.T.);
#8327=CARTESIAN_POINT('',(-30.423115093,2.22716843,50.5));
#8328=DIRECTION('',(0.,0.97236992,-0.233445364));
#8329=DIRECTION('',(0.,0.233445364,0.97236992));
#8330=AXIS2_PLACEMENT_3D('',#8327,#8328,#8329);
#8331=PLANE('',#8330);
#8332=CARTESIAN_POINT('',(-32.923115093,4.166957025,58.579800988));
#8333=VERTEX_POINT('',#8332);
#8334=CARTESIAN_POINT('',(-30.423115093,4.166957025,58.579800988));
#8335=VERTEX_POINT('',#8334);
#8336=CARTESIAN_POINT('',(-32.923115093,4.166957025,58.579800988));
#8337=DIRECTION('',(1.,0.,-0.));
#8338=VECTOR('',#8337,2.5);
#8339=LINE('',#8336,#8338);
#8340=EDGE_CURVE('',#8333,#8335,#8339,.T.);
#8341=ORIENTED_EDGE('',*,*,#8340,.F.);
#8342=CARTESIAN_POINT('',(-32.923115093,3.571256238,56.098528637));
#8343=VERTEX_POINT('',#8342);
#8344=CARTESIAN_POINT('',(-32.923115093,4.166957025,58.579800988));
#8345=DIRECTION('',(0.,-0.233445364,-0.97236992));
#8346=VECTOR('',#8345,2.551778186);
#8347=LINE('',#8344,#8346);
#8348=EDGE_CURVE('',#8333,#8343,#8347,.T.);
#8349=ORIENTED_EDGE('',*,*,#8348,.T.);
#8350=CARTESIAN_POINT('',(-30.423115093,3.571256238,56.098528637));
#8351=VERTEX_POINT('',#8350);
#8352=CARTESIAN_POINT('',(-30.423115093,3.571256238,56.098528637));
#8353=DIRECTION('',(-1.,-0.,0.));
#8354=VECTOR('',#8353,2.5);
#8355=LINE('',#8352,#8354);
#8356=EDGE_CURVE('',#8351,#8343,#8355,.T.);
#8357=ORIENTED_EDGE('',*,*,#8356,.F.);
#8358=CARTESIAN_POINT('',(-30.423115093,3.571256238,56.098528637));
#8359=DIRECTION('',(0.,-0.233445364,-0.97236992));
#8360=VECTOR('',#8359,18.612801833);
#8361=LINE('',#8358,#8360);
#8362=EDGE_CURVE('',#8351,#4312,#8361,.T.);
#8363=ORIENTED_EDGE('',*,*,#8362,.T.);
#8364=ORIENTED_EDGE('',*,*,#4317,.T.);
#8365=ORIENTED_EDGE('',*,*,#6184,.F.);
#8366=ORIENTED_EDGE('',*,*,#6864,.F.);
#8367=CARTESIAN_POINT('',(-30.423115093,5.228152918,63.));
#8368=DIRECTION('',(0.,-0.233445364,-0.97236992));
#8369=VECTOR('',#8368,4.545799823);
#8370=LINE('',#8367,#8369);
#8371=EDGE_CURVE('',#6853,#8335,#8370,.T.);
#8372=ORIENTED_EDGE('',*,*,#8371,.T.);
#8373=EDGE_LOOP('',(#8341,#8349,#8357,#8363,#8364,#8365,#8366,#8372));
#8374=FACE_BOUND('',#8373,.T.);
#8375=ADVANCED_FACE('',(#8374),#8331,.T.);
#8376=CARTESIAN_POINT('',(-30.423115093,3.461258792,50.5));
#8377=DIRECTION('',(0.,0.97236992,-0.233445364));
#8378=DIRECTION('',(0.,0.233445364,0.97236992));
#8379=AXIS2_PLACEMENT_3D('',#8376,#8377,#8378);
#8380=PLANE('',#8379);
#8381=ORIENTED_EDGE('',*,*,#6334,.T.);
#8382=ORIENTED_EDGE('',*,*,#4333,.F.);
#8383=CARTESIAN_POINT('',(-30.423115093,6.46224328,63.));
#8384=DIRECTION('',(0.,-0.233445364,-0.97236992));
#8385=VECTOR('',#8384,25.710379842);
#8386=LINE('',#8383,#8385);
#8387=EDGE_CURVE('',#6845,#4320,#8386,.T.);
#8388=ORIENTED_EDGE('',*,*,#8387,.F.);
#8389=ORIENTED_EDGE('',*,*,#6850,.T.);
#8390=EDGE_LOOP('',(#8381,#8382,#8388,#8389));
#8391=FACE_BOUND('',#8390,.T.);
#8392=ADVANCED_FACE('',(#8391),#8380,.F.);
#8393=CARTESIAN_POINT('',(-30.423115093,0.,0.));
#8394=DIRECTION('',(-1.,0.,0.));
#8395=DIRECTION('',(0.,-1.,0.));
#8396=AXIS2_PLACEMENT_3D('',#8393,#8394,#8395);
#8397=PLANE('',#8396);
#8398=CARTESIAN_POINT('',(-30.423115093,0.7,58.1));
#8399=DIRECTION('',(-1.,0.,0.));
#8400=DIRECTION('',(0.,0.,1.));
#8401=AXIS2_PLACEMENT_3D('',#8398,#8399,#8400);
#8402=CIRCLE('',#8401,3.5);
#8403=EDGE_CURVE('',#8335,#8351,#8402,.T.);
#8404=ORIENTED_EDGE('',*,*,#8403,.F.);
#8405=ORIENTED_EDGE('',*,*,#8371,.F.);
#8406=ORIENTED_EDGE('',*,*,#6858,.F.);
#8407=ORIENTED_EDGE('',*,*,#8387,.T.);
#8408=ORIENTED_EDGE('',*,*,#4325,.T.);
#8409=ORIENTED_EDGE('',*,*,#8362,.F.);
#8410=EDGE_LOOP('',(#8404,#8405,#8406,#8407,#8408,#8409));
#8411=FACE_BOUND('',#8410,.T.);
#8412=ADVANCED_FACE('',(#8411),#8397,.T.);
#8413=CARTESIAN_POINT('',(-30.423115093,11.510994409,50.5));
#8414=DIRECTION('',(0.,0.923879533,-0.382683432));
#8415=DIRECTION('',(0.,0.382683432,0.923879533));
#8416=AXIS2_PLACEMENT_3D('',#8413,#8414,#8415);
#8417=PLANE('',#8416);
#8418=ORIENTED_EDGE('',*,*,#6554,.F.);
#8419=ORIENTED_EDGE('',*,*,#6772,.F.);
#8420=CARTESIAN_POINT('',(-30.423115093,16.688663938,63.));
#8421=DIRECTION('',(0.,-0.382683432,-0.923879533));
#8422=VECTOR('',#8421,27.059805007);
#8423=LINE('',#8420,#8422);
#8424=EDGE_CURVE('',#6761,#4440,#8423,.T.);
#8425=ORIENTED_EDGE('',*,*,#8424,.T.);
#8426=ORIENTED_EDGE('',*,*,#4445,.T.);
#8427=EDGE_LOOP('',(#8418,#8419,#8425,#8426));
#8428=FACE_BOUND('',#8427,.T.);
#8429=ADVANCED_FACE('',(#8428),#8417,.T.);
#8430=CARTESIAN_POINT('',(-30.423115093,12.809856765,50.5));
#8431=DIRECTION('',(0.,0.923879533,-0.382683432));
#8432=DIRECTION('',(0.,0.382683432,0.923879533));
#8433=AXIS2_PLACEMENT_3D('',#8430,#8431,#8432);
#8434=PLANE('',#8433);
#8435=ORIENTED_EDGE('',*,*,#6311,.T.);
#8436=ORIENTED_EDGE('',*,*,#4461,.F.);
#8437=CARTESIAN_POINT('',(-30.423115093,17.987526295,63.));
#8438=DIRECTION('',(0.,-0.382683432,-0.923879533));
#8439=VECTOR('',#8438,27.059805007);
#8440=LINE('',#8437,#8439);
#8441=EDGE_CURVE('',#6753,#4448,#8440,.T.);
#8442=ORIENTED_EDGE('',*,*,#8441,.F.);
#8443=ORIENTED_EDGE('',*,*,#6758,.T.);
#8444=EDGE_LOOP('',(#8435,#8436,#8442,#8443));
#8445=FACE_BOUND('',#8444,.T.);
#8446=ADVANCED_FACE('',(#8445),#8434,.F.);
#8447=CARTESIAN_POINT('',(-30.423115093,0.,0.));
#8448=DIRECTION('',(-1.,0.,0.));
#8449=DIRECTION('',(0.,-1.,0.));
#8450=AXIS2_PLACEMENT_3D('',#8447,#8448,#8449);
#8451=PLANE('',#8450);
#8452=ORIENTED_EDGE('',*,*,#8424,.F.);
#8453=ORIENTED_EDGE('',*,*,#6766,.F.);
#8454=ORIENTED_EDGE('',*,*,#8441,.T.);
#8455=ORIENTED_EDGE('',*,*,#4453,.T.);
#8456=EDGE_LOOP('',(#8452,#8453,#8454,#8455));
#8457=FACE_BOUND('',#8456,.T.);
#8458=ADVANCED_FACE('',(#8457),#8451,.T.);
#8459=CARTESIAN_POINT('',(-30.423115093,0.,0.));
#8460=DIRECTION('',(-1.,0.,0.));
#8461=DIRECTION('',(0.,-1.,0.));
#8462=AXIS2_PLACEMENT_3D('',#8459,#8460,#8461);
#8463=PLANE('',#8462);
#8464=ORIENTED_EDGE('',*,*,#5312,.F.);
#8465=ORIENTED_EDGE('',*,*,#4955,.T.);
#8466=ORIENTED_EDGE('',*,*,#5329,.T.);
#8467=ORIENTED_EDGE('',*,*,#5921,.F.);
#8468=ORIENTED_EDGE('',*,*,#4709,.T.);
#8469=EDGE_LOOP('',(#8464,#8465,#8466,#8467,#8468));
#8470=FACE_BOUND('',#8469,.T.);
#8471=ADVANCED_FACE('',(#8470),#8463,.T.);
#8472=CARTESIAN_POINT('',(-30.423115093,14.003153262,50.5));
#8473=DIRECTION('',(0.,0.908143174,-0.418659738));
#8474=DIRECTION('',(0.,0.418659738,0.908143174));
#8475=AXIS2_PLACEMENT_3D('',#8472,#8473,#8474);
#8476=PLANE('',#8475);
#8477=ORIENTED_EDGE('',*,*,#6302,.F.);
#8478=ORIENTED_EDGE('',*,*,#6749,.F.);
#8479=CARTESIAN_POINT('',(-30.423115093,19.765732192,63.));
#8480=DIRECTION('',(0.,-0.418659738,-0.908143174));
#8481=VECTOR('',#8480,27.528698911);
#8482=LINE('',#8479,#8481);
#8483=EDGE_CURVE('',#6738,#4472,#8482,.T.);
#8484=ORIENTED_EDGE('',*,*,#8483,.T.);
#8485=ORIENTED_EDGE('',*,*,#4477,.T.);
#8486=EDGE_LOOP('',(#8477,#8478,#8484,#8485));
#8487=FACE_BOUND('',#8486,.T.);
#8488=ADVANCED_FACE('',(#8487),#8476,.T.);
#8489=CARTESIAN_POINT('',(-30.423115093,15.324522382,50.5));
#8490=DIRECTION('',(0.,0.908143174,-0.418659738));
#8491=DIRECTION('',(0.,0.418659738,0.908143174));
#8492=AXIS2_PLACEMENT_3D('',#8489,#8490,#8491);
#8493=PLANE('',#8492);
#8494=ORIENTED_EDGE('',*,*,#6271,.T.);
#8495=ORIENTED_EDGE('',*,*,#4493,.F.);
#8496=CARTESIAN_POINT('',(-30.423115093,21.087101312,63.));
#8497=DIRECTION('',(0.,-0.418659738,-0.908143174));
#8498=VECTOR('',#8497,27.528698911);
#8499=LINE('',#8496,#8498);
#8500=EDGE_CURVE('',#6730,#4480,#8499,.T.);
#8501=ORIENTED_EDGE('',*,*,#8500,.F.);
#8502=ORIENTED_EDGE('',*,*,#6735,.T.);
#8503=EDGE_LOOP('',(#8494,#8495,#8501,#8502));
#8504=FACE_BOUND('',#8503,.T.);
#8505=ADVANCED_FACE('',(#8504),#8493,.F.);
#8506=CARTESIAN_POINT('',(-30.423115093,0.,0.));
#8507=DIRECTION('',(-1.,0.,0.));
#8508=DIRECTION('',(0.,-1.,0.));
#8509=AXIS2_PLACEMENT_3D('',#8506,#8507,#8508);
#8510=PLANE('',#8509);
#8511=ORIENTED_EDGE('',*,*,#8483,.F.);
#8512=ORIENTED_EDGE('',*,*,#6743,.F.);
#8513=ORIENTED_EDGE('',*,*,#8500,.T.);
#8514=ORIENTED_EDGE('',*,*,#4485,.T.);
#8515=EDGE_LOOP('',(#8511,#8512,#8513,#8514));
#8516=FACE_BOUND('',#8515,.T.);
#8517=ADVANCED_FACE('',(#8516),#8510,.T.);
#8518=CARTESIAN_POINT('',(-30.423115093,-21.509198075,40.018953638));
#8519=DIRECTION('',(0.,0.962455236,0.27144045));
#8520=DIRECTION('',(0.,-0.27144045,0.962455236));
#8521=AXIS2_PLACEMENT_3D('',#8518,#8519,#8520);
#8522=PLANE('',#8521);
#8523=ORIENTED_EDGE('',*,*,#6255,.T.);
#8524=ORIENTED_EDGE('',*,*,#4796,.F.);
#8525=CARTESIAN_POINT('',(-30.423115093,-22.,41.759205995));
#8526=DIRECTION('',(0.,0.27144045,-0.962455236));
#8527=VECTOR('',#8526,3.616276979);
#8528=LINE('',#8525,#8527);
#8529=EDGE_CURVE('',#7108,#4782,#8528,.T.);
#8530=ORIENTED_EDGE('',*,*,#8529,.F.);
#8531=ORIENTED_EDGE('',*,*,#7113,.T.);
#8532=EDGE_LOOP('',(#8523,#8524,#8530,#8531));
#8533=FACE_BOUND('',#8532,.T.);
#8534=ADVANCED_FACE('',(#8533),#8522,.F.);
#8535=CARTESIAN_POINT('',(-30.423115093,0.,0.));
#8536=DIRECTION('',(-1.,0.,0.));
#8537=DIRECTION('',(0.,-1.,0.));
#8538=AXIS2_PLACEMENT_3D('',#8535,#8536,#8537);
#8539=PLANE('',#8538);
#8540=ORIENTED_EDGE('',*,*,#8529,.T.);
#8541=ORIENTED_EDGE('',*,*,#4788,.T.);
#8542=ORIENTED_EDGE('',*,*,#7119,.F.);
#8543=EDGE_LOOP('',(#8540,#8541,#8542));
#8544=FACE_BOUND('',#8543,.T.);
#8545=ADVANCED_FACE('',(#8544),#8539,.T.);
#8546=CARTESIAN_POINT('',(-30.423115093,-16.936326382,50.5));
#8547=DIRECTION('',(0.,0.993068457,0.117537397));
#8548=DIRECTION('',(0.,-0.117537397,0.993068457));
#8549=AXIS2_PLACEMENT_3D('',#8546,#8547,#8548);
#8550=PLANE('',#8549);
#8551=CARTESIAN_POINT('',(-32.923115093,-17.095293409,51.843105623));
#8552=VERTEX_POINT('',#8551);
#8553=CARTESIAN_POINT('',(-30.423115093,-17.095293409,51.843105623));
#8554=VERTEX_POINT('',#8553);
#8555=CARTESIAN_POINT('',(-32.923115093,-17.095293409,51.843105623));
#8556=DIRECTION('',(1.,0.,-0.));
#8557=VECTOR('',#8556,2.5);
#8558=LINE('',#8555,#8557);
#8559=EDGE_CURVE('',#8552,#8554,#8558,.T.);
#8560=ORIENTED_EDGE('',*,*,#8559,.F.);
#8561=CARTESIAN_POINT('',(-32.923115093,-16.568059426,47.388528193));
#8562=VERTEX_POINT('',#8561);
#8563=CARTESIAN_POINT('',(-32.923115093,-17.095293409,51.843105623));
#8564=DIRECTION('',(0.,0.117537397,-0.993068457));
#8565=VECTOR('',#8564,4.485670045);
#8566=LINE('',#8563,#8565);
#8567=EDGE_CURVE('',#8552,#8562,#8566,.T.);
#8568=ORIENTED_EDGE('',*,*,#8567,.T.);
#8569=CARTESIAN_POINT('',(-30.423115093,-16.568059426,47.388528193));
#8570=VERTEX_POINT('',#8569);
#8571=CARTESIAN_POINT('',(-30.423115093,-16.568059426,47.388528193));
#8572=DIRECTION('',(-1.,-0.,0.));
#8573=VECTOR('',#8572,2.5);
#8574=LINE('',#8571,#8573);
#8575=EDGE_CURVE('',#8570,#8562,#8574,.T.);
#8576=ORIENTED_EDGE('',*,*,#8575,.F.);
#8577=CARTESIAN_POINT('',(-30.423115093,-16.568059426,47.388528193));
#8578=DIRECTION('',(0.,0.117537397,-0.993068457));
#8579=VECTOR('',#8578,9.454059413);
#8580=LINE('',#8577,#8579);
#8581=EDGE_CURVE('',#8570,#4033,#8580,.T.);
#8582=ORIENTED_EDGE('',*,*,#8581,.T.);
#8583=ORIENTED_EDGE('',*,*,#4038,.T.);
#8584=ORIENTED_EDGE('',*,*,#6450,.F.);
#8585=ORIENTED_EDGE('',*,*,#7062,.F.);
#8586=CARTESIAN_POINT('',(-30.423115093,-18.415798878,63.));
#8587=DIRECTION('',(0.,0.117537397,-0.993068457));
#8588=VECTOR('',#8587,11.23476866);
#8589=LINE('',#8586,#8588);
#8590=EDGE_CURVE('',#7051,#8554,#8589,.T.);
#8591=ORIENTED_EDGE('',*,*,#8590,.T.);
#8592=EDGE_LOOP('',(#8560,#8568,#8576,#8582,#8583,#8584,#8585,#8591));
#8593=FACE_BOUND('',#8592,.T.);
#8594=ADVANCED_FACE('',(#8593),#8550,.T.);
#8595=CARTESIAN_POINT('',(-30.423115093,-15.727958179,50.5));
#8596=DIRECTION('',(0.,0.993068457,0.117537397));
#8597=DIRECTION('',(0.,-0.117537397,0.993068457));
#8598=AXIS2_PLACEMENT_3D('',#8595,#8596,#8597);
#8599=PLANE('',#8598);
#8600=ORIENTED_EDGE('',*,*,#6209,.T.);
#8601=ORIENTED_EDGE('',*,*,#4054,.F.);
#8602=CARTESIAN_POINT('',(-30.423115093,-17.207430675,63.));
#8603=DIRECTION('',(0.,0.117537397,-0.993068457));
#8604=VECTOR('',#8603,25.174498117);
#8605=LINE('',#8602,#8604);
#8606=EDGE_CURVE('',#7043,#4041,#8605,.T.);
#8607=ORIENTED_EDGE('',*,*,#8606,.F.);
#8608=ORIENTED_EDGE('',*,*,#7048,.T.);
#8609=EDGE_LOOP('',(#8600,#8601,#8607,#8608));
#8610=FACE_BOUND('',#8609,.T.);
#8611=ADVANCED_FACE('',(#8610),#8599,.F.);
#8612=CARTESIAN_POINT('',(-30.423115093,0.,0.));
#8613=DIRECTION('',(-1.,0.,0.));
#8614=DIRECTION('',(0.,-1.,0.));
#8615=AXIS2_PLACEMENT_3D('',#8612,#8613,#8614);
#8616=PLANE('',#8615);
#8617=CARTESIAN_POINT('',(-30.423115093,-19.5,49.3));
#8618=DIRECTION('',(-1.,0.,0.));
#8619=DIRECTION('',(0.,0.,1.));
#8620=AXIS2_PLACEMENT_3D('',#8617,#8618,#8619);
#8621=CIRCLE('',#8620,3.5);
#8622=EDGE_CURVE('',#8554,#8570,#8621,.T.);
#8623=ORIENTED_EDGE('',*,*,#8622,.F.);
#8624=ORIENTED_EDGE('',*,*,#8590,.F.);
#8625=ORIENTED_EDGE('',*,*,#7056,.F.);
#8626=ORIENTED_EDGE('',*,*,#8606,.T.);
#8627=ORIENTED_EDGE('',*,*,#4046,.T.);
#8628=ORIENTED_EDGE('',*,*,#8581,.F.);
#8629=EDGE_LOOP('',(#8623,#8624,#8625,#8626,#8627,#8628));
#8630=FACE_BOUND('',#8629,.T.);
#8631=ADVANCED_FACE('',(#8630),#8616,.T.);
#8632=CARTESIAN_POINT('',(-30.423115093,0.030060861,50.5));
#8633=DIRECTION('',(0.,0.98078528,-0.195090322));
#8634=DIRECTION('',(0.,0.195090322,0.98078528));
#8635=AXIS2_PLACEMENT_3D('',#8632,#8633,#8634);
#8636=PLANE('',#8635);
#8637=CARTESIAN_POINT('',(-32.923115093,2.173302602,61.274803843));
#8638=VERTEX_POINT('',#8637);
#8639=CARTESIAN_POINT('',(-32.923115093,2.173302602,61.274803843));
#8640=DIRECTION('',(1.,0.,-0.));
#8641=VECTOR('',#8640,2.5);
#8642=LINE('',#8639,#8641);
#8643=EDGE_CURVE('',#8638,#1266,#8642,.T.);
#8644=ORIENTED_EDGE('',*,*,#8643,.F.);
#8645=CARTESIAN_POINT('',(-32.923115093,0.846209287,54.603055213));
#8646=VERTEX_POINT('',#8645);
#8647=CARTESIAN_POINT('',(-32.923115093,2.173302602,61.274803843));
#8648=DIRECTION('',(0.,-0.195090322,-0.98078528));
#8649=VECTOR('',#8648,6.802455913);
#8650=LINE('',#8647,#8649);
#8651=EDGE_CURVE('',#8638,#8646,#8650,.T.);
#8652=ORIENTED_EDGE('',*,*,#8651,.T.);
#8653=CARTESIAN_POINT('',(-30.423115093,0.846209287,54.603055213));
#8654=VERTEX_POINT('',#8653);
#8655=CARTESIAN_POINT('',(-30.423115093,0.846209287,54.603055213));
#8656=DIRECTION('',(-1.,-0.,0.));
#8657=VECTOR('',#8656,2.5);
#8658=LINE('',#8655,#8657);
#8659=EDGE_CURVE('',#8654,#8646,#8658,.T.);
#8660=ORIENTED_EDGE('',*,*,#8659,.F.);
#8661=CARTESIAN_POINT('',(-30.423115093,0.846209287,54.603055213));
#8662=DIRECTION('',(0.,-0.195090322,-0.98078528));
#8663=VECTOR('',#8662,16.928328294);
#8664=LINE('',#8661,#8663);
#8665=EDGE_CURVE('',#8654,#4280,#8664,.T.);
#8666=ORIENTED_EDGE('',*,*,#8665,.T.);
#8667=ORIENTED_EDGE('',*,*,#4285,.T.);
#8668=ORIENTED_EDGE('',*,*,#6002,.F.);
#8669=ORIENTED_EDGE('',*,*,#6878,.F.);
#8670=ORIENTED_EDGE('',*,*,#1282,.T.);
#8671=EDGE_LOOP('',(#8644,#8652,#8660,#8666,#8667,#8668,#8669,#8670));
#8672=FACE_BOUND('',#8671,.T.);
#8673=ADVANCED_FACE('',(#8672),#8636,.T.);
#8674=CARTESIAN_POINT('',(-30.423115093,1.253562448,50.5));
#8675=DIRECTION('',(0.,0.98078528,-0.195090322));
#8676=DIRECTION('',(0.,0.195090322,0.98078528));
#8677=AXIS2_PLACEMENT_3D('',#8674,#8675,#8676);
#8678=PLANE('',#8677);
#8679=CARTESIAN_POINT('',(-32.923115093,3.243532506,60.504255059));
#8680=VERTEX_POINT('',#8679);
#8681=CARTESIAN_POINT('',(-32.923115093,2.129849044,54.90539021));
#8682=VERTEX_POINT('',#8681);
#8683=CARTESIAN_POINT('',(-32.923115093,3.243532506,60.504255059));
#8684=DIRECTION('',(0.,-0.195090322,-0.98078528));
#8685=VECTOR('',#8684,5.708553097);
#8686=LINE('',#8683,#8685);
#8687=EDGE_CURVE('',#8680,#8682,#8686,.T.);
#8688=ORIENTED_EDGE('',*,*,#8687,.F.);
#8689=CARTESIAN_POINT('',(-32.923115093,3.243532506,60.504255059));
#8690=DIRECTION('',(1.,0.,-0.));
#8691=VECTOR('',#8690,2.5);
#8692=LINE('',#8689,#8691);
#8693=EDGE_CURVE('',#8680,#1268,#8692,.T.);
#8694=ORIENTED_EDGE('',*,*,#8693,.T.);
#8695=ORIENTED_EDGE('',*,*,#1296,.F.);
#8696=ORIENTED_EDGE('',*,*,#6871,.T.);
#8697=ORIENTED_EDGE('',*,*,#6170,.T.);
#8698=ORIENTED_EDGE('',*,*,#4301,.F.);
#8699=CARTESIAN_POINT('',(-30.423115093,2.129849044,54.90539021));
#8700=VERTEX_POINT('',#8699);
#8701=CARTESIAN_POINT('',(-30.423115093,2.129849044,54.90539021));
#8702=DIRECTION('',(0.,-0.195090322,-0.98078528));
#8703=VECTOR('',#8702,17.236586384);
#8704=LINE('',#8701,#8703);
#8705=EDGE_CURVE('',#8700,#4288,#8704,.T.);
#8706=ORIENTED_EDGE('',*,*,#8705,.F.);
#8707=CARTESIAN_POINT('',(-30.423115093,2.129849044,54.90539021));
#8708=DIRECTION('',(-1.,-0.,0.));
#8709=VECTOR('',#8708,2.5);
#8710=LINE('',#8707,#8709);
#8711=EDGE_CURVE('',#8700,#8682,#8710,.T.);
#8712=ORIENTED_EDGE('',*,*,#8711,.T.);
#8713=EDGE_LOOP('',(#8688,#8694,#8695,#8696,#8697,#8698,#8706,#8712));
#8714=FACE_BOUND('',#8713,.T.);
#8715=ADVANCED_FACE('',(#8714),#8678,.F.);
#8716=CARTESIAN_POINT('',(-30.423115093,0.,0.));
#8717=DIRECTION('',(-1.,0.,0.));
#8718=DIRECTION('',(0.,-1.,0.));
#8719=AXIS2_PLACEMENT_3D('',#8716,#8717,#8718);
#8720=PLANE('',#8719);
#8721=CARTESIAN_POINT('',(-30.423115093,0.7,58.1));
#8722=DIRECTION('',(-1.,0.,0.));
#8723=DIRECTION('',(0.,0.,1.));
#8724=AXIS2_PLACEMENT_3D('',#8721,#8722,#8723);
#8725=CIRCLE('',#8724,3.5);
#8726=EDGE_CURVE('',#8700,#8654,#8725,.T.);
#8727=ORIENTED_EDGE('',*,*,#8726,.F.);
#8728=ORIENTED_EDGE('',*,*,#8705,.T.);
#8729=ORIENTED_EDGE('',*,*,#4293,.T.);
#8730=ORIENTED_EDGE('',*,*,#8665,.F.);
#8731=EDGE_LOOP('',(#8727,#8728,#8729,#8730));
#8732=FACE_BOUND('',#8731,.T.);
#8733=ADVANCED_FACE('',(#8732),#8720,.T.);
#8734=CARTESIAN_POINT('',(-30.423115093,0.,0.));
#8735=DIRECTION('',(-1.,0.,0.));
#8736=DIRECTION('',(0.,-1.,0.));
#8737=AXIS2_PLACEMENT_3D('',#8734,#8735,#8736);
#8738=PLANE('',#8737);
#8739=ORIENTED_EDGE('',*,*,#5399,.F.);
#8740=ORIENTED_EDGE('',*,*,#4921,.T.);
#8741=CARTESIAN_POINT('',(-30.423115093,43.528982733,54.703821375));
#8742=DIRECTION('',(-1.,0.,0.));
#8743=DIRECTION('',(0.,0.629344522,0.77712642));
#8744=AXIS2_PLACEMENT_3D('',#8741,#8742,#8743);
#8745=CIRCLE('',#8744,2.);
#8746=EDGE_CURVE('',#4907,#5416,#8745,.T.);
#8747=ORIENTED_EDGE('',*,*,#8746,.T.);
#8748=ORIENTED_EDGE('',*,*,#5423,.T.);
#8749=ORIENTED_EDGE('',*,*,#5931,.F.);
#8750=EDGE_LOOP('',(#8739,#8740,#8747,#8748,#8749));
#8751=FACE_BOUND('',#8750,.T.);
#8752=ADVANCED_FACE('',(#8751),#8738,.T.);
#8753=CARTESIAN_POINT('',(-30.423115093,6.752330437,50.5));
#8754=DIRECTION('',(0.,0.951056516,-0.309016994));
#8755=DIRECTION('',(0.,0.309016994,0.951056516));
#8756=AXIS2_PLACEMENT_3D('',#8753,#8754,#8755);
#8757=PLANE('',#8756);
#8758=ORIENTED_EDGE('',*,*,#5822,.F.);
#8759=ORIENTED_EDGE('',*,*,#6818,.F.);
#8760=CARTESIAN_POINT('',(-30.423115093,10.81382664,63.));
#8761=DIRECTION('',(0.,-0.309016994,-0.951056516));
#8762=VECTOR('',#8761,26.286555606);
#8763=LINE('',#8760,#8762);
#8764=EDGE_CURVE('',#6807,#4376,#8763,.T.);
#8765=ORIENTED_EDGE('',*,*,#8764,.T.);
#8766=ORIENTED_EDGE('',*,*,#4381,.T.);
#8767=EDGE_LOOP('',(#8758,#8759,#8765,#8766));
#8768=FACE_BOUND('',#8767,.T.);
#8769=ADVANCED_FACE('',(#8768),#8757,.T.);
#8770=CARTESIAN_POINT('',(-30.423115093,8.01407706,50.5));
#8771=DIRECTION('',(0.,0.951056516,-0.309016994));
#8772=DIRECTION('',(0.,0.309016994,0.951056516));
#8773=AXIS2_PLACEMENT_3D('',#8770,#8771,#8772);
#8774=PLANE('',#8773);
#8775=ORIENTED_EDGE('',*,*,#6121,.T.);
#8776=ORIENTED_EDGE('',*,*,#4397,.F.);
#8777=CARTESIAN_POINT('',(-30.423115093,12.075573262,63.));
#8778=DIRECTION('',(0.,-0.309016994,-0.951056516));
#8779=VECTOR('',#8778,26.286555606);
#8780=LINE('',#8777,#8779);
#8781=EDGE_CURVE('',#6799,#4384,#8780,.T.);
#8782=ORIENTED_EDGE('',*,*,#8781,.F.);
#8783=ORIENTED_EDGE('',*,*,#6804,.T.);
#8784=EDGE_LOOP('',(#8775,#8776,#8782,#8783));
#8785=FACE_BOUND('',#8784,.T.);
#8786=ADVANCED_FACE('',(#8785),#8774,.F.);
#8787=CARTESIAN_POINT('',(-30.423115093,0.,0.));
#8788=DIRECTION('',(-1.,0.,0.));
#8789=DIRECTION('',(0.,-1.,0.));
#8790=AXIS2_PLACEMENT_3D('',#8787,#8788,#8789);
#8791=PLANE('',#8790);
#8792=ORIENTED_EDGE('',*,*,#8764,.F.);
#8793=ORIENTED_EDGE('',*,*,#6812,.F.);
#8794=ORIENTED_EDGE('',*,*,#8781,.T.);
#8795=ORIENTED_EDGE('',*,*,#4389,.T.);
#8796=EDGE_LOOP('',(#8792,#8793,#8794,#8795));
#8797=FACE_BOUND('',#8796,.T.);
#8798=ADVANCED_FACE('',(#8797),#8791,.T.);
#8799=CARTESIAN_POINT('',(-30.423115093,0.,0.));
#8800=DIRECTION('',(-1.,0.,0.));
#8801=DIRECTION('',(0.,-1.,0.));
#8802=AXIS2_PLACEMENT_3D('',#8799,#8800,#8801);
#8803=PLANE('',#8802);
#8804=ORIENTED_EDGE('',*,*,#5545,.F.);
#8805=CARTESIAN_POINT('',(-30.423115093,50.,50.));
#8806=DIRECTION('',(-1.,-0.,0.));
#8807=DIRECTION('',(0.,-0.856034905,-0.516918022));
#8808=AXIS2_PLACEMENT_3D('',#8805,#8806,#8807);
#8809=CIRCLE('',#8808,6.);
#8810=EDGE_CURVE('',#5562,#5532,#8809,.T.);
#8811=ORIENTED_EDGE('',*,*,#8810,.F.);
#8812=ORIENTED_EDGE('',*,*,#5569,.T.);
#8813=ORIENTED_EDGE('',*,*,#5963,.F.);
#8814=EDGE_LOOP('',(#8804,#8811,#8812,#8813));
#8815=FACE_BOUND('',#8814,.T.);
#8816=ADVANCED_FACE('',(#8815),#8803,.T.);
#8817=CARTESIAN_POINT('',(-30.423115093,-4.272041821,50.5));
#8818=DIRECTION('',(0.,0.993068457,-0.117537397));
#8819=DIRECTION('',(0.,0.117537397,0.993068457));
#8820=AXIS2_PLACEMENT_3D('',#8817,#8818,#8819);
#8821=PLANE('',#8820);
#8822=ORIENTED_EDGE('',*,*,#6523,.F.);
#8823=ORIENTED_EDGE('',*,*,#6924,.F.);
#8824=CARTESIAN_POINT('',(-30.423115093,-2.792569325,63.));
#8825=DIRECTION('',(0.,-0.117537397,-0.993068457));
#8826=VECTOR('',#8825,25.174498117);
#8827=LINE('',#8824,#8826);
#8828=EDGE_CURVE('',#6913,#4225,#8827,.T.);
#8829=ORIENTED_EDGE('',*,*,#8828,.T.);
#8830=ORIENTED_EDGE('',*,*,#4230,.T.);
#8831=EDGE_LOOP('',(#8822,#8823,#8829,#8830));
#8832=FACE_BOUND('',#8831,.T.);
#8833=ADVANCED_FACE('',(#8832),#8821,.T.);
#8834=CARTESIAN_POINT('',(-30.423115093,-3.063673618,50.5));
#8835=DIRECTION('',(0.,0.993068457,-0.117537397));
#8836=DIRECTION('',(0.,0.117537397,0.993068457));
#8837=AXIS2_PLACEMENT_3D('',#8834,#8835,#8836);
#8838=PLANE('',#8837);
#8839=CARTESIAN_POINT('',(-32.923115093,-1.884857183,60.459769764));
#8840=VERTEX_POINT('',#8839);
#8841=CARTESIAN_POINT('',(-32.923115093,-2.364314685,56.408853788));
#8842=VERTEX_POINT('',#8841);
#8843=CARTESIAN_POINT('',(-32.923115093,-1.884857183,60.459769764));
#8844=DIRECTION('',(0.,-0.117537397,-0.993068457));
#8845=VECTOR('',#8844,4.079191065);
#8846=LINE('',#8843,#8845);
#8847=EDGE_CURVE('',#8840,#8842,#8846,.T.);
#8848=ORIENTED_EDGE('',*,*,#8847,.F.);
#8849=CARTESIAN_POINT('',(-30.423115093,-1.884857183,60.459769764));
#8850=VERTEX_POINT('',#8849);
#8851=CARTESIAN_POINT('',(-32.923115093,-1.884857183,60.459769764));
#8852=DIRECTION('',(1.,0.,-0.));
#8853=VECTOR('',#8852,2.5);
#8854=LINE('',#8851,#8853);
#8855=EDGE_CURVE('',#8840,#8850,#8854,.T.);
#8856=ORIENTED_EDGE('',*,*,#8855,.T.);
#8857=CARTESIAN_POINT('',(-30.423115093,-1.584201122,63.));
#8858=DIRECTION('',(0.,-0.117537397,-0.993068457));
#8859=VECTOR('',#8858,2.557960851);
#8860=LINE('',#8857,#8859);
#8861=EDGE_CURVE('',#6905,#8850,#8860,.T.);
#8862=ORIENTED_EDGE('',*,*,#8861,.F.);
#8863=ORIENTED_EDGE('',*,*,#6910,.T.);
#8864=ORIENTED_EDGE('',*,*,#6072,.T.);
#8865=ORIENTED_EDGE('',*,*,#4246,.F.);
#8866=CARTESIAN_POINT('',(-30.423115093,-2.364314685,56.408853788));
#8867=VERTEX_POINT('',#8866);
#8868=CARTESIAN_POINT('',(-30.423115093,-2.364314685,56.408853788));
#8869=DIRECTION('',(0.,-0.117537397,-0.993068457));
#8870=VECTOR('',#8869,18.537346201);
#8871=LINE('',#8868,#8870);
#8872=EDGE_CURVE('',#8867,#4233,#8871,.T.);
#8873=ORIENTED_EDGE('',*,*,#8872,.F.);
#8874=CARTESIAN_POINT('',(-30.423115093,-2.364314685,56.408853788));
#8875=DIRECTION('',(-1.,-0.,0.));
#8876=VECTOR('',#8875,2.5);
#8877=LINE('',#8874,#8876);
#8878=EDGE_CURVE('',#8867,#8842,#8877,.T.);
#8879=ORIENTED_EDGE('',*,*,#8878,.T.);
#8880=EDGE_LOOP('',(#8848,#8856,#8862,#8863,#8864,#8865,#8873,#8879));
#8881=FACE_BOUND('',#8880,.T.);
#8882=ADVANCED_FACE('',(#8881),#8838,.F.);
#8883=CARTESIAN_POINT('',(-30.423115093,0.,0.));
#8884=DIRECTION('',(-1.,0.,0.));
#8885=DIRECTION('',(0.,-1.,0.));
#8886=AXIS2_PLACEMENT_3D('',#8883,#8884,#8885);
#8887=PLANE('',#8886);
#8888=CARTESIAN_POINT('',(-30.423115093,0.7,58.1));
#8889=DIRECTION('',(-1.,0.,0.));
#8890=DIRECTION('',(0.,0.,1.));
#8891=AXIS2_PLACEMENT_3D('',#8888,#8889,#8890);
#8892=CIRCLE('',#8891,3.5);
#8893=EDGE_CURVE('',#8867,#8850,#8892,.T.);
#8894=ORIENTED_EDGE('',*,*,#8893,.F.);
#8895=ORIENTED_EDGE('',*,*,#8872,.T.);
#8896=ORIENTED_EDGE('',*,*,#4238,.T.);
#8897=ORIENTED_EDGE('',*,*,#8828,.F.);
#8898=ORIENTED_EDGE('',*,*,#6918,.F.);
#8899=ORIENTED_EDGE('',*,*,#8861,.T.);
#8900=EDGE_LOOP('',(#8894,#8895,#8896,#8897,#8898,#8899));
#8901=FACE_BOUND('',#8900,.T.);
#8902=ADVANCED_FACE('',(#8901),#8887,.T.);
#8903=CARTESIAN_POINT('',(-30.423115093,22.006124605,50.377569625));
#8904=DIRECTION('',(0.,0.852640164,-0.522498565));
#8905=DIRECTION('',(0.,0.522498565,0.852640164));
#8906=AXIS2_PLACEMENT_3D('',#8903,#8904,#8905);
#8907=PLANE('',#8906);
#8908=CARTESIAN_POINT('',(-32.923115093,23.94403993,53.539960018));
#8909=VERTEX_POINT('',#8908);
#8910=CARTESIAN_POINT('',(-32.923115093,23.94403993,53.539960018));
#8911=DIRECTION('',(1.,0.,-0.));
#8912=VECTOR('',#8911,2.5);
#8913=LINE('',#8910,#8912);
#8914=EDGE_CURVE('',#8909,#1224,#8913,.T.);
#8915=ORIENTED_EDGE('',*,*,#8914,.F.);
#8916=CARTESIAN_POINT('',(-32.923115093,20.573549424,48.039819399));
#8917=VERTEX_POINT('',#8916);
#8918=CARTESIAN_POINT('',(-32.923115093,23.94403993,53.539960018));
#8919=DIRECTION('',(0.,-0.522498565,-0.852640164));
#8920=VECTOR('',#8919,6.450717253);
#8921=LINE('',#8918,#8920);
#8922=EDGE_CURVE('',#8909,#8917,#8921,.T.);
#8923=ORIENTED_EDGE('',*,*,#8922,.T.);
#8924=CARTESIAN_POINT('',(-30.423115093,20.573549424,48.039819399));
#8925=VERTEX_POINT('',#8924);
#8926=CARTESIAN_POINT('',(-30.423115093,20.573549424,48.039819399));
#8927=DIRECTION('',(-1.,-0.,0.));
#8928=VECTOR('',#8927,2.5);
#8929=LINE('',#8926,#8928);
#8930=EDGE_CURVE('',#8925,#8917,#8929,.T.);
#8931=ORIENTED_EDGE('',*,*,#8930,.F.);
#8932=CARTESIAN_POINT('',(-30.423115093,20.573549424,48.039819399));
#8933=DIRECTION('',(0.,-0.522498565,-0.852640164));
#8934=VECTOR('',#8933,11.77497826);
#8935=LINE('',#8932,#8934);
#8936=EDGE_CURVE('',#8925,#4568,#8935,.T.);
#8937=ORIENTED_EDGE('',*,*,#8936,.T.);
#8938=ORIENTED_EDGE('',*,*,#4573,.T.);
#8939=ORIENTED_EDGE('',*,*,#6419,.F.);
#8940=ORIENTED_EDGE('',*,*,#5098,.F.);
#8941=ORIENTED_EDGE('',*,*,#1240,.T.);
#8942=EDGE_LOOP('',(#8915,#8923,#8931,#8937,#8938,#8939,#8940,#8941));
#8943=FACE_BOUND('',#8942,.T.);
#8944=ADVANCED_FACE('',(#8943),#8907,.T.);
#8945=CARTESIAN_POINT('',(-30.423115093,23.354279073,50.280915388));
#8946=DIRECTION('',(0.,0.852640164,-0.522498565));
#8947=DIRECTION('',(0.,0.522498565,0.852640164));
#8948=AXIS2_PLACEMENT_3D('',#8945,#8946,#8947);
#8949=PLANE('',#8948);
#8950=CARTESIAN_POINT('',(-32.923115093,24.529537832,52.198763377));
#8951=VERTEX_POINT('',#8950);
#8952=CARTESIAN_POINT('',(-32.923115093,22.034374866,48.127027482));
#8953=VERTEX_POINT('',#8952);
#8954=CARTESIAN_POINT('',(-32.923115093,24.529537832,52.198763377));
#8955=DIRECTION('',(0.,-0.522498565,-0.852640164));
#8956=VECTOR('',#8955,4.775444632);
#8957=LINE('',#8954,#8956);
#8958=EDGE_CURVE('',#8951,#8953,#8957,.T.);
#8959=ORIENTED_EDGE('',*,*,#8958,.F.);
#8960=CARTESIAN_POINT('',(-32.923115093,24.529537832,52.198763377));
#8961=DIRECTION('',(1.,0.,-0.));
#8962=VECTOR('',#8961,2.5);
#8963=LINE('',#8960,#8962);
#8964=EDGE_CURVE('',#8951,#1226,#8963,.T.);
#8965=ORIENTED_EDGE('',*,*,#8964,.T.);
#8966=ORIENTED_EDGE('',*,*,#1255,.F.);
#8967=ORIENTED_EDGE('',*,*,#5089,.T.);
#8968=ORIENTED_EDGE('',*,*,#6055,.T.);
#8969=ORIENTED_EDGE('',*,*,#4589,.F.);
#8970=CARTESIAN_POINT('',(-30.423115093,22.034374866,48.127027482));
#8971=VERTEX_POINT('',#8970);
#8972=CARTESIAN_POINT('',(-30.423115093,22.034374866,48.127027482));
#8973=DIRECTION('',(0.,-0.522498565,-0.852640164));
#8974=VECTOR('',#8973,11.877258315);
#8975=LINE('',#8972,#8974);
#8976=EDGE_CURVE('',#8971,#4576,#8975,.T.);
#8977=ORIENTED_EDGE('',*,*,#8976,.F.);
#8978=CARTESIAN_POINT('',(-30.423115093,22.034374866,48.127027482));
#8979=DIRECTION('',(-1.,-0.,0.));
#8980=VECTOR('',#8979,2.5);
#8981=LINE('',#8978,#8980);
#8982=EDGE_CURVE('',#8971,#8953,#8981,.T.);
#8983=ORIENTED_EDGE('',*,*,#8982,.T.);
#8984=EDGE_LOOP('',(#8959,#8965,#8966,#8967,#8968,#8969,#8977,#8983));
#8985=FACE_BOUND('',#8984,.T.);
#8986=ADVANCED_FACE('',(#8985),#8949,.F.);
#8987=CARTESIAN_POINT('',(-30.423115093,0.,0.));
#8988=DIRECTION('',(-1.,0.,0.));
#8989=DIRECTION('',(0.,-1.,0.));
#8990=AXIS2_PLACEMENT_3D('',#8987,#8988,#8989);
#8991=PLANE('',#8990);
#8992=CARTESIAN_POINT('',(-30.423115093,21.1,48.));
#8993=VERTEX_POINT('',#8992);
#8994=CARTESIAN_POINT('',(-30.423115093,21.1,51.5));
#8995=DIRECTION('',(-1.,0.,0.));
#8996=DIRECTION('',(0.,0.,1.));
#8997=AXIS2_PLACEMENT_3D('',#8994,#8995,#8996);
#8998=CIRCLE('',#8997,3.5);
#8999=EDGE_CURVE('',#8993,#8925,#8998,.T.);
#9000=ORIENTED_EDGE('',*,*,#8999,.F.);
#9001=CARTESIAN_POINT('',(-30.423115093,21.1,51.5));
#9002=DIRECTION('',(-1.,0.,0.));
#9003=DIRECTION('',(0.,0.,1.));
#9004=AXIS2_PLACEMENT_3D('',#9001,#9002,#9003);
#9005=CIRCLE('',#9004,3.5);
#9006=EDGE_CURVE('',#8971,#8993,#9005,.T.);
#9007=ORIENTED_EDGE('',*,*,#9006,.F.);
#9008=ORIENTED_EDGE('',*,*,#8976,.T.);
#9009=ORIENTED_EDGE('',*,*,#4581,.T.);
#9010=ORIENTED_EDGE('',*,*,#8936,.F.);
#9011=EDGE_LOOP('',(#9000,#9007,#9008,#9009,#9010));
#9012=FACE_BOUND('',#9011,.T.);
#9013=ADVANCED_FACE('',(#9012),#8991,.T.);
#9014=CARTESIAN_POINT('',(-30.423115093,-20.613091971,43.776887696));
#9015=DIRECTION('',(0.,0.97236992,0.233445364));
#9016=DIRECTION('',(0.,-0.233445364,0.97236992));
#9017=AXIS2_PLACEMENT_3D('',#9014,#9015,#9016);
#9018=PLANE('',#9017);
#9019=CARTESIAN_POINT('',(-30.423115093,-21.194162198,46.197219378));
#9020=VERTEX_POINT('',#9019);
#9021=CARTESIAN_POINT('',(-32.923115093,-21.194162198,46.197219378));
#9022=VERTEX_POINT('',#9021);
#9023=CARTESIAN_POINT('',(-30.423115093,-21.194162198,46.197219378));
#9024=DIRECTION('',(-1.,-0.,0.));
#9025=VECTOR('',#9024,2.5);
#9026=LINE('',#9023,#9025);
#9027=EDGE_CURVE('',#9020,#9022,#9026,.T.);
#9028=ORIENTED_EDGE('',*,*,#9027,.T.);
#9029=CARTESIAN_POINT('',(-32.923115093,-22.,49.553775391));
#9030=DIRECTION('',(0.,0.233445364,-0.97236992));
#9031=VECTOR('',#9030,3.451933202);
#9032=LINE('',#9029,#9031);
#9033=EDGE_CURVE('',#2816,#9022,#9032,.T.);
#9034=ORIENTED_EDGE('',*,*,#9033,.F.);
#9035=ORIENTED_EDGE('',*,*,#2821,.T.);
#9036=ORIENTED_EDGE('',*,*,#6033,.T.);
#9037=ORIENTED_EDGE('',*,*,#3967,.F.);
#9038=CARTESIAN_POINT('',(-30.423115093,-21.194162198,46.197219378));
#9039=DIRECTION('',(0.,0.233445364,-0.97236992));
#9040=VECTOR('',#9039,8.430144954);
#9041=LINE('',#9038,#9040);
#9042=EDGE_CURVE('',#9020,#3954,#9041,.T.);
#9043=ORIENTED_EDGE('',*,*,#9042,.F.);
#9044=EDGE_LOOP('',(#9028,#9034,#9035,#9036,#9037,#9043));
#9045=FACE_BOUND('',#9044,.T.);
#9046=ADVANCED_FACE('',(#9045),#9018,.F.);
#9047=CARTESIAN_POINT('',(-30.423115093,-21.236975654,41.235193956));
#9048=DIRECTION('',(0.,0.97236992,0.233445364));
#9049=DIRECTION('',(0.,-0.233445364,0.97236992));
#9050=AXIS2_PLACEMENT_3D('',#9047,#9048,#9049);
#9051=PLANE('',#9050);
#9052=ORIENTED_EDGE('',*,*,#6248,.F.);
#9053=CARTESIAN_POINT('',(-30.423115093,-21.802763008,43.591867893));
#9054=VERTEX_POINT('',#9053);
#9055=CARTESIAN_POINT('',(-38.923115093,-21.802763008,43.591867893));
#9056=DIRECTION('',(1.,-0.,-0.));
#9057=VECTOR('',#9056,8.5);
#9058=LINE('',#9055,#9057);
#9059=EDGE_CURVE('',#6236,#9054,#9058,.T.);
#9060=ORIENTED_EDGE('',*,*,#9059,.T.);
#9061=CARTESIAN_POINT('',(-30.423115093,-21.802763008,43.591867893));
#9062=DIRECTION('',(0.,0.233445364,-0.97236992));
#9063=VECTOR('',#9062,5.6921743);
#9064=LINE('',#9061,#9063);
#9065=EDGE_CURVE('',#9054,#4808,#9064,.T.);
#9066=ORIENTED_EDGE('',*,*,#9065,.T.);
#9067=ORIENTED_EDGE('',*,*,#4813,.T.);
#9068=EDGE_LOOP('',(#9052,#9060,#9066,#9067));
#9069=FACE_BOUND('',#9068,.T.);
#9070=ADVANCED_FACE('',(#9069),#9051,.T.);
#9071=CARTESIAN_POINT('',(-30.423115093,0.,0.));
#9072=DIRECTION('',(-1.,0.,0.));
#9073=DIRECTION('',(0.,-1.,0.));
#9074=AXIS2_PLACEMENT_3D('',#9071,#9072,#9073);
#9075=PLANE('',#9074);
#9076=ORIENTED_EDGE('',*,*,#7098,.F.);
#9077=CARTESIAN_POINT('',(-30.423115093,-21.3,45.505266808));
#9078=DIRECTION('',(-1.,0.,0.));
#9079=DIRECTION('',(0.,0.,1.));
#9080=AXIS2_PLACEMENT_3D('',#9077,#9078,#9079);
#9081=CIRCLE('',#9080,0.7);
#9082=EDGE_CURVE('',#7091,#9020,#9081,.T.);
#9083=ORIENTED_EDGE('',*,*,#9082,.T.);
#9084=ORIENTED_EDGE('',*,*,#9042,.T.);
#9085=ORIENTED_EDGE('',*,*,#3959,.T.);
#9086=ORIENTED_EDGE('',*,*,#4820,.T.);
#9087=ORIENTED_EDGE('',*,*,#9065,.F.);
#9088=CARTESIAN_POINT('',(-30.423115093,-21.9,43.568523357));
#9089=DIRECTION('',(1.,-0.,-0.));
#9090=DIRECTION('',(0.,0.,1.));
#9091=AXIS2_PLACEMENT_3D('',#9088,#9089,#9090);
#9092=CIRCLE('',#9091,0.1);
#9093=EDGE_CURVE('',#9054,#7093,#9092,.T.);
#9094=ORIENTED_EDGE('',*,*,#9093,.T.);
#9095=EDGE_LOOP('',(#9076,#9083,#9084,#9085,#9086,#9087,#9094));
#9096=FACE_BOUND('',#9095,.T.);
#9097=ADVANCED_FACE('',(#9096),#9075,.T.);
#9098=CARTESIAN_POINT('',(-30.423115093,-2.133907644,50.5));
#9099=DIRECTION('',(0.,0.987688341,-0.156434465));
#9100=DIRECTION('',(0.,0.156434465,0.987688341));
#9101=AXIS2_PLACEMENT_3D('',#9098,#9099,#9100);
#9102=PLANE('',#9101);
#9103=CARTESIAN_POINT('',(-32.923115093,-0.404147857,61.421273477));
#9104=VERTEX_POINT('',#9103);
#9105=CARTESIAN_POINT('',(-30.423115093,-0.404147857,61.421273477));
#9106=VERTEX_POINT('',#9105);
#9107=CARTESIAN_POINT('',(-32.923115093,-0.404147857,61.421273477));
#9108=DIRECTION('',(1.,0.,-0.));
#9109=VECTOR('',#9108,2.5);
#9110=LINE('',#9107,#9109);
#9111=EDGE_CURVE('',#9104,#9106,#9110,.T.);
#9112=ORIENTED_EDGE('',*,*,#9111,.F.);
#9113=CARTESIAN_POINT('',(-32.923115093,-1.376436961,55.282481669));
#9114=VERTEX_POINT('',#9113);
#9115=CARTESIAN_POINT('',(-32.923115093,-0.404147857,61.421273477));
#9116=DIRECTION('',(0.,-0.156434465,-0.987688341));
#9117=VECTOR('',#9116,6.21531262);
#9118=LINE('',#9115,#9117);
#9119=EDGE_CURVE('',#9104,#9114,#9118,.T.);
#9120=ORIENTED_EDGE('',*,*,#9119,.T.);
#9121=CARTESIAN_POINT('',(-30.423115093,-1.376436961,55.282481669));
#9122=DIRECTION('',(-1.,-0.,0.));
#9123=VECTOR('',#9122,2.5);
#9124=LINE('',#9121,#9123);
#9125=EDGE_CURVE('',#1309,#9114,#9124,.T.);
#9126=ORIENTED_EDGE('',*,*,#9125,.F.);
#9127=ORIENTED_EDGE('',*,*,#1337,.T.);
#9128=ORIENTED_EDGE('',*,*,#4260,.T.);
#9129=ORIENTED_EDGE('',*,*,#6086,.F.);
#9130=ORIENTED_EDGE('',*,*,#6901,.F.);
#9131=CARTESIAN_POINT('',(-30.423115093,-0.15410214,63.));
#9132=DIRECTION('',(0.,-0.156434465,-0.987688341));
#9133=VECTOR('',#9132,1.598405547);
#9134=LINE('',#9131,#9133);
#9135=EDGE_CURVE('',#6890,#9106,#9134,.T.);
#9136=ORIENTED_EDGE('',*,*,#9135,.T.);
#9137=EDGE_LOOP('',(#9112,#9120,#9126,#9127,#9128,#9129,#9130,#9136));
#9138=FACE_BOUND('',#9137,.T.);
#9139=ADVANCED_FACE('',(#9138),#9102,.T.);
#9140=CARTESIAN_POINT('',(-30.423115093,-0.918957241,50.5));
#9141=DIRECTION('',(0.,0.987688341,-0.156434465));
#9142=DIRECTION('',(0.,0.156434465,0.987688341));
#9143=AXIS2_PLACEMENT_3D('',#9140,#9141,#9142);
#9144=PLANE('',#9143);
#9145=CARTESIAN_POINT('',(-32.923115093,0.838674755,61.59725168));
#9146=VERTEX_POINT('',#9145);
#9147=CARTESIAN_POINT('',(-32.923115093,-0.248822673,54.731063145));
#9148=VERTEX_POINT('',#9147);
#9149=CARTESIAN_POINT('',(-32.923115093,0.838674755,61.59725168));
#9150=DIRECTION('',(0.,-0.156434465,-0.987688341));
#9151=VECTOR('',#9150,6.951776439);
#9152=LINE('',#9149,#9151);
#9153=EDGE_CURVE('',#9146,#9148,#9152,.T.);
#9154=ORIENTED_EDGE('',*,*,#9153,.F.);
#9155=CARTESIAN_POINT('',(-30.423115093,0.838674755,61.59725168));
#9156=VERTEX_POINT('',#9155);
#9157=CARTESIAN_POINT('',(-32.923115093,0.838674755,61.59725168));
#9158=DIRECTION('',(1.,0.,-0.));
#9159=VECTOR('',#9158,2.5);
#9160=LINE('',#9157,#9159);
#9161=EDGE_CURVE('',#9146,#9156,#9160,.T.);
#9162=ORIENTED_EDGE('',*,*,#9161,.T.);
#9163=CARTESIAN_POINT('',(-30.423115093,1.060848263,63.));
#9164=DIRECTION('',(0.,-0.156434465,-0.987688341));
#9165=VECTOR('',#9164,1.420233754);
#9166=LINE('',#9163,#9165);
#9167=EDGE_CURVE('',#6882,#9156,#9166,.T.);
#9168=ORIENTED_EDGE('',*,*,#9167,.F.);
#9169=ORIENTED_EDGE('',*,*,#6887,.T.);
#9170=ORIENTED_EDGE('',*,*,#5988,.T.);
#9171=ORIENTED_EDGE('',*,*,#4269,.F.);
#9172=ORIENTED_EDGE('',*,*,#1323,.F.);
#9173=CARTESIAN_POINT('',(-30.423115093,-0.248822673,54.731063145));
#9174=DIRECTION('',(-1.,-0.,0.));
#9175=VECTOR('',#9174,2.5);
#9176=LINE('',#9173,#9175);
#9177=EDGE_CURVE('',#1307,#9148,#9176,.T.);
#9178=ORIENTED_EDGE('',*,*,#9177,.T.);
#9179=EDGE_LOOP('',(#9154,#9162,#9168,#9169,#9170,#9171,#9172,#9178));
#9180=FACE_BOUND('',#9179,.T.);
#9181=ADVANCED_FACE('',(#9180),#9144,.F.);
#9182=CARTESIAN_POINT('',(-30.423115093,0.,0.));
#9183=DIRECTION('',(-1.,0.,0.));
#9184=DIRECTION('',(0.,-1.,0.));
#9185=AXIS2_PLACEMENT_3D('',#9182,#9183,#9184);
#9186=PLANE('',#9185);
#9187=CARTESIAN_POINT('',(-30.423115093,0.7,58.1));
#9188=DIRECTION('',(-1.,0.,0.));
#9189=DIRECTION('',(0.,0.,1.));
#9190=AXIS2_PLACEMENT_3D('',#9187,#9188,#9189);
#9191=CIRCLE('',#9190,3.5);
#9192=EDGE_CURVE('',#9106,#9156,#9191,.T.);
#9193=ORIENTED_EDGE('',*,*,#9192,.F.);
#9194=ORIENTED_EDGE('',*,*,#9135,.F.);
#9195=ORIENTED_EDGE('',*,*,#6895,.F.);
#9196=ORIENTED_EDGE('',*,*,#9167,.T.);
#9197=EDGE_LOOP('',(#9193,#9194,#9195,#9196));
#9198=FACE_BOUND('',#9197,.T.);
#9199=ADVANCED_FACE('',(#9198),#9186,.T.);
#9200=CARTESIAN_POINT('',(-30.423115093,0.,0.));
#9201=DIRECTION('',(-1.,0.,0.));
#9202=DIRECTION('',(0.,-1.,0.));
#9203=AXIS2_PLACEMENT_3D('',#9200,#9201,#9202);
#9204=PLANE('',#9203);
#9205=ORIENTED_EDGE('',*,*,#5657,.F.);
#9206=ORIENTED_EDGE('',*,*,#4989,.T.);
#9207=ORIENTED_EDGE('',*,*,#5672,.T.);
#9208=ORIENTED_EDGE('',*,*,#4677,.T.);
#9209=EDGE_LOOP('',(#9205,#9206,#9207,#9208));
#9210=FACE_BOUND('',#9209,.T.);
#9211=ADVANCED_FACE('',(#9210),#9204,.T.);
#9212=CARTESIAN_POINT('',(-30.423115093,0.,0.));
#9213=DIRECTION('',(-1.,0.,0.));
#9214=DIRECTION('',(0.,-1.,0.));
#9215=AXIS2_PLACEMENT_3D('',#9212,#9213,#9214);
#9216=PLANE('',#9215);
#9217=ORIENTED_EDGE('',*,*,#5755,.F.);
#9218=CARTESIAN_POINT('',(-30.423115093,46.937682928,44.840328096));
#9219=VERTEX_POINT('',#9218);
#9220=CARTESIAN_POINT('',(-30.423115093,50.,50.));
#9221=DIRECTION('',(-1.,-0.,0.));
#9222=DIRECTION('',(0.,-0.510386179,-0.859945317));
#9223=AXIS2_PLACEMENT_3D('',#9220,#9221,#9222);
#9224=CIRCLE('',#9223,6.);
#9225=EDGE_CURVE('',#9219,#5742,#9224,.T.);
#9226=ORIENTED_EDGE('',*,*,#9225,.F.);
#9227=CARTESIAN_POINT('',(-30.423115093,46.937682928,44.840328096));
#9228=DIRECTION('',(0.,-0.760405966,-0.649448048));
#9229=VECTOR('',#9228,20.959439627);
#9230=LINE('',#9227,#9229);
#9231=EDGE_CURVE('',#9219,#1398,#9230,.T.);
#9232=ORIENTED_EDGE('',*,*,#9231,.T.);
#9233=ORIENTED_EDGE('',*,*,#1403,.T.);
#9234=ORIENTED_EDGE('',*,*,#5860,.F.);
#9235=EDGE_LOOP('',(#9217,#9226,#9232,#9233,#9234));
#9236=FACE_BOUND('',#9235,.T.);
#9237=ADVANCED_FACE('',(#9236),#9216,.T.);
#9238=CARTESIAN_POINT('',(-30.423115093,24.746160311,50.081268332));
#9239=DIRECTION('',(0.,0.831469612,-0.555570233));
#9240=DIRECTION('',(0.,0.555570233,0.831469612));
#9241=AXIS2_PLACEMENT_3D('',#9238,#9239,#9240);
#9242=PLANE('',#9241);
#9243=ORIENTED_EDGE('',*,*,#6048,.F.);
#9244=ORIENTED_EDGE('',*,*,#5074,.F.);
#9245=CARTESIAN_POINT('',(-30.423115093,32.81860573,62.162536664));
#9246=DIRECTION('',(0.,-0.555570233,-0.831469612));
#9247=VECTOR('',#9246,29.060035757);
#9248=LINE('',#9245,#9247);
#9249=EDGE_CURVE('',#5060,#4600,#9248,.T.);
#9250=ORIENTED_EDGE('',*,*,#9249,.T.);
#9251=ORIENTED_EDGE('',*,*,#4605,.T.);
#9252=EDGE_LOOP('',(#9243,#9244,#9250,#9251));
#9253=FACE_BOUND('',#9252,.T.);
#9254=ADVANCED_FACE('',(#9253),#9242,.T.);
#9255=CARTESIAN_POINT('',(-30.423115093,26.081649814,49.920040458));
#9256=DIRECTION('',(0.,0.831469612,-0.555570233));
#9257=DIRECTION('',(0.,0.555570233,0.831469612));
#9258=AXIS2_PLACEMENT_3D('',#9255,#9256,#9257);
#9259=PLANE('',#9258);
#9260=CARTESIAN_POINT('',(-30.423115093,34.046366211,61.840080916));
#9261=DIRECTION('',(0.,-0.555570233,-0.831469612));
#9262=VECTOR('',#9261,28.672221526);
#9263=LINE('',#9260,#9262);
#9264=EDGE_CURVE('',#5052,#4608,#9263,.T.);
#9265=ORIENTED_EDGE('',*,*,#9264,.F.);
#9266=ORIENTED_EDGE('',*,*,#5057,.T.);
#9267=ORIENTED_EDGE('',*,*,#5836,.T.);
#9268=ORIENTED_EDGE('',*,*,#4621,.F.);
#9269=EDGE_LOOP('',(#9265,#9266,#9267,#9268));
#9270=FACE_BOUND('',#9269,.T.);
#9271=ADVANCED_FACE('',(#9270),#9259,.F.);
#9272=CARTESIAN_POINT('',(-30.423115093,0.,0.));
#9273=DIRECTION('',(-1.,0.,0.));
#9274=DIRECTION('',(0.,-1.,0.));
#9275=AXIS2_PLACEMENT_3D('',#9272,#9273,#9274);
#9276=PLANE('',#9275);
#9277=ORIENTED_EDGE('',*,*,#9249,.F.);
#9278=ORIENTED_EDGE('',*,*,#5066,.T.);
#9279=ORIENTED_EDGE('',*,*,#9264,.T.);
#9280=ORIENTED_EDGE('',*,*,#4613,.T.);
#9281=EDGE_LOOP('',(#9277,#9278,#9279,#9280));
#9282=FACE_BOUND('',#9281,.T.);
#9283=ADVANCED_FACE('',(#9282),#9276,.T.);
#9284=CARTESIAN_POINT('',(-30.423115093,4.465158864,50.5));
#9285=DIRECTION('',(0.,0.962455236,-0.27144045));
#9286=DIRECTION('',(0.,0.27144045,0.962455236));
#9287=AXIS2_PLACEMENT_3D('',#9284,#9285,#9286);
#9288=PLANE('',#9287);
#9289=ORIENTED_EDGE('',*,*,#6348,.F.);
#9290=ORIENTED_EDGE('',*,*,#6841,.F.);
#9291=CARTESIAN_POINT('',(-30.423115093,7.990523467,63.));
#9292=DIRECTION('',(0.,-0.27144045,-0.962455236));
#9293=VECTOR('',#9292,25.975234019);
#9294=LINE('',#9291,#9293);
#9295=EDGE_CURVE('',#6830,#4344,#9294,.T.);
#9296=ORIENTED_EDGE('',*,*,#9295,.T.);
#9297=ORIENTED_EDGE('',*,*,#4349,.T.);
#9298=EDGE_LOOP('',(#9289,#9290,#9296,#9297));
#9299=FACE_BOUND('',#9298,.T.);
#9300=ADVANCED_FACE('',(#9299),#9288,.T.);
#9301=CARTESIAN_POINT('',(-30.423115093,5.711962145,50.5));
#9302=DIRECTION('',(0.,0.962455236,-0.27144045));
#9303=DIRECTION('',(0.,0.27144045,0.962455236));
#9304=AXIS2_PLACEMENT_3D('',#9301,#9302,#9303);
#9305=PLANE('',#9304);
#9306=ORIENTED_EDGE('',*,*,#5808,.T.);
#9307=ORIENTED_EDGE('',*,*,#4365,.F.);
#9308=CARTESIAN_POINT('',(-30.423115093,9.237326749,63.));
#9309=DIRECTION('',(0.,-0.27144045,-0.962455236));
#9310=VECTOR('',#9309,25.975234019);
#9311=LINE('',#9308,#9310);
#9312=EDGE_CURVE('',#6822,#4352,#9311,.T.);
#9313=ORIENTED_EDGE('',*,*,#9312,.F.);
#9314=ORIENTED_EDGE('',*,*,#6827,.T.);
#9315=EDGE_LOOP('',(#9306,#9307,#9313,#9314));
#9316=FACE_BOUND('',#9315,.T.);
#9317=ADVANCED_FACE('',(#9316),#9305,.F.);
#9318=CARTESIAN_POINT('',(-30.423115093,0.,0.));
#9319=DIRECTION('',(-1.,0.,0.));
#9320=DIRECTION('',(0.,-1.,0.));
#9321=AXIS2_PLACEMENT_3D('',#9318,#9319,#9320);
#9322=PLANE('',#9321);
#9323=ORIENTED_EDGE('',*,*,#9295,.F.);
#9324=ORIENTED_EDGE('',*,*,#6835,.F.);
#9325=ORIENTED_EDGE('',*,*,#9312,.T.);
#9326=ORIENTED_EDGE('',*,*,#4357,.T.);
#9327=EDGE_LOOP('',(#9323,#9324,#9325,#9326));
#9328=FACE_BOUND('',#9327,.T.);
#9329=ADVANCED_FACE('',(#9328),#9322,.T.);
#9330=CARTESIAN_POINT('',(-30.423115093,17.933002996,50.5));
#9331=DIRECTION('',(0.,0.891006524,-0.4539905));
#9332=DIRECTION('',(0.,0.4539905,0.891006524));
#9333=AXIS2_PLACEMENT_3D('',#9330,#9331,#9332);
#9334=PLANE('',#9333);
#9335=CARTESIAN_POINT('',(-32.923115093,20.160404716,54.871522016));
#9336=VERTEX_POINT('',#9335);
#9337=CARTESIAN_POINT('',(-32.923115093,17.820101141,50.278417634));
#9338=VERTEX_POINT('',#9337);
#9339=CARTESIAN_POINT('',(-32.923115093,20.160404716,54.871522016));
#9340=DIRECTION('',(0.,-0.4539905,-0.891006524));
#9341=VECTOR('',#9340,5.15496156);
#9342=LINE('',#9339,#9341);
#9343=EDGE_CURVE('',#9336,#9338,#9342,.T.);
#9344=ORIENTED_EDGE('',*,*,#9343,.F.);
#9345=CARTESIAN_POINT('',(-30.423115093,20.160404716,54.871522016));
#9346=VERTEX_POINT('',#9345);
#9347=CARTESIAN_POINT('',(-32.923115093,20.160404716,54.871522016));
#9348=DIRECTION('',(1.,0.,-0.));
#9349=VECTOR('',#9348,2.5);
#9350=LINE('',#9347,#9349);
#9351=EDGE_CURVE('',#9336,#9346,#9350,.T.);
#9352=ORIENTED_EDGE('',*,*,#9351,.T.);
#9353=CARTESIAN_POINT('',(-30.423115093,24.302071115,63.));
#9354=DIRECTION('',(0.,-0.4539905,-0.891006524));
#9355=VECTOR('',#9354,9.122804114);
#9356=LINE('',#9353,#9355);
#9357=EDGE_CURVE('',#6713,#9346,#9356,.T.);
#9358=ORIENTED_EDGE('',*,*,#9357,.F.);
#9359=ORIENTED_EDGE('',*,*,#7080,.T.);
#9360=ORIENTED_EDGE('',*,*,#5784,.T.);
#9361=ORIENTED_EDGE('',*,*,#4525,.F.);
#9362=CARTESIAN_POINT('',(-30.423115093,17.820101141,50.278417634));
#9363=VERTEX_POINT('',#9362);
#9364=CARTESIAN_POINT('',(-30.423115093,17.820101141,50.278417634));
#9365=DIRECTION('',(0.,-0.4539905,-0.891006524));
#9366=VECTOR('',#9365,13.780390267);
#9367=LINE('',#9364,#9366);
#9368=EDGE_CURVE('',#9363,#4512,#9367,.T.);
#9369=ORIENTED_EDGE('',*,*,#9368,.F.);
#9370=CARTESIAN_POINT('',(-30.423115093,17.820101141,50.278417634));
#9371=DIRECTION('',(-1.,-0.,0.));
#9372=VECTOR('',#9371,2.5);
#9373=LINE('',#9370,#9372);
#9374=EDGE_CURVE('',#9363,#9338,#9373,.T.);
#9375=ORIENTED_EDGE('',*,*,#9374,.T.);
#9376=EDGE_LOOP('',(#9344,#9352,#9358,#9359,#9360,#9361,#9369,#9375));
#9377=FACE_BOUND('',#9376,.T.);
#9378=ADVANCED_FACE('',(#9377),#9334,.F.);
#9379=CARTESIAN_POINT('',(-30.423115093,16.5862201,50.5));
#9380=DIRECTION('',(0.,0.891006524,-0.4539905));
#9381=DIRECTION('',(0.,0.4539905,0.891006524));
#9382=AXIS2_PLACEMENT_3D('',#9379,#9380,#9381);
#9383=PLANE('',#9382);
#9384=ORIENTED_EDGE('',*,*,#6285,.F.);
#9385=ORIENTED_EDGE('',*,*,#6726,.F.);
#9386=CARTESIAN_POINT('',(-30.423115093,22.955288219,63.));
#9387=DIRECTION('',(0.,-0.4539905,-0.891006524));
#9388=VECTOR('',#9387,28.058155941);
#9389=LINE('',#9386,#9388);
#9390=EDGE_CURVE('',#6715,#4504,#9389,.T.);
#9391=ORIENTED_EDGE('',*,*,#9390,.T.);
#9392=ORIENTED_EDGE('',*,*,#4509,.T.);
#9393=EDGE_LOOP('',(#9384,#9385,#9391,#9392));
#9394=FACE_BOUND('',#9393,.T.);
#9395=ADVANCED_FACE('',(#9394),#9383,.T.);
#9396=CARTESIAN_POINT('',(-30.423115093,0.,0.));
#9397=DIRECTION('',(-1.,0.,0.));
#9398=DIRECTION('',(0.,-1.,0.));
#9399=AXIS2_PLACEMENT_3D('',#9396,#9397,#9398);
#9400=PLANE('',#9399);
#9401=CARTESIAN_POINT('',(-30.423115093,21.1,51.5));
#9402=DIRECTION('',(-1.,0.,0.));
#9403=DIRECTION('',(0.,0.,1.));
#9404=AXIS2_PLACEMENT_3D('',#9401,#9402,#9403);
#9405=CIRCLE('',#9404,3.5);
#9406=EDGE_CURVE('',#9363,#9346,#9405,.T.);
#9407=ORIENTED_EDGE('',*,*,#9406,.F.);
#9408=ORIENTED_EDGE('',*,*,#9368,.T.);
#9409=ORIENTED_EDGE('',*,*,#4517,.T.);
#9410=ORIENTED_EDGE('',*,*,#9390,.F.);
#9411=ORIENTED_EDGE('',*,*,#6720,.F.);
#9412=ORIENTED_EDGE('',*,*,#9357,.T.);
#9413=EDGE_LOOP('',(#9407,#9408,#9409,#9410,#9411,#9412));
#9414=FACE_BOUND('',#9413,.T.);
#9415=ADVANCED_FACE('',(#9414),#9400,.T.);
#9416=CARTESIAN_POINT('',(-28.923115093,50.,50.));
#9417=DIRECTION('',(-1.,0.,0.));
#9418=DIRECTION('',(0.,0.,1.));
#9419=AXIS2_PLACEMENT_3D('',#9416,#9417,#9418);
#9420=TOROIDAL_SURFACE('',#9419,15.,9.7);
#9421=CARTESIAN_POINT('',(-38.623115093,50.906813503,35.027435448));
#9422=VERTEX_POINT('',#9421);
#9423=CARTESIAN_POINT('',(-38.623115093,48.126731262,35.117430859));
#9424=VERTEX_POINT('',#9423);
#9425=CARTESIAN_POINT('',(-38.623115093,50.,50.));
#9426=DIRECTION('',(-1.,0.,0.));
#9427=DIRECTION('',(0.,0.,1.));
#9428=AXIS2_PLACEMENT_3D('',#9425,#9426,#9427);
#9429=CIRCLE('',#9428,15.);
#9430=EDGE_CURVE('',#9422,#9424,#9429,.T.);
#9431=ORIENTED_EDGE('',*,*,#9430,.T.);
#9432=CARTESIAN_POINT('',(-38.623115093,48.126731262,35.117430859));
#9433=CARTESIAN_POINT('',(-38.623115093,49.307086258,35.906118853));
#9434=CARTESIAN_POINT('',(-38.487333902,50.478280424,36.688685775));
#9435=CARTESIAN_POINT('',(-38.331040307,51.648090668,37.470327991));
#9436=CARTESIAN_POINT('',(-38.25289351,52.23299579,37.861149099));
#9437=CARTESIAN_POINT('',(-38.170251794,52.817597651,38.251767574));
#9438=CARTESIAN_POINT('',(-38.099442354,53.402997807,38.642919453));
#9439=CARTESIAN_POINT('',(-38.028632914,53.988397963,39.034071331));
#9440=CARTESIAN_POINT('',(-37.970094599,54.574626022,39.425776397));
#9441=CARTESIAN_POINT('',(-37.936495423,55.162536664,39.81860573));
#9442=B_SPLINE_CURVE_WITH_KNOTS('',3,(#9432,#9433,#9434,#9435,#9436,#9437,#9438,#9439,#9440,#9441),.UNSPECIFIED.,.F.,.F.,(4,3,3,4),(0.,0.004244851,0.006367277,0.008489703),.UNSPECIFIED.);
#9443=EDGE_CURVE('',#9424,#3092,#9442,.T.);
#9444=ORIENTED_EDGE('',*,*,#9443,.T.);
#9445=ORIENTED_EDGE('',*,*,#3098,.T.);
#9446=CARTESIAN_POINT('',(-38.623115093,50.906813503,35.027435448));
#9447=CARTESIAN_POINT('',(-38.623115093,51.683188943,35.50319893));
#9448=CARTESIAN_POINT('',(-38.594986719,52.4589321,35.978574948));
#9449=CARTESIAN_POINT('',(-38.563577524,53.23460151,36.453905773));
#9450=CARTESIAN_POINT('',(-38.532168328,54.010270919,36.929236598));
#9451=CARTESIAN_POINT('',(-38.498092112,54.785880378,37.404530686));
#9452=CARTESIAN_POINT('',(-38.479183278,55.561830776,37.880033702));
#9453=B_SPLINE_CURVE_WITH_KNOTS('',3,(#9446,#9447,#9448,#9449,#9450,#9451,#9452),.UNSPECIFIED.,.F.,.F.,(4,3,4),(0.,0.002730715,0.00546143),.UNSPECIFIED.);
#9454=EDGE_CURVE('',#9422,#3084,#9453,.T.);
#9455=ORIENTED_EDGE('',*,*,#9454,.F.);
#9456=EDGE_LOOP('',(#9431,#9444,#9445,#9455));
#9457=FACE_BOUND('',#9456,.T.);
#9458=ADVANCED_FACE('',(#9457),#9420,.T.);
#9459=CARTESIAN_POINT('',(-28.923115093,50.,50.));
#9460=DIRECTION('',(-1.,0.,0.));
#9461=DIRECTION('',(0.,0.,1.));
#9462=AXIS2_PLACEMENT_3D('',#9459,#9460,#9461);
#9463=TOROIDAL_SURFACE('',#9462,15.,9.7);
#9464=ORIENTED_EDGE('',*,*,#3064,.T.);
#9465=CARTESIAN_POINT('',(-38.623115093,54.082905313,35.566362752));
#9466=VERTEX_POINT('',#9465);
#9467=CARTESIAN_POINT('',(-38.623115093,50.,50.));
#9468=DIRECTION('',(-1.,0.,0.));
#9469=DIRECTION('',(0.,0.,1.));
#9470=AXIS2_PLACEMENT_3D('',#9467,#9468,#9469);
#9471=CIRCLE('',#9470,15.);
#9472=EDGE_CURVE('',#3049,#9466,#9471,.T.);
#9473=ORIENTED_EDGE('',*,*,#9472,.T.);
#9474=CARTESIAN_POINT('',(-38.623115093,54.082905313,35.566362752));
#9475=CARTESIAN_POINT('',(-38.623115093,54.640327328,35.907951402));
#9476=CARTESIAN_POINT('',(-38.61848259,55.197732035,36.249529446));
#9477=CARTESIAN_POINT('',(-38.614521327,55.755139251,36.591109027));
#9478=B_SPLINE_CURVE_WITH_KNOTS('',3,(#9474,#9475,#9476,#9477),.UNSPECIFIED.,.F.,.F.,(4,4),(0.,0.001961261),.UNSPECIFIED.);
#9479=EDGE_CURVE('',#9466,#3058,#9478,.T.);
#9480=ORIENTED_EDGE('',*,*,#9479,.T.);
#9481=EDGE_LOOP('',(#9464,#9473,#9480));
#9482=FACE_BOUND('',#9481,.T.);
#9483=ADVANCED_FACE('',(#9482),#9463,.T.);
#9484=CARTESIAN_POINT('',(-28.923115093,50.,50.));
#9485=DIRECTION('',(-1.,0.,0.));
#9486=DIRECTION('',(0.,0.,1.));
#9487=AXIS2_PLACEMENT_3D('',#9484,#9485,#9486);
#9488=TOROIDAL_SURFACE('',#9487,15.,9.7);
#9489=CARTESIAN_POINT('',(-38.623115093,46.434482618,35.42992499));
#9490=VERTEX_POINT('',#9489);
#9491=CARTESIAN_POINT('',(-38.623115093,44.670416773,35.978746753));
#9492=VERTEX_POINT('',#9491);
#9493=CARTESIAN_POINT('',(-38.623115093,50.,50.));
#9494=DIRECTION('',(-1.,0.,0.));
#9495=DIRECTION('',(0.,0.,1.));
#9496=AXIS2_PLACEMENT_3D('',#9493,#9494,#9495);
#9497=CIRCLE('',#9496,15.);
#9498=EDGE_CURVE('',#9490,#9492,#9497,.T.);
#9499=ORIENTED_EDGE('',*,*,#9498,.T.);
#9500=CARTESIAN_POINT('',(-38.623115093,44.670416773,35.978746753));
#9501=CARTESIAN_POINT('',(-38.623115093,45.49789899,36.579947775));
#9502=CARTESIAN_POINT('',(-38.510427893,46.309866646,37.169876808));
#9503=CARTESIAN_POINT('',(-38.317514493,47.110788911,37.751780895));
#9504=CARTESIAN_POINT('',(-38.221057793,47.511250043,38.042732938));
#9505=CARTESIAN_POINT('',(-38.104430053,47.908934064,38.331667292));
#9506=CARTESIAN_POINT('',(-37.97219884,48.304469829,38.619040847));
#9507=CARTESIAN_POINT('',(-37.839967627,48.700005593,38.906414401));
#9508=CARTESIAN_POINT('',(-37.691941851,49.093665783,39.19242527));
#9509=CARTESIAN_POINT('',(-37.534772614,49.485101584,39.476820027));
#9510=CARTESIAN_POINT('',(-37.377603378,49.876537385,39.761214783));
#9511=CARTESIAN_POINT('',(-37.211205238,50.265851167,40.044067802));
#9512=CARTESIAN_POINT('',(-37.044115243,50.655005869,40.326805244));
#9513=CARTESIAN_POINT('',(-36.877025248,51.044160572,40.609542685));
#9514=CARTESIAN_POINT('',(-36.709169971,51.433139312,40.892152282));
#9515=CARTESIAN_POINT('',(-36.552692828,51.824734247,41.176662656));
#9516=CARTESIAN_POINT('',(-36.239738542,52.607924117,41.745683405));
#9517=CARTESIAN_POINT('',(-35.971244548,53.401336825,42.322131479));
#9518=CARTESIAN_POINT('',(-35.882603778,54.236103516,42.928624981));
#9519=B_SPLINE_CURVE_WITH_KNOTS('',3,(#9500,#9501,#9502,#9503,#9504,#9505,#9506,#9507,#9508,#9509,#9510,#9511,#9512,#9513,#9514,#9515,#9516,#9517,#9518),.UNSPECIFIED.,.F.,.F.,(4,3,3,3,3,3,4),(0.,0.003024982,0.004537473,0.006049964,0.007562455,0.009074946,0.012099928),.UNSPECIFIED.);
#9520=EDGE_CURVE('',#9492,#3126,#9519,.T.);
#9521=ORIENTED_EDGE('',*,*,#9520,.T.);
#9522=ORIENTED_EDGE('',*,*,#3132,.T.);
#9523=CARTESIAN_POINT('',(-38.623115093,46.434482618,35.42992499));
#9524=CARTESIAN_POINT('',(-38.623115093,47.146238201,35.905504866));
#9525=CARTESIAN_POINT('',(-38.561443922,47.851484043,36.376735072));
#9526=CARTESIAN_POINT('',(-38.461027746,48.55264013,36.845232591));
#9527=CARTESIAN_POINT('',(-38.36061157,49.253796217,37.31373011));
#9528=CARTESIAN_POINT('',(-38.221007695,49.95081582,37.779463719));
#9529=CARTESIAN_POINT('',(-38.070716487,50.646707315,38.24444355));
#9530=CARTESIAN_POINT('',(-37.92042528,51.342598809,38.709423381));
#9531=CARTESIAN_POINT('',(-37.75964928,52.037383575,39.173663719));
#9532=CARTESIAN_POINT('',(-37.625413956,52.734969859,39.639775972));
#9533=CARTESIAN_POINT('',(-37.491178632,53.432556143,40.105888226));
#9534=CARTESIAN_POINT('',(-37.385193935,54.133124441,40.573992997));
#9535=CARTESIAN_POINT('',(-37.339728748,54.840080916,41.046366211));
#9536=B_SPLINE_CURVE_WITH_KNOTS('',3,(#9523,#9524,#9525,#9526,#9527,#9528,#9529,#9530,#9531,#9532,#9533,#9534,#9535),.UNSPECIFIED.,.F.,.F.,(4,3,3,3,4),(0.,0.002547616,0.005095232,0.007642849,0.010190465),.UNSPECIFIED.);
#9537=EDGE_CURVE('',#9490,#3118,#9536,.T.);
#9538=ORIENTED_EDGE('',*,*,#9537,.F.);
#9539=EDGE_LOOP('',(#9499,#9521,#9522,#9538));
#9540=FACE_BOUND('',#9539,.T.);
#9541=ADVANCED_FACE('',(#9540),#9488,.T.);
#9542=CARTESIAN_POINT('',(-28.923115093,50.,-50.));
#9543=DIRECTION('',(-1.,0.,0.));
#9544=DIRECTION('',(0.,0.,1.));
#9545=AXIS2_PLACEMENT_3D('',#9542,#9543,#9544);
#9546=TOROIDAL_SURFACE('',#9545,15.,9.7);
#9547=CARTESIAN_POINT('',(-37.730537915,50.000000001,-39.064355159));
#9548=VERTEX_POINT('',#9547);
#9549=CARTESIAN_POINT('',(-38.349009425,49.999999998,-37.289292352));
#9550=VERTEX_POINT('',#9549);
#9551=CARTESIAN_POINT('',(-28.923115093,50.,-35.));
#9552=DIRECTION('',(-0.,1.,-0.));
#9553=DIRECTION('',(0.,0.,1.));
#9554=AXIS2_PLACEMENT_3D('',#9551,#9552,#9553);
#9555=CIRCLE('',#9554,9.7);
#9556=EDGE_CURVE('',#9548,#9550,#9555,.T.);
#9557=ORIENTED_EDGE('',*,*,#9556,.T.);
#9558=CARTESIAN_POINT('',(-37.807302743,55.942320936,-40.617151976));
#9559=VERTEX_POINT('',#9558);
#9560=CARTESIAN_POINT('',(-38.623115093,46.606578111,-35.388884783));
#9561=CARTESIAN_POINT('',(-38.623115093,47.388418816,-35.826736616));
#9562=CARTESIAN_POINT('',(-38.566522038,48.166867536,-36.262688846));
#9563=CARTESIAN_POINT('',(-38.480750703,48.943567414,-36.697661678));
#9564=CARTESIAN_POINT('',(-38.394979367,49.720267292,-37.132634509));
#9565=CARTESIAN_POINT('',(-38.279934062,50.495182772,-37.56660803));
#9566=CARTESIAN_POINT('',(-38.16885804,51.270293046,-38.00069064));
#9567=CARTESIAN_POINT('',(-38.057782018,52.04540332,-38.434773251));
#9568=CARTESIAN_POINT('',(-37.951657761,52.820860593,-38.86905019));
#9569=CARTESIAN_POINT('',(-37.883302802,53.598964591,-39.304809366));
#9570=CARTESIAN_POINT('',(-37.849125323,53.988016589,-39.522688954));
#9571=CARTESIAN_POINT('',(-37.824288089,54.377723116,-39.740935096));
#9572=CARTESIAN_POINT('',(-37.811163442,54.768250414,-39.959640891));
#9573=CARTESIAN_POINT('',(-37.798038795,55.158777712,-40.178346686));
#9574=CARTESIAN_POINT('',(-37.79665976,55.550128096,-40.397513432));
#9575=CARTESIAN_POINT('',(-37.807302743,55.942320936,-40.617151976));
#9576=B_SPLINE_CURVE_WITH_KNOTS('',3,(#9560,#9561,#9562,#9563,#9564,#9565,#9566,#9567,#9568,#9569,#9570,#9571,#9572,#9573,#9574,#9575),.UNSPECIFIED.,.F.,.F.,(4,3,3,3,3,4),(0.,0.002681969,0.005363938,0.008045907,0.009386892,0.010727876),.UNSPECIFIED.);
#9577=EDGE_CURVE('',#9550,#9559,#9576,.T.);
#9578=ORIENTED_EDGE('',*,*,#9577,.T.);
#9579=CARTESIAN_POINT('',(-36.830257909,55.755139251,-42.591109027));
#9580=VERTEX_POINT('',#9579);
#9581=CARTESIAN_POINT('',(-37.807302743,55.942320936,-40.617151976));
#9582=CARTESIAN_POINT('',(-37.541924806,55.899668172,-41.306857991));
#9583=CARTESIAN_POINT('',(-37.216628342,55.835310073,-41.964848053));
#9584=CARTESIAN_POINT('',(-36.830257909,55.755139251,-42.591109027));
#9585=B_SPLINE_CURVE_WITH_KNOTS('',3,(#9581,#9582,#9583,#9584),.UNSPECIFIED.,.F.,.F.,(4,4),(0.,0.002210466),.UNSPECIFIED.);
#9586=EDGE_CURVE('',#9559,#9580,#9585,.T.);
#9587=ORIENTED_EDGE('',*,*,#9586,.T.);
#9588=CARTESIAN_POINT('',(-38.623115093,44.85343954,-35.910538852));
#9589=CARTESIAN_POINT('',(-38.623115093,45.776637728,-36.47627543));
#9590=CARTESIAN_POINT('',(-38.511704457,46.688104515,-37.034822995));
#9591=CARTESIAN_POINT('',(-38.332241526,47.59240548,-37.588979339));
#9592=CARTESIAN_POINT('',(-38.24251006,48.044555962,-37.866057511));
#9593=CARTESIAN_POINT('',(-38.135796183,48.494948365,-38.14205833));
#9594=CARTESIAN_POINT('',(-38.019126154,48.944228224,-38.417377382));
#9595=CARTESIAN_POINT('',(-37.902456126,49.393508084,-38.692696434));
#9596=CARTESIAN_POINT('',(-37.775829697,49.841515621,-38.967235806));
#9597=CARTESIAN_POINT('',(-37.64841577,50.289422524,-39.241713509));
#9598=CARTESIAN_POINT('',(-37.393587917,51.18523633,-39.790668915));
#9599=CARTESIAN_POINT('',(-37.134446647,52.080498927,-40.33928654));
#9600=CARTESIAN_POINT('',(-36.969230658,52.987764179,-40.895259402));
#9601=CARTESIAN_POINT('',(-36.886622663,53.441396806,-41.173245833));
#9602=CARTESIAN_POINT('',(-36.828100889,53.898107396,-41.453118443));
#9603=CARTESIAN_POINT('',(-36.80312142,54.359104337,-41.735617732));
#9604=CARTESIAN_POINT('',(-36.778141951,54.820101278,-42.01811702));
#9605=CARTESIAN_POINT('',(-36.78703445,55.285426698,-42.303268804));
#9606=CARTESIAN_POINT('',(-36.830257909,55.755139251,-42.591109027));
#9607=B_SPLINE_CURVE_WITH_KNOTS('',3,(#9588,#9589,#9590,#9591,#9592,#9593,#9594,#9595,#9596,#9597,#9598,#9599,#9600,#9601,#9602,#9603,#9604,#9605,#9606),.UNSPECIFIED.,.F.,.F.,(4,3,3,3,3,3,4),(0.,0.003223766,0.00483565,0.006447533,0.009671299,0.011283183,0.012895066),.UNSPECIFIED.);
#9608=EDGE_CURVE('',#9548,#9580,#9607,.T.);
#9609=ORIENTED_EDGE('',*,*,#9608,.F.);
#9610=EDGE_LOOP('',(#9557,#9578,#9587,#9609));
#9611=FACE_BOUND('',#9610,.T.);
#9612=ADVANCED_FACE('',(#9611),#9546,.T.);
#9613=CARTESIAN_POINT('',(-28.923115093,50.,-50.));
#9614=DIRECTION('',(-1.,0.,0.));
#9615=DIRECTION('',(0.,0.,1.));
#9616=AXIS2_PLACEMENT_3D('',#9613,#9614,#9615);
#9617=TOROIDAL_SURFACE('',#9616,15.,9.7);
#9618=CARTESIAN_POINT('',(-38.579869653,49.999999999,-35.913936663));
#9619=VERTEX_POINT('',#9618);
#9620=CARTESIAN_POINT('',(-38.623115093,50.,-35.));
#9621=VERTEX_POINT('',#9620);
#9622=CARTESIAN_POINT('',(-28.923115093,50.,-35.));
#9623=DIRECTION('',(-0.,1.,-0.));
#9624=DIRECTION('',(0.,0.,1.));
#9625=AXIS2_PLACEMENT_3D('',#9622,#9623,#9624);
#9626=CIRCLE('',#9625,9.7);
#9627=EDGE_CURVE('',#9619,#9621,#9626,.T.);
#9628=ORIENTED_EDGE('',*,*,#9627,.T.);
#9629=CARTESIAN_POINT('',(-38.623115093,51.66353127,-35.092529936));
#9630=VERTEX_POINT('',#9629);
#9631=CARTESIAN_POINT('',(-38.623115093,50.,-50.));
#9632=DIRECTION('',(-1.,0.,0.));
#9633=DIRECTION('',(0.,0.,1.));
#9634=AXIS2_PLACEMENT_3D('',#9631,#9632,#9633);
#9635=CIRCLE('',#9634,15.);
#9636=EDGE_CURVE('',#9621,#9630,#9635,.T.);
#9637=ORIENTED_EDGE('',*,*,#9636,.T.);
#9638=CARTESIAN_POINT('',(-38.575902237,56.,-37.302071115));
#9639=VERTEX_POINT('',#9638);
#9640=CARTESIAN_POINT('',(-38.623115093,51.66353127,-35.092529936));
#9641=CARTESIAN_POINT('',(-38.623115093,52.386344072,-35.460821454));
#9642=CARTESIAN_POINT('',(-38.610850489,53.109050866,-35.829058957));
#9643=CARTESIAN_POINT('',(-38.599579608,53.831766248,-36.197300838));
#9644=CARTESIAN_POINT('',(-38.588308726,54.554481631,-36.565542718));
#9645=CARTESIAN_POINT('',(-38.578297151,55.277207899,-36.933790144));
#9646=CARTESIAN_POINT('',(-38.575902237,56.,-37.302071115));
#9647=B_SPLINE_CURVE_WITH_KNOTS('',3,(#9640,#9641,#9642,#9643,#9644,#9645,#9646),.UNSPECIFIED.,.F.,.F.,(4,3,4),(0.,0.002433581,0.004867162),.UNSPECIFIED.);
#9648=EDGE_CURVE('',#9630,#9639,#9647,.T.);
#9649=ORIENTED_EDGE('',*,*,#9648,.T.);
#9650=CARTESIAN_POINT('',(-38.358554375,56.,-38.749996362));
#9651=VERTEX_POINT('',#9650);
#9652=CARTESIAN_POINT('',(-38.575902237,56.,-37.302071115));
#9653=CARTESIAN_POINT('',(-38.53248547,56.,-37.78694403));
#9654=CARTESIAN_POINT('',(-38.458669633,56.,-38.274181362));
#9655=CARTESIAN_POINT('',(-38.358554375,56.,-38.749996362));
#9656=B_SPLINE_CURVE_WITH_KNOTS('',3,(#9652,#9653,#9654,#9655),.UNSPECIFIED.,.F.,.F.,(4,4),(0.006636392,0.008088416),.UNSPECIFIED.);
#9657=EDGE_CURVE('',#9639,#9651,#9656,.T.);
#9658=ORIENTED_EDGE('',*,*,#9657,.T.);
#9659=CARTESIAN_POINT('',(-38.236874347,55.995503048,-39.271579701));
#9660=VERTEX_POINT('',#9659);
#9661=CARTESIAN_POINT('',(-38.358554375,56.,-38.749996362));
#9662=CARTESIAN_POINT('',(-38.321783885,56.000000021,-38.924754455));
#9663=CARTESIAN_POINT('',(-38.281229007,55.998485773,-39.098616633));
#9664=CARTESIAN_POINT('',(-38.236874347,55.995503048,-39.271579701));
#9665=B_SPLINE_CURVE_WITH_KNOTS('',3,(#9661,#9662,#9663,#9664),.UNSPECIFIED.,.F.,.F.,(4,4),(0.,0.000535608),.UNSPECIFIED.);
#9666=EDGE_CURVE('',#9651,#9660,#9665,.T.);
#9667=ORIENTED_EDGE('',*,*,#9666,.T.);
#9668=CARTESIAN_POINT('',(-38.623115093,48.501956414,-35.074991946));
#9669=CARTESIAN_POINT('',(-38.623115093,49.753406685,-35.775837772));
#9670=CARTESIAN_POINT('',(-38.517859018,51.000727006,-36.474370715));
#9671=CARTESIAN_POINT('',(-38.419403331,52.248314155,-37.173053089));
#9672=CARTESIAN_POINT('',(-38.370175488,52.87210773,-37.522394277));
#9673=CARTESIAN_POINT('',(-38.32299012,53.495981445,-37.871780345));
#9674=CARTESIAN_POINT('',(-38.28963686,54.120397893,-38.221470358));
#9675=CARTESIAN_POINT('',(-38.2562836,54.744814341,-38.571160371));
#9676=CARTESIAN_POINT('',(-38.237062496,55.369785295,-38.921160922));
#9677=CARTESIAN_POINT('',(-38.236874347,55.995503048,-39.271579701));
#9678=B_SPLINE_CURVE_WITH_KNOTS('',3,(#9668,#9669,#9670,#9671,#9672,#9673,#9674,#9675,#9676,#9677),.UNSPECIFIED.,.F.,.F.,(4,3,3,4),(0.,0.004298656,0.006447984,0.008597312),.UNSPECIFIED.);
#9679=EDGE_CURVE('',#9619,#9660,#9678,.T.);
#9680=ORIENTED_EDGE('',*,*,#9679,.F.);
#9681=EDGE_LOOP('',(#9628,#9637,#9649,#9658,#9667,#9680));
#9682=FACE_BOUND('',#9681,.T.);
#9683=ADVANCED_FACE('',(#9682),#9617,.T.);
#9684=CARTESIAN_POINT('',(-28.923115093,50.,-50.));
#9685=DIRECTION('',(-1.,0.,0.));
#9686=DIRECTION('',(0.,0.,1.));
#9687=AXIS2_PLACEMENT_3D('',#9684,#9685,#9686);
#9688=TOROIDAL_SURFACE('',#9687,15.,9.7);
#9689=CARTESIAN_POINT('',(-35.230390961,49.999999884,-42.369108935));
#9690=VERTEX_POINT('',#9689);
#9691=CARTESIAN_POINT('',(-36.932369374,49.999999984,-40.471739409));
#9692=VERTEX_POINT('',#9691);
#9693=CARTESIAN_POINT('',(-28.923115093,50.,-35.));
#9694=DIRECTION('',(-0.,1.,-0.));
#9695=DIRECTION('',(0.,0.,1.));
#9696=AXIS2_PLACEMENT_3D('',#9693,#9694,#9695);
#9697=CIRCLE('',#9696,9.7);
#9698=EDGE_CURVE('',#9690,#9692,#9697,.T.);
#9699=ORIENTED_EDGE('',*,*,#9698,.T.);
#9700=CARTESIAN_POINT('',(-35.889337492,55.468984361,-43.823137345));
#9701=VERTEX_POINT('',#9700);
#9702=CARTESIAN_POINT('',(-38.623115093,43.493564288,-36.484590486));
#9703=CARTESIAN_POINT('',(-38.623115093,44.525389189,-37.116893599));
#9704=CARTESIAN_POINT('',(-38.464036121,45.534059352,-37.73500747));
#9705=CARTESIAN_POINT('',(-38.198860017,46.527286548,-38.343657878));
#9706=CARTESIAN_POINT('',(-38.066271965,47.023900146,-38.647983082));
#9707=CARTESIAN_POINT('',(-37.906972063,47.516625701,-38.949925691));
#9708=CARTESIAN_POINT('',(-37.729341606,48.006683152,-39.250233283));
#9709=CARTESIAN_POINT('',(-37.551711148,48.496740603,-39.550540875));
#9710=CARTESIAN_POINT('',(-37.356198088,48.982497373,-39.848213007));
#9711=CARTESIAN_POINT('',(-37.155239557,49.466693514,-40.144928783));
#9712=CARTESIAN_POINT('',(-36.954281025,49.950889654,-40.44164456));
#9713=CARTESIAN_POINT('',(-36.747613342,50.433611174,-40.737456687));
#9714=CARTESIAN_POINT('',(-36.554004901,50.919705774,-41.035335842));
#9715=CARTESIAN_POINT('',(-36.36039646,51.405800375,-41.333214996));
#9716=CARTESIAN_POINT('',(-36.179841531,51.895266577,-41.633160271));
#9717=CARTESIAN_POINT('',(-36.039748132,52.395183618,-41.939509828));
#9718=CARTESIAN_POINT('',(-35.969701433,52.645142139,-42.092684606));
#9719=CARTESIAN_POINT('',(-35.909926974,52.897753884,-42.247485283));
#9720=CARTESIAN_POINT('',(-35.864287235,53.154016497,-42.404523214));
#9721=CARTESIAN_POINT('',(-35.818647497,53.41027911,-42.561561145));
#9722=CARTESIAN_POINT('',(-35.787580089,53.669460007,-42.720387403));
#9723=CARTESIAN_POINT('',(-35.773699454,53.927075347,-42.878254286));
#9724=CARTESIAN_POINT('',(-35.745938186,54.442306026,-43.193988052));
#9725=CARTESIAN_POINT('',(-35.787931844,54.956210131,-43.508908893));
#9726=CARTESIAN_POINT('',(-35.889337492,55.468984361,-43.823137345));
#9727=B_SPLINE_CURVE_WITH_KNOTS('',3,(#9702,#9703,#9704,#9705,#9706,#9707,#9708,#9709,#9710,#9711,#9712,#9713,#9714,#9715,#9716,#9717,#9718,#9719,#9720,#9721,#9722,#9723,#9724,#9725,#9726),.UNSPECIFIED.,.F.,.F.,(4,3,3,3,3,3,3,3,4),(0.,0.003578687,0.005368031,0.007157375,0.008946719,0.010736062,0.011630734,0.012525406,0.01431475),.UNSPECIFIED.);
#9728=EDGE_CURVE('',#9692,#9701,#9727,.T.);
#9729=ORIENTED_EDGE('',*,*,#9728,.T.);
#9730=CARTESIAN_POINT('',(-33.318133244,53.789363582,-44.90108081));
#9731=VERTEX_POINT('',#9730);
#9732=CARTESIAN_POINT('',(-33.318133244,53.789363582,-44.90108081));
#9733=CARTESIAN_POINT('',(-33.536055969,53.96373632,-44.892670221));
#9734=CARTESIAN_POINT('',(-33.758671006,54.124459272,-44.863067682));
#9735=CARTESIAN_POINT('',(-33.98081347,54.279888129,-44.815358415));
#9736=CARTESIAN_POINT('',(-34.202955933,54.435316986,-44.767649147));
#9737=CARTESIAN_POINT('',(-34.424958944,54.584868386,-44.701499268));
#9738=CARTESIAN_POINT('',(-34.645535429,54.729390828,-44.613933056));
#9739=CARTESIAN_POINT('',(-34.755823671,54.801652049,-44.57014995));
#9740=CARTESIAN_POINT('',(-34.865820915,54.87260143,-44.520855433));
#9741=CARTESIAN_POINT('',(-34.973388231,54.940648839,-44.466539289));
#9742=CARTESIAN_POINT('',(-35.080955547,55.008696249,-44.412223145));
#9743=CARTESIAN_POINT('',(-35.186603988,55.074192949,-44.352706902));
#9744=CARTESIAN_POINT('',(-35.290310092,55.13667397,-44.287538661));
#9745=CARTESIAN_POINT('',(-35.497722302,55.261636012,-44.157202178));
#9746=CARTESIAN_POINT('',(-35.697320761,55.375004177,-44.004609908));
#9747=CARTESIAN_POINT('',(-35.889337492,55.468984361,-43.823137345));
#9748=B_SPLINE_CURVE_WITH_KNOTS('',3,(#9732,#9733,#9734,#9735,#9736,#9737,#9738,#9739,#9740,#9741,#9742,#9743,#9744,#9745,#9746,#9747),.UNSPECIFIED.,.F.,.F.,(4,3,3,3,3,4),(0.,0.000825779,0.001651557,0.002064447,0.002477336,0.003303115),.UNSPECIFIED.);
#9749=EDGE_CURVE('',#9731,#9701,#9748,.T.);
#9750=ORIENTED_EDGE('',*,*,#9749,.F.);
#9751=CARTESIAN_POINT('',(-38.623115093,42.223665892,-37.173128681));
#9752=CARTESIAN_POINT('',(-38.623115093,42.753746376,-37.527317136));
#9753=CARTESIAN_POINT('',(-38.571795474,43.277283892,-37.877133721));
#9754=CARTESIAN_POINT('',(-38.475034242,43.795027853,-38.223079175));
#9755=CARTESIAN_POINT('',(-38.37827301,44.312771814,-38.56902463));
#9756=CARTESIAN_POINT('',(-38.235921546,44.824703274,-38.911086295));
#9757=CARTESIAN_POINT('',(-38.051873151,45.331318604,-39.249595837));
#9758=CARTESIAN_POINT('',(-37.683776362,46.344549266,-39.926614921));
#9759=CARTESIAN_POINT('',(-37.163423069,47.295162986,-40.561794701));
#9760=CARTESIAN_POINT('',(-36.551679093,48.207472737,-41.171380588));
#9761=CARTESIAN_POINT('',(-36.245807105,48.663627612,-41.476173531));
#9762=CARTESIAN_POINT('',(-35.916930409,49.110222774,-41.774578878));
#9763=CARTESIAN_POINT('',(-35.577602228,49.552474772,-42.070082216));
#9764=CARTESIAN_POINT('',(-35.238274047,49.99472677,-42.365585553));
#9765=CARTESIAN_POINT('',(-34.88779365,50.431883907,-42.657684614));
#9766=CARTESIAN_POINT('',(-34.551359601,50.875994389,-42.954429751));
#9767=CARTESIAN_POINT('',(-34.383142577,51.09804963,-43.102802319));
#9768=CARTESIAN_POINT('',(-34.218633706,51.32200479,-43.252444373));
#9769=CARTESIAN_POINT('',(-34.064148689,51.551095801,-43.405518092));
#9770=CARTESIAN_POINT('',(-33.909663672,51.780186811,-43.558591812));
#9771=CARTESIAN_POINT('',(-33.765010255,52.014683215,-43.715277299));
#9772=CARTESIAN_POINT('',(-33.643228766,52.255807288,-43.876391254));
#9773=CARTESIAN_POINT('',(-33.582338021,52.376369324,-43.956948231));
#9774=CARTESIAN_POINT('',(-33.527142395,52.498761031,-44.038727755));
#9775=CARTESIAN_POINT('',(-33.479613016,52.623615673,-44.12215296));
#9776=CARTESIAN_POINT('',(-33.432083637,52.748470314,-44.205578164));
#9777=CARTESIAN_POINT('',(-33.392069916,52.876551884,-44.291159533));
#9778=CARTESIAN_POINT('',(-33.362462707,53.005968444,-44.377632914));
#9779=CARTESIAN_POINT('',(-33.303248289,53.264801565,-44.550579676));
#9780=CARTESIAN_POINT('',(-33.286927505,53.525853398,-44.725008934));
#9781=CARTESIAN_POINT('',(-33.318133244,53.789363582,-44.90108081));
#9782=B_SPLINE_CURVE_WITH_KNOTS('',3,(#9751,#9752,#9753,#9754,#9755,#9756,#9757,#9758,#9759,#9760,#9761,#9762,#9763,#9764,#9765,#9766,#9767,#9768,#9769,#9770,#9771,#9772,#9773,#9774,#9775,#9776,
#9777,#9778,#9779,#9780,#9781),.UNSPECIFIED.,.F.,.F.,(4,3,3,3,3,3,3,3,3,3,4),(0.,0.001890472,0.003780944,0.007561887,0.009452359,0.011342831,0.012288067,0.013233303,0.013705921,0.014178539,0.015123775),.UNSPECIFIED.);
#9783=EDGE_CURVE('',#9690,#9731,#9782,.T.);
#9784=ORIENTED_EDGE('',*,*,#9783,.F.);
#9785=EDGE_LOOP('',(#9699,#9729,#9750,#9784));
#9786=FACE_BOUND('',#9785,.T.);
#9787=ADVANCED_FACE('',(#9786),#9688,.T.);
#9788=CARTESIAN_POINT('',(-23.923115093,0.,0.));
#9789=DIRECTION('',(1.,0.,0.));
#9790=DIRECTION('',(0.,1.,0.));
#9791=AXIS2_PLACEMENT_3D('',#9788,#9789,#9790);
#9792=PLANE('',#9791);
#9793=CARTESIAN_POINT('',(-23.923115093,50.368996984,-39.871496984));
#9794=VERTEX_POINT('',#9793);
#9795=CARTESIAN_POINT('',(-23.923115093,50.368996984,-36.033503016));
#9796=VERTEX_POINT('',#9795);
#9797=CARTESIAN_POINT('',(-23.923115093,50.368996984,-39.871496984));
#9798=DIRECTION('',(0.,0.,1.));
#9799=VECTOR('',#9798,3.837993968);
#9800=LINE('',#9797,#9799);
#9801=EDGE_CURVE('',#9794,#9796,#9800,.T.);
#9802=ORIENTED_EDGE('',*,*,#9801,.T.);
#9803=CARTESIAN_POINT('',(-23.923115093,49.368996984,-35.033503016));
#9804=VERTEX_POINT('',#9803);
#9805=CARTESIAN_POINT('',(-23.923115093,49.368996984,-36.033503016));
#9806=DIRECTION('',(1.,0.,0.));
#9807=DIRECTION('',(0.,0.,-1.));
#9808=AXIS2_PLACEMENT_3D('',#9805,#9806,#9807);
#9809=CIRCLE('',#9808,1.);
#9810=EDGE_CURVE('',#9796,#9804,#9809,.T.);
#9811=ORIENTED_EDGE('',*,*,#9810,.T.);
#9812=CARTESIAN_POINT('',(-23.923115093,40.631003016,-35.033503016));
#9813=VERTEX_POINT('',#9812);
#9814=CARTESIAN_POINT('',(-23.923115093,49.368996984,-35.033503016));
#9815=DIRECTION('',(0.,-1.,0.));
#9816=VECTOR('',#9815,8.737993968);
#9817=LINE('',#9814,#9816);
#9818=EDGE_CURVE('',#9804,#9813,#9817,.T.);
#9819=ORIENTED_EDGE('',*,*,#9818,.T.);
#9820=CARTESIAN_POINT('',(-23.923115093,39.631003016,-36.033503016));
#9821=VERTEX_POINT('',#9820);
#9822=CARTESIAN_POINT('',(-23.923115093,40.631003016,-36.033503016));
#9823=DIRECTION('',(1.,0.,0.));
#9824=DIRECTION('',(0.,0.,-1.));
#9825=AXIS2_PLACEMENT_3D('',#9822,#9823,#9824);
#9826=CIRCLE('',#9825,1.);
#9827=EDGE_CURVE('',#9813,#9821,#9826,.T.);
#9828=ORIENTED_EDGE('',*,*,#9827,.T.);
#9829=CARTESIAN_POINT('',(-23.923115093,39.631003016,-39.871496984));
#9830=VERTEX_POINT('',#9829);
#9831=CARTESIAN_POINT('',(-23.923115093,39.631003016,-39.871496984));
#9832=DIRECTION('',(0.,0.,1.));
#9833=VECTOR('',#9832,3.837993968);
#9834=LINE('',#9831,#9833);
#9835=EDGE_CURVE('',#9830,#9821,#9834,.T.);
#9836=ORIENTED_EDGE('',*,*,#9835,.F.);
#9837=CARTESIAN_POINT('',(-23.923115093,40.631003016,-40.871496984));
#9838=VERTEX_POINT('',#9837);
#9839=CARTESIAN_POINT('',(-23.923115093,40.631003016,-39.871496984));
#9840=DIRECTION('',(1.,0.,0.));
#9841=DIRECTION('',(0.,0.,-1.));
#9842=AXIS2_PLACEMENT_3D('',#9839,#9840,#9841);
#9843=CIRCLE('',#9842,1.);
#9844=EDGE_CURVE('',#9830,#9838,#9843,.T.);
#9845=ORIENTED_EDGE('',*,*,#9844,.T.);
#9846=CARTESIAN_POINT('',(-23.923115093,49.368996984,-40.871496984));
#9847=VERTEX_POINT('',#9846);
#9848=CARTESIAN_POINT('',(-23.923115093,49.368996984,-40.871496984));
#9849=DIRECTION('',(0.,-1.,0.));
#9850=VECTOR('',#9849,8.737993968);
#9851=LINE('',#9848,#9850);
#9852=EDGE_CURVE('',#9847,#9838,#9851,.T.);
#9853=ORIENTED_EDGE('',*,*,#9852,.F.);
#9854=CARTESIAN_POINT('',(-23.923115093,49.368996984,-39.871496984));
#9855=DIRECTION('',(1.,0.,0.));
#9856=DIRECTION('',(0.,0.,-1.));
#9857=AXIS2_PLACEMENT_3D('',#9854,#9855,#9856);
#9858=CIRCLE('',#9857,1.);
#9859=EDGE_CURVE('',#9847,#9794,#9858,.T.);
#9860=ORIENTED_EDGE('',*,*,#9859,.T.);
#9861=EDGE_LOOP('',(#9802,#9811,#9819,#9828,#9836,#9845,#9853,#9860));
#9862=FACE_BOUND('',#9861,.T.);
#9863=ADVANCED_FACE('',(#9862),#9792,.T.);
#9864=CARTESIAN_POINT('',(-28.923115093,50.,-50.));
#9865=DIRECTION('',(-1.,0.,0.));
#9866=DIRECTION('',(0.,0.,1.));
#9867=AXIS2_PLACEMENT_3D('',#9864,#9865,#9866);
#9868=TOROIDAL_SURFACE('',#9867,15.,9.7);
#9869=CARTESIAN_POINT('',(-32.541125596,50.,-44.));
#9870=VERTEX_POINT('',#9869);
#9871=CARTESIAN_POINT('',(-32.976974816,50.000000007,-43.812327542));
#9872=VERTEX_POINT('',#9871);
#9873=CARTESIAN_POINT('',(-28.923115093,50.,-35.));
#9874=DIRECTION('',(-0.,1.,-0.));
#9875=DIRECTION('',(0.,0.,1.));
#9876=AXIS2_PLACEMENT_3D('',#9873,#9874,#9875);
#9877=CIRCLE('',#9876,9.7);
#9878=EDGE_CURVE('',#9870,#9872,#9877,.T.);
#9879=ORIENTED_EDGE('',*,*,#9878,.T.);
#9880=CARTESIAN_POINT('',(-32.541125596,50.291473519,-44.007083916));
#9881=VERTEX_POINT('',#9880);
#9882=CARTESIAN_POINT('',(-38.623115093,41.142857304,-37.894173995));
#9883=CARTESIAN_POINT('',(-38.623115093,41.598342122,-38.19851922));
#9884=CARTESIAN_POINT('',(-38.582388961,42.048097173,-38.499035937));
#9885=CARTESIAN_POINT('',(-38.504334594,42.492600505,-38.796043569));
#9886=CARTESIAN_POINT('',(-38.426280227,42.937103838,-39.0930512));
#9887=CARTESIAN_POINT('',(-38.310843941,43.376347901,-39.3865447));
#9888=CARTESIAN_POINT('',(-38.159380936,43.810523357,-39.676651464));
#9889=CARTESIAN_POINT('',(-38.083649434,44.027611085,-39.821704847));
#9890=CARTESIAN_POINT('',(-37.998559915,44.244145516,-39.966388528));
#9891=CARTESIAN_POINT('',(-37.905399515,44.457367888,-40.108859162));
#9892=CARTESIAN_POINT('',(-37.812239116,44.67059026,-40.251329797));
#9893=CARTESIAN_POINT('',(-37.711137568,44.880408265,-40.391525705));
#9894=CARTESIAN_POINT('',(-37.602518989,45.087003719,-40.529568374));
#9895=CARTESIAN_POINT('',(-37.385281829,45.500194627,-40.805653712));
#9896=CARTESIAN_POINT('',(-37.138034401,45.90052014,-41.073142668));
#9897=CARTESIAN_POINT('',(-36.863261875,46.28904565,-41.332747114));
#9898=CARTESIAN_POINT('',(-36.725875612,46.483308405,-41.462549337));
#9899=CARTESIAN_POINT('',(-36.58159364,46.674614971,-41.590376298));
#9900=CARTESIAN_POINT('',(-36.430647761,46.863064722,-41.716294396));
#9901=CARTESIAN_POINT('',(-36.279701882,47.051514472,-41.842212494));
#9902=CARTESIAN_POINT('',(-36.121782011,47.237425547,-41.966434302));
#9903=CARTESIAN_POINT('',(-35.959042229,47.418811668,-42.087632633));
#9904=CARTESIAN_POINT('',(-35.633562665,47.78158391,-42.330029296));
#9905=CARTESIAN_POINT('',(-35.287693494,48.127985714,-42.561487582));
#9906=CARTESIAN_POINT('',(-34.924046776,48.460114256,-42.783408778));
#9907=CARTESIAN_POINT('',(-34.560400058,48.792242797,-43.005329975));
#9908=CARTESIAN_POINT('',(-34.179002009,49.110119125,-43.217728146));
#9909=CARTESIAN_POINT('',(-33.78155617,49.415110979,-43.421517188));
#9910=CARTESIAN_POINT('',(-33.38411033,49.720102833,-43.625306229));
#9911=CARTESIAN_POINT('',(-32.970789405,50.012348875,-43.820578792));
#9912=CARTESIAN_POINT('',(-32.541125596,50.291473519,-44.007083916));
#9913=B_SPLINE_CURVE_WITH_KNOTS('',3,(#9882,#9883,#9884,#9885,#9886,#9887,#9888,#9889,#9890,#9891,#9892,#9893,#9894,#9895,#9896,#9897,#9898,#9899,#9900,#9901,#9902,#9903,#9904,#9905,#9906,#9907,
#9908,#9909,#9910,#9911,#9912),.UNSPECIFIED.,.F.,.F.,(4,3,3,3,3,3,3,3,3,3,4),(0.,0.001620388,0.003240776,0.00405097,0.004861164,0.006481552,0.007291746,0.00810194,0.009722327,0.011342715,0.012963103),.UNSPECIFIED.);
#9914=EDGE_CURVE('',#9872,#9881,#9913,.T.);
#9915=ORIENTED_EDGE('',*,*,#9914,.T.);
#9916=CARTESIAN_POINT('',(-32.541125596,50.,-50.));
#9917=DIRECTION('',(-1.,-0.,-0.));
#9918=DIRECTION('',(0.,0.,-1.));
#9919=AXIS2_PLACEMENT_3D('',#9916,#9917,#9918);
#9920=CIRCLE('',#9919,6.);
#9921=EDGE_CURVE('',#9870,#9881,#9920,.T.);
#9922=ORIENTED_EDGE('',*,*,#9921,.F.);
#9923=EDGE_LOOP('',(#9879,#9915,#9922));
#9924=FACE_BOUND('',#9923,.T.);
#9925=ADVANCED_FACE('',(#9924),#9868,.T.);
#9926=CARTESIAN_POINT('',(-28.923115093,50.,-50.));
#9927=DIRECTION('',(-1.,0.,0.));
#9928=DIRECTION('',(0.,0.,1.));
#9929=AXIS2_PLACEMENT_3D('',#9926,#9927,#9928);
#9930=TOROIDAL_SURFACE('',#9929,15.,9.7);
#9931=CARTESIAN_POINT('',(-38.623115093,38.449227834,-40.430273653));
#9932=VERTEX_POINT('',#9931);
#9933=CARTESIAN_POINT('',(-32.541125596,45.522297573,-46.006232233));
#9934=VERTEX_POINT('',#9933);
#9935=CARTESIAN_POINT('',(-38.623115093,38.449227834,-40.430273653));
#9936=CARTESIAN_POINT('',(-38.623115082,38.827030313,-40.728109113));
#9937=CARTESIAN_POINT('',(-38.587543705,39.201481855,-41.023302906));
#9938=CARTESIAN_POINT('',(-38.517118824,39.572650084,-41.315908344));
#9939=CARTESIAN_POINT('',(-38.446693942,39.943818313,-41.608513782));
#9940=CARTESIAN_POINT('',(-38.341086138,40.31256277,-41.899208473));
#9941=CARTESIAN_POINT('',(-38.199709641,40.676074268,-42.185777832));
#9942=CARTESIAN_POINT('',(-38.058333143,41.039585767,-42.47234719));
#9943=CARTESIAN_POINT('',(-37.883873748,41.391411669,-42.749704368));
#9944=CARTESIAN_POINT('',(-37.677097192,41.73182245,-43.018062589));
#9945=CARTESIAN_POINT('',(-37.573708914,41.90202784,-43.152241699));
#9946=CARTESIAN_POINT('',(-37.462207342,42.06936744,-43.284161603));
#9947=CARTESIAN_POINT('',(-37.342484515,42.233803114,-43.413792236));
#9948=CARTESIAN_POINT('',(-37.222761687,42.398238788,-43.543422868));
#9949=CARTESIAN_POINT('',(-37.094419021,42.560171861,-43.67108061));
#9950=CARTESIAN_POINT('',(-36.95941939,42.717128739,-43.794815436));
#9951=CARTESIAN_POINT('',(-36.689420127,43.031042494,-44.042285086));
#9952=CARTESIAN_POINT('',(-36.391864512,43.32685739,-44.275486746));
#9953=CARTESIAN_POINT('',(-36.06709875,43.604800812,-44.494599673));
#9954=CARTESIAN_POINT('',(-35.904715868,43.743772523,-44.604156136));
#9955=CARTESIAN_POINT('',(-35.735502443,43.878257971,-44.710175915));
#9956=CARTESIAN_POINT('',(-35.559329791,44.008172638,-44.81259238));
#9957=CARTESIAN_POINT('',(-35.383157139,44.138087305,-44.915008845));
#9958=CARTESIAN_POINT('',(-35.200345675,44.263110472,-45.013569163));
#9959=CARTESIAN_POINT('',(-35.013358415,44.381708627,-45.10706441));
#9960=CARTESIAN_POINT('',(-34.639383895,44.618904938,-45.294054904));
#9961=CARTESIAN_POINT('',(-34.246241631,44.832427349,-45.4623824));
#9962=CARTESIAN_POINT('',(-33.834251747,45.022671243,-45.612358593));
#9963=CARTESIAN_POINT('',(-33.628256805,45.11779319,-45.68734669));
#9964=CARTESIAN_POINT('',(-33.417530477,45.207071448,-45.757727993));
#9965=CARTESIAN_POINT('',(-33.20199448,45.290409328,-45.823426281));
#9966=CARTESIAN_POINT('',(-32.986458483,45.373747209,-45.889124568));
#9967=CARTESIAN_POINT('',(-32.76531571,45.451390342,-45.950333479));
#9968=CARTESIAN_POINT('',(-32.541125596,45.522297573,-46.006232233));
#9969=B_SPLINE_CURVE_WITH_KNOTS('',3,(#9935,#9936,#9937,#9938,#9939,#9940,#9941,#9942,#9943,#9944,#9945,#9946,#9947,#9948,#9949,#9950,#9951,#9952,#9953,#9954,#9955,#9956,#9957,#9958,#9959,#9960,
#9961,#9962,#9963,#9964,#9965,#9966,#9967,#9968),.UNSPECIFIED.,.F.,.F.,(4,3,3,3,3,3,3,3,3,3,3,4),(0.05552807,0.056967598,0.058407126,0.059846654,0.060566418,0.061286182,0.06272571,0.063445474,0.064165238,0.065604766,0.066324531,0.067044295),.UNSPECIFIED.);
#9970=EDGE_CURVE('',#9932,#9934,#9969,.T.);
#9971=ORIENTED_EDGE('',*,*,#9970,.F.);
#9972=CARTESIAN_POINT('',(-38.623115093,39.258501894,-39.530032548));
#9973=VERTEX_POINT('',#9972);
#9974=CARTESIAN_POINT('',(-38.623115093,50.,-50.));
#9975=DIRECTION('',(-1.,0.,0.));
#9976=DIRECTION('',(0.,0.,1.));
#9977=AXIS2_PLACEMENT_3D('',#9974,#9975,#9976);
#9978=CIRCLE('',#9977,15.);
#9979=EDGE_CURVE('',#9932,#9973,#9978,.T.);
#9980=ORIENTED_EDGE('',*,*,#9979,.T.);
#9981=CARTESIAN_POINT('',(-32.541125596,46.737990254,-44.96419893));
#9982=VERTEX_POINT('',#9981);
#9983=CARTESIAN_POINT('',(-38.623115093,39.258501894,-39.530032548));
#9984=CARTESIAN_POINT('',(-38.623115093,39.657112018,-39.819639756));
#9985=CARTESIAN_POINT('',(-38.586566498,40.04994534,-40.10504987));
#9986=CARTESIAN_POINT('',(-38.515578973,40.437335309,-40.386505158));
#9987=CARTESIAN_POINT('',(-38.444591449,40.824725277,-40.667960445));
#9988=CARTESIAN_POINT('',(-38.339154454,41.206670228,-40.945459695));
#9989=CARTESIAN_POINT('',(-38.199106912,41.583144699,-41.218984409));
#9990=CARTESIAN_POINT('',(-38.12908314,41.771381935,-41.355746766));
#9991=CARTESIAN_POINT('',(-38.050376672,41.9582468,-41.491512038));
#9992=CARTESIAN_POINT('',(-37.962756604,42.143702799,-41.626253707));
#9993=CARTESIAN_POINT('',(-37.875136536,42.329158797,-41.760995377));
#9994=CARTESIAN_POINT('',(-37.778684751,42.512825683,-41.894437181));
#9995=CARTESIAN_POINT('',(-37.675005927,42.691930204,-42.024564233));
#9996=CARTESIAN_POINT('',(-37.467648279,43.050139247,-42.284818336));
#9997=CARTESIAN_POINT('',(-37.230075491,43.393338208,-42.534166977));
#9998=CARTESIAN_POINT('',(-36.963005779,43.721883876,-42.772869377));
#9999=CARTESIAN_POINT('',(-36.829470923,43.886156711,-42.892220578));
#10000=CARTESIAN_POINT('',(-36.688534424,44.046752605,-43.008900325));
#10001=CARTESIAN_POINT('',(-36.540101919,44.203624681,-43.12287456));
#10002=CARTESIAN_POINT('',(-36.391669414,44.360496758,-43.236848795));
#10003=CARTESIAN_POINT('',(-36.235325006,44.514024337,-43.34839311));
#10004=CARTESIAN_POINT('',(-36.072201281,44.66287054,-43.456536207));
#10005=CARTESIAN_POINT('',(-35.745953829,44.960562946,-43.6728224));
#10006=CARTESIAN_POINT('',(-35.397063479,45.235885384,-43.87285586));
#10007=CARTESIAN_POINT('',(-35.026258282,45.489557129,-44.057159171));
#10008=CARTESIAN_POINT('',(-34.655453084,45.743228874,-44.241462482));
#10009=CARTESIAN_POINT('',(-34.262745295,45.975262035,-44.410044441));
#10010=CARTESIAN_POINT('',(-33.847167362,46.184700722,-44.562210554));
#10011=CARTESIAN_POINT('',(-33.639378396,46.289420066,-44.638293611));
#10012=CARTESIAN_POINT('',(-33.425270378,46.388679556,-44.710409852));
#10013=CARTESIAN_POINT('',(-33.207341085,46.481061392,-44.777529185));
#10014=CARTESIAN_POINT('',(-32.989411792,46.573443229,-44.844648518));
#10015=CARTESIAN_POINT('',(-32.767372398,46.659138947,-44.906910102));
#10016=CARTESIAN_POINT('',(-32.541125596,46.737990254,-44.96419893));
#10017=B_SPLINE_CURVE_WITH_KNOTS('',3,(#9983,#9984,#9985,#9986,#9987,#9988,#9989,#9990,#9991,#9992,#9993,#9994,#9995,#9996,#9997,#9998,#9999,#10000,#10001,#10002,#10003,#10004,#10005,#10006,#10007,#10008,
#10009,#10010,#10011,#10012,#10013,#10014,#10015,#10016),.UNSPECIFIED.,.F.,.F.,(4,3,3,3,3,3,3,3,3,3,3,4),(0.,0.001450701,0.002901401,0.003626751,0.004352102,0.005802802,0.006528152,0.007253503,0.008704203,0.010154904,0.010880254,0.011605604),.UNSPECIFIED.);
#10018=EDGE_CURVE('',#9973,#9982,#10017,.T.);
#10019=ORIENTED_EDGE('',*,*,#10018,.T.);
#10020=CARTESIAN_POINT('',(-32.541125596,50.,-50.));
#10021=DIRECTION('',(-1.,-0.,-0.));
#10022=DIRECTION('',(0.,0.,-1.));
#10023=AXIS2_PLACEMENT_3D('',#10020,#10021,#10022);
#10024=CIRCLE('',#10023,6.);
#10025=EDGE_CURVE('',#9934,#9982,#10024,.T.);
#10026=ORIENTED_EDGE('',*,*,#10025,.F.);
#10027=EDGE_LOOP('',(#9971,#9980,#10019,#10026));
#10028=FACE_BOUND('',#10027,.T.);
#10029=ADVANCED_FACE('',(#10028),#9930,.T.);
#10030=CARTESIAN_POINT('',(-28.923115093,50.,-50.));
#10031=DIRECTION('',(-1.,0.,0.));
#10032=DIRECTION('',(0.,0.,1.));
#10033=AXIS2_PLACEMENT_3D('',#10030,#10031,#10032);
#10034=TOROIDAL_SURFACE('',#10033,15.,9.7);
#10035=CARTESIAN_POINT('',(-38.623115093,37.06368015,-42.407133035));
#10036=VERTEX_POINT('',#10035);
#10037=CARTESIAN_POINT('',(-38.623115093,37.721143962,-41.384334361));
#10038=VERTEX_POINT('',#10037);
#10039=CARTESIAN_POINT('',(-38.623115093,50.,-50.));
#10040=DIRECTION('',(-1.,0.,0.));
#10041=DIRECTION('',(0.,0.,1.));
#10042=AXIS2_PLACEMENT_3D('',#10039,#10040,#10041);
#10043=CIRCLE('',#10042,15.);
#10044=EDGE_CURVE('',#10036,#10038,#10043,.T.);
#10045=ORIENTED_EDGE('',*,*,#10044,.T.);
#10046=CARTESIAN_POINT('',(-32.541125596,44.816631518,-46.977965722));
#10047=VERTEX_POINT('',#10046);
#10048=CARTESIAN_POINT('',(-38.623115093,37.721143962,-41.384334361));
#10049=CARTESIAN_POINT('',(-38.623115093,38.103017952,-41.685379541));
#10050=CARTESIAN_POINT('',(-38.586878713,38.479193399,-41.981932351));
#10051=CARTESIAN_POINT('',(-38.516388142,38.849982021,-42.274238532));
#10052=CARTESIAN_POINT('',(-38.44589757,39.220770643,-42.566544712));
#10053=CARTESIAN_POINT('',(-38.341136621,39.586169894,-42.854602255));
#10054=CARTESIAN_POINT('',(-38.201774189,39.946127707,-43.138370114));
#10055=CARTESIAN_POINT('',(-38.132092973,40.126106613,-43.280254043));
#10056=CARTESIAN_POINT('',(-38.053727884,40.304719891,-43.421061398));
#10057=CARTESIAN_POINT('',(-37.966418278,40.481926551,-43.560759864));
#10058=CARTESIAN_POINT('',(-37.879108672,40.659133211,-43.700458331));
#10059=CARTESIAN_POINT('',(-37.78271497,40.834971105,-43.839077749));
#10060=CARTESIAN_POINT('',(-37.679081449,41.006203133,-43.974066195));
#10061=CARTESIAN_POINT('',(-37.471814407,41.348667188,-44.244043088));
#10062=CARTESIAN_POINT('',(-37.234207427,41.67608018,-44.502154678));
#10063=CARTESIAN_POINT('',(-36.966897585,41.988758148,-44.748650113));
#10064=CARTESIAN_POINT('',(-36.699587744,42.301436116,-44.995145547));
#10065=CARTESIAN_POINT('',(-36.401787595,42.600064587,-45.230565251));
#10066=CARTESIAN_POINT('',(-36.074579436,42.881861463,-45.452715996));
#10067=CARTESIAN_POINT('',(-35.747371277,43.16365834,-45.674866741));
#10068=CARTESIAN_POINT('',(-35.397506323,43.423016882,-45.87932853));
#10069=CARTESIAN_POINT('',(-35.025825716,43.660770122,-46.066758071));
#10070=CARTESIAN_POINT('',(-34.654145108,43.898523362,-46.254187613));
#10071=CARTESIAN_POINT('',(-34.260647995,44.114670455,-46.424584241));
#10072=CARTESIAN_POINT('',(-33.844671301,44.308554719,-46.577430271));
#10073=CARTESIAN_POINT('',(-33.636682954,44.405496851,-46.653853285));
#10074=CARTESIAN_POINT('',(-33.422643715,44.496968737,-46.725963906));
#10075=CARTESIAN_POINT('',(-33.205197409,44.581732406,-46.792786194));
#10076=CARTESIAN_POINT('',(-32.987751103,44.666496074,-46.859608482));
#10077=CARTESIAN_POINT('',(-32.766403389,44.744811573,-46.921347444));
#10078=CARTESIAN_POINT('',(-32.541125596,44.816631518,-46.977965722));
#10079=B_SPLINE_CURVE_WITH_KNOTS('',3,(#10048,#10049,#10050,#10051,#10052,#10053,#10054,#10055,#10056,#10057,#10058,#10059,#10060,#10061,#10062,#10063,#10064,#10065,#10066,#10067,#10068,#10069,#10070,#10071,#10072,#10073,
#10074,#10075,#10076,#10077,#10078),.UNSPECIFIED.,.F.,.F.,(4,3,3,3,3,3,3,3,3,3,4),(0.,0.001430404,0.002860808,0.00357601,0.004291212,0.005721616,0.007152021,0.008582425,0.010012829,0.010728031,0.011443233),.UNSPECIFIED.);
#10080=EDGE_CURVE('',#10038,#10047,#10079,.T.);
#10081=ORIENTED_EDGE('',*,*,#10080,.T.);
#10082=CARTESIAN_POINT('',(-32.541125596,44.191788966,-48.495113099));
#10083=VERTEX_POINT('',#10082);
#10084=CARTESIAN_POINT('',(-32.541125596,50.,-50.));
#10085=DIRECTION('',(-1.,-0.,-0.));
#10086=DIRECTION('',(0.,0.,-1.));
#10087=AXIS2_PLACEMENT_3D('',#10084,#10085,#10086);
#10088=CIRCLE('',#10087,6.);
#10089=EDGE_CURVE('',#10083,#10047,#10088,.T.);
#10090=ORIENTED_EDGE('',*,*,#10089,.F.);
#10091=CARTESIAN_POINT('',(-38.623115093,37.06368015,-42.407133035));
#10092=CARTESIAN_POINT('',(-38.623113446,37.435687494,-42.724857323));
#10093=CARTESIAN_POINT('',(-38.587431068,37.807891158,-43.042749283));
#10094=CARTESIAN_POINT('',(-38.515137498,38.18029626,-43.360813288));
#10095=CARTESIAN_POINT('',(-38.478990713,38.366498811,-43.51984529));
#10096=CARTESIAN_POINT('',(-38.433778789,38.551853662,-43.678153288));
#10097=CARTESIAN_POINT('',(-38.380026247,38.734846861,-43.834444245));
#10098=CARTESIAN_POINT('',(-38.326273705,38.917840061,-43.990735203));
#10099=CARTESIAN_POINT('',(-38.263893617,39.098945509,-44.145413868));
#10100=CARTESIAN_POINT('',(-38.192979189,39.2781836,-44.29849766));
#10101=CARTESIAN_POINT('',(-38.122064761,39.457421691,-44.451581451));
#10102=CARTESIAN_POINT('',(-38.042617629,39.634792783,-44.603070675));
#10103=CARTESIAN_POINT('',(-37.954598268,39.810288227,-44.752957944));
#10104=CARTESIAN_POINT('',(-37.866578908,39.985783671,-44.902845213));
#10105=CARTESIAN_POINT('',(-37.769721908,40.159754256,-45.05143013));
#10106=CARTESIAN_POINT('',(-37.665484139,40.329754633,-45.196624169));
#10107=CARTESIAN_POINT('',(-37.457008602,40.669755389,-45.487012247));
#10108=CARTESIAN_POINT('',(-37.2183091,40.995885614,-45.765553773));
#10109=CARTESIAN_POINT('',(-36.950153252,41.308497588,-46.032549622));
#10110=CARTESIAN_POINT('',(-36.816075328,41.464803575,-46.166047546));
#10111=CARTESIAN_POINT('',(-36.67460591,41.61771742,-46.296648309));
#10112=CARTESIAN_POINT('',(-36.525659711,41.767199985,-46.42431848));
#10113=CARTESIAN_POINT('',(-36.376713512,41.91668255,-46.551988652));
#10114=CARTESIAN_POINT('',(-36.219810968,42.063097574,-46.677038896));
#10115=CARTESIAN_POINT('',(-36.05753992,42.204078807,-46.797448244));
#10116=CARTESIAN_POINT('',(-35.732997825,42.486041275,-47.038266941));
#10117=CARTESIAN_POINT('',(-35.385566386,42.748129566,-47.262111489));
#10118=CARTESIAN_POINT('',(-35.015697245,42.990735828,-47.469316811));
#10119=CARTESIAN_POINT('',(-34.645828103,43.23334209,-47.676522134));
#10120=CARTESIAN_POINT('',(-34.253550493,43.456491707,-47.867109912));
#10121=CARTESIAN_POINT('',(-33.837458185,43.658963689,-48.040037321));
#10122=CARTESIAN_POINT('',(-33.629412031,43.76019968,-48.126501026));
#10123=CARTESIAN_POINT('',(-33.41567165,43.856009191,-48.208330078));
#10124=CARTESIAN_POINT('',(-33.199511361,43.944858816,-48.284214827));
#10125=CARTESIAN_POINT('',(-32.983351071,44.033708441,-48.360099576));
#10126=CARTESIAN_POINT('',(-32.76390005,44.116040084,-48.430417442));
#10127=CARTESIAN_POINT('',(-32.541125596,44.191788966,-48.495113099));
#10128=B_SPLINE_CURVE_WITH_KNOTS('',3,(#10091,#10092,#10093,#10094,#10095,#10096,#10097,#10098,#10099,#10100,#10101,#10102,#10103,#10104,#10105,#10106,#10107,#10108,#10109,#10110,#10111,#10112,#10113,#10114,#10115,#10116,
#10117,#10118,#10119,#10120,#10121,#10122,#10123,#10124,#10125,#10126,#10127),.UNSPECIFIED.,.F.,.F.,(4,3,3,3,3,3,3,3,3,3,3,3,4),(0.057529181,0.059000791,0.059736596,0.060472401,0.061208206,0.061944011,0.063415621,0.064151426,0.064887231,0.066358841,0.067830451,0.068566257,0.069302062),.UNSPECIFIED.);
#10129=EDGE_CURVE('',#10036,#10083,#10128,.T.);
#10130=ORIENTED_EDGE('',*,*,#10129,.F.);
#10131=EDGE_LOOP('',(#10045,#10081,#10090,#10130));
#10132=FACE_BOUND('',#10131,.T.);
#10133=ADVANCED_FACE('',(#10132),#10034,.T.);
#10134=CARTESIAN_POINT('',(-28.923115093,50.,50.));
#10135=DIRECTION('',(-1.,0.,0.));
#10136=DIRECTION('',(0.,0.,1.));
#10137=AXIS2_PLACEMENT_3D('',#10134,#10135,#10136);
#10138=TOROIDAL_SURFACE('',#10137,15.,9.7);
#10139=CARTESIAN_POINT('',(-38.623115093,42.05788575,37.275110168));
#10140=VERTEX_POINT('',#10139);
#10141=CARTESIAN_POINT('',(-32.541125596,50.63050756,44.033220281));
#10142=VERTEX_POINT('',#10141);
#10143=CARTESIAN_POINT('',(-38.623115094,42.05788575,37.275110168));
#10144=CARTESIAN_POINT('',(-38.623108014,42.479584593,37.607550731));
#10145=CARTESIAN_POINT('',(-38.583806433,42.900977541,37.939750145));
#10146=CARTESIAN_POINT('',(-38.505838812,43.322069486,38.271712268));
#10147=CARTESIAN_POINT('',(-38.466855001,43.532615459,38.437693329));
#10148=CARTESIAN_POINT('',(-38.418134787,43.742853861,38.603431921));
#10149=CARTESIAN_POINT('',(-38.360657787,43.950024695,38.766752238));
#10150=CARTESIAN_POINT('',(-38.303180788,44.157195528,38.930072554));
#10151=CARTESIAN_POINT('',(-38.236828398,44.362067498,39.091580592));
#10152=CARTESIAN_POINT('',(-38.161967114,44.564735533,39.251351188));
#10153=CARTESIAN_POINT('',(-38.012244546,44.970071602,39.57089238));
#10154=CARTESIAN_POINT('',(-37.828574893,45.366614849,39.883501869));
#10155=CARTESIAN_POINT('',(-37.612763603,45.754832914,40.189548314));
#10156=CARTESIAN_POINT('',(-37.396952314,46.143050979,40.49559476));
#10157=CARTESIAN_POINT('',(-37.148159723,46.523632874,40.795621334));
#10158=CARTESIAN_POINT('',(-36.873159824,46.890006882,41.084447313));
#10159=CARTESIAN_POINT('',(-36.735659874,47.073193886,41.228860303));
#10160=CARTESIAN_POINT('',(-36.591405675,47.253238878,41.37079633));
#10161=CARTESIAN_POINT('',(-36.440667175,47.430267435,41.510354391));
#10162=CARTESIAN_POINT('',(-36.289928675,47.607295992,41.649912452));
#10163=CARTESIAN_POINT('',(-36.132521218,47.781462061,41.78721391));
#10164=CARTESIAN_POINT('',(-35.970260714,47.951324505,41.921122664));
#10165=CARTESIAN_POINT('',(-35.645739707,48.291049394,42.188940171));
#10166=CARTESIAN_POINT('',(-35.300424725,48.615359471,42.444605621));
#10167=CARTESIAN_POINT('',(-34.936646254,48.925982353,42.689480957));
#10168=CARTESIAN_POINT('',(-34.572867784,49.236605235,42.934356292));
#10169=CARTESIAN_POINT('',(-34.190663034,49.533568505,43.168463257));
#10170=CARTESIAN_POINT('',(-33.791206712,49.817742987,43.392488355));
#10171=CARTESIAN_POINT('',(-33.591478552,49.959830228,43.504500904));
#10172=CARTESIAN_POINT('',(-33.387422394,50.098709075,43.61398416));
#10173=CARTESIAN_POINT('',(-33.178961792,50.234322857,43.720893445));
#10174=CARTESIAN_POINT('',(-32.970501189,50.369936639,43.82780273));
#10175=CARTESIAN_POINT('',(-32.757402059,50.502439862,43.932259849));
#10176=CARTESIAN_POINT('',(-32.541125596,50.63050756,44.033220281));
#10177=B_SPLINE_CURVE_WITH_KNOTS('',3,(#10143,#10144,#10145,#10146,#10147,#10148,#10149,#10150,#10151,#10152,#10153,#10154,#10155,#10156,#10157,#10158,#10159,#10160,#10161,#10162,#10163,#10164,#10165,#10166,#10167,#10168,
#10169,#10170,#10171,#10172,#10173,#10174,#10175,#10176),.UNSPECIFIED.,.F.,.F.,(4,3,3,3,3,3,3,3,3,3,3,4),(0.057447807,0.059059833,0.059865846,0.060671859,0.062283886,0.063895912,0.064701926,0.065507939,0.067119965,0.068731992,0.069538005,0.070344018),.UNSPECIFIED.);
#10178=EDGE_CURVE('',#10140,#10142,#10177,.T.);
#10179=ORIENTED_EDGE('',*,*,#10178,.T.);
#10180=CARTESIAN_POINT('',(-32.541125596,51.740723254,44.258059339));
#10181=VERTEX_POINT('',#10180);
#10182=CARTESIAN_POINT('',(-32.541125596,50.,50.));
#10183=DIRECTION('',(-1.,0.,0.));
#10184=DIRECTION('',(0.,0.,1.));
#10185=AXIS2_PLACEMENT_3D('',#10182,#10183,#10184);
#10186=CIRCLE('',#10185,6.);
#10187=EDGE_CURVE('',#10181,#10142,#10186,.T.);
#10188=ORIENTED_EDGE('',*,*,#10187,.F.);
#10189=CARTESIAN_POINT('',(-34.474346619,53.555616203,43.917494122));
#10190=VERTEX_POINT('',#10189);
#10191=CARTESIAN_POINT('',(-34.474346619,53.555616203,43.917494122));
#10192=CARTESIAN_POINT('',(-34.289446297,53.446457278,44.003150653));
#10193=CARTESIAN_POINT('',(-34.102653244,53.330691882,44.075943651));
#10194=CARTESIAN_POINT('',(-33.914975828,53.207412195,44.136900972));
#10195=CARTESIAN_POINT('',(-33.727298412,53.084132508,44.197858293));
#10196=CARTESIAN_POINT('',(-33.539028073,52.953761298,44.246794832));
#10197=CARTESIAN_POINT('',(-33.356893929,52.814034201,44.282346933));
#10198=CARTESIAN_POINT('',(-33.265826857,52.744170652,44.300122984));
#10199=CARTESIAN_POINT('',(-33.176110713,52.671749985,44.314591079));
#10200=CARTESIAN_POINT('',(-33.088876472,52.595182921,44.325190971));
#10201=CARTESIAN_POINT('',(-33.00164223,52.518615858,44.335790862));
#10202=CARTESIAN_POINT('',(-32.916405168,52.43750461,44.342547849));
#10203=CARTESIAN_POINT('',(-32.838517421,52.351117577,44.343851802));
#10204=CARTESIAN_POINT('',(-32.760629673,52.264730545,44.345155754));
#10205=CARTESIAN_POINT('',(-32.688800056,52.172487092,44.341271902));
#10206=CARTESIAN_POINT('',(-32.633055158,52.069273376,44.328178829));
#10207=CARTESIAN_POINT('',(-32.605182708,52.017666518,44.321632292));
#10208=CARTESIAN_POINT('',(-32.582168176,51.964440879,44.312863676));
#10209=CARTESIAN_POINT('',(-32.565998328,51.908899415,44.301169433));
#10210=CARTESIAN_POINT('',(-32.549828479,51.853357951,44.28947519));
#10211=CARTESIAN_POINT('',(-32.541125508,51.796614348,44.275003274));
#10212=CARTESIAN_POINT('',(-32.541125596,51.740723254,44.258059339));
#10213=B_SPLINE_CURVE_WITH_KNOTS('',3,(#10191,#10192,#10193,#10194,#10195,#10196,#10197,#10198,#10199,#10200,#10201,#10202,#10203,#10204,#10205,#10206,#10207,#10208,#10209,#10210,#10211,#10212),.UNSPECIFIED.,.F.,.F.,(4,3,3,3,3,3,3,4),(0.002987253,0.003680601,0.004373949,0.004720622,0.005067296,0.00541397,0.005587307,0.005760644),.UNSPECIFIED.);
#10214=EDGE_CURVE('',#10190,#10181,#10213,.T.);
#10215=ORIENTED_EDGE('',*,*,#10214,.F.);
#10216=CARTESIAN_POINT('',(-38.623115093,43.39262558,36.533649222));
#10217=VERTEX_POINT('',#10216);
#10218=CARTESIAN_POINT('',(-38.623115093,43.39262558,36.533649222));
#10219=CARTESIAN_POINT('',(-38.623106928,44.293848969,37.188426342));
#10220=CARTESIAN_POINT('',(-38.474273106,45.182638983,37.834170085));
#10221=CARTESIAN_POINT('',(-38.205010859,46.060238321,38.471783327));
#10222=CARTESIAN_POINT('',(-37.935748612,46.937837659,39.109396568));
#10223=CARTESIAN_POINT('',(-37.551855714,47.780700689,39.721772405));
#10224=CARTESIAN_POINT('',(-37.099560235,48.602835816,40.319088539));
#10225=CARTESIAN_POINT('',(-36.873412496,49.013903379,40.617746605));
#10226=CARTESIAN_POINT('',(-36.630112166,49.420044534,40.912825427));
#10227=CARTESIAN_POINT('',(-36.379743153,49.823157147,41.205703883));
#10228=CARTESIAN_POINT('',(-36.129374139,50.22626976,41.49858234));
#10229=CARTESIAN_POINT('',(-35.871533173,50.626405568,41.789298022));
#10230=CARTESIAN_POINT('',(-35.621675686,51.029721972,42.082324541));
#10231=CARTESIAN_POINT('',(-35.496746943,51.231380173,42.228837801));
#10232=CARTESIAN_POINT('',(-35.373937517,51.433882705,42.375964502));
#10233=CARTESIAN_POINT('',(-35.256320642,51.638453933,42.5245942));
#10234=CARTESIAN_POINT('',(-35.138703767,51.843025162,42.673223897));
#10235=CARTESIAN_POINT('',(-35.026079655,52.050047865,42.823634695));
#10236=CARTESIAN_POINT('',(-34.923588501,52.259406015,42.975742295));
#10237=CARTESIAN_POINT('',(-34.718606192,52.678122315,43.279957494));
#10238=CARTESIAN_POINT('',(-34.5532415,53.106416674,43.591131561));
#10239=CARTESIAN_POINT('',(-34.474346619,53.555616203,43.917494122));
#10240=B_SPLINE_CURVE_WITH_KNOTS('',3,(#10218,#10219,#10220,#10221,#10222,#10223,#10224,#10225,#10226,#10227,#10228,#10229,#10230,#10231,#10232,#10233,#10234,#10235,#10236,#10237,#10238,#10239),.UNSPECIFIED.,.F.,.F.,(4,3,3,3,3,3,3,4),(0.113036406,0.116382137,0.119727868,0.121400733,0.123073599,0.123910032,0.124746465,0.12641933),.UNSPECIFIED.);
#10241=EDGE_CURVE('',#10217,#10190,#10240,.T.);
#10242=ORIENTED_EDGE('',*,*,#10241,.F.);
#10243=CARTESIAN_POINT('',(-38.623115093,50.,50.));
#10244=DIRECTION('',(-1.,0.,0.));
#10245=DIRECTION('',(0.,0.,1.));
#10246=AXIS2_PLACEMENT_3D('',#10243,#10244,#10245);
#10247=CIRCLE('',#10246,15.);
#10248=EDGE_CURVE('',#10217,#10140,#10247,.T.);
#10249=ORIENTED_EDGE('',*,*,#10248,.T.);
#10250=EDGE_LOOP('',(#10179,#10188,#10215,#10242,#10249));
#10251=FACE_BOUND('',#10250,.T.);
#10252=ADVANCED_FACE('',(#10251),#10138,.T.);
#10253=CARTESIAN_POINT('',(-28.923115093,50.,50.));
#10254=DIRECTION('',(-1.,0.,0.));
#10255=DIRECTION('',(0.,0.,1.));
#10256=AXIS2_PLACEMENT_3D('',#10253,#10254,#10255);
#10257=TOROIDAL_SURFACE('',#10256,15.,9.7);
#10258=CARTESIAN_POINT('',(-38.623115093,41.020054203,37.984985498));
#10259=VERTEX_POINT('',#10258);
#10260=CARTESIAN_POINT('',(-38.623115093,39.945617699,38.868540233));
#10261=VERTEX_POINT('',#10260);
#10262=CARTESIAN_POINT('',(-38.623115093,50.,50.));
#10263=DIRECTION('',(-1.,0.,0.));
#10264=DIRECTION('',(0.,0.,1.));
#10265=AXIS2_PLACEMENT_3D('',#10262,#10263,#10264);
#10266=CIRCLE('',#10265,15.);
#10267=EDGE_CURVE('',#10259,#10261,#10266,.T.);
#10268=ORIENTED_EDGE('',*,*,#10267,.T.);
#10269=CARTESIAN_POINT('',(-32.541125596,46.937682928,44.840328096));
#10270=VERTEX_POINT('',#10269);
#10271=CARTESIAN_POINT('',(-38.623115093,39.945617699,38.868540233));
#10272=CARTESIAN_POINT('',(-38.623115093,40.319109678,39.187532518));
#10273=CARTESIAN_POINT('',(-38.586644408,40.687152538,39.501870816));
#10274=CARTESIAN_POINT('',(-38.515781774,41.050056864,39.811820392));
#10275=CARTESIAN_POINT('',(-38.444919139,41.412961191,40.121769968));
#10276=CARTESIAN_POINT('',(-38.339652793,41.770725226,40.42732932));
#10277=CARTESIAN_POINT('',(-38.199780799,42.123318799,40.728472681));
#10278=CARTESIAN_POINT('',(-38.129844802,42.299615586,40.879044361));
#10279=CARTESIAN_POINT('',(-38.051226571,42.474615151,41.02850811));
#10280=CARTESIAN_POINT('',(-37.963688033,42.648281926,41.176833548));
#10281=CARTESIAN_POINT('',(-37.876149495,42.8219487,41.325158985));
#10282=CARTESIAN_POINT('',(-37.779717712,42.994023509,41.472124757));
#10283=CARTESIAN_POINT('',(-37.676060258,43.16176292,41.615387748));
#10284=CARTESIAN_POINT('',(-37.468745349,43.497241742,41.90191373));
#10285=CARTESIAN_POINT('',(-37.231186877,43.818505787,42.176299146));
#10286=CARTESIAN_POINT('',(-36.964080562,44.125882052,42.438823277));
#10287=CARTESIAN_POINT('',(-36.696974246,44.433258317,42.701347408));
#10288=CARTESIAN_POINT('',(-36.399431027,44.727517685,42.952668651));
#10289=CARTESIAN_POINT('',(-36.072965244,45.005684601,43.19024564));
#10290=CARTESIAN_POINT('',(-35.74649946,45.283851516,43.42782263));
#10291=CARTESIAN_POINT('',(-35.397381623,45.540822675,43.647296734));
#10292=CARTESIAN_POINT('',(-35.026361976,45.777300087,43.849267524));
#10293=CARTESIAN_POINT('',(-34.655342328,46.013777499,44.051238314));
#10294=CARTESIAN_POINT('',(-34.26242976,46.229769484,44.235712897));
#10295=CARTESIAN_POINT('',(-33.84672409,46.424433731,44.40197187));
#10296=CARTESIAN_POINT('',(-33.638871255,46.521765854,44.485101357));
#10297=CARTESIAN_POINT('',(-33.424747545,46.613927303,44.56381467));
#10298=CARTESIAN_POINT('',(-33.206908636,46.69960694,44.636991993));
#10299=CARTESIAN_POINT('',(-32.989069728,46.785286577,44.710169316));
#10300=CARTESIAN_POINT('',(-32.767168701,46.864686443,44.777983208));
#10301=CARTESIAN_POINT('',(-32.541125596,46.937682928,44.840328096));
#10302=B_SPLINE_CURVE_WITH_KNOTS('',3,(#10271,#10272,#10273,#10274,#10275,#10276,#10277,#10278,#10279,#10280,#10281,#10282,#10283,#10284,#10285,#10286,#10287,#10288,#10289,#10290,#10291,#10292,#10293,#10294,#10295,#10296,
#10297,#10298,#10299,#10300,#10301),.UNSPECIFIED.,.F.,.F.,(4,3,3,3,3,3,3,3,3,3,4),(0.,0.001445877,0.002891753,0.003614692,0.00433763,0.005783507,0.007229383,0.00867526,0.010121137,0.010844075,0.011567013),.UNSPECIFIED.);
#10303=EDGE_CURVE('',#10261,#10270,#10302,.T.);
#10304=ORIENTED_EDGE('',*,*,#10303,.T.);
#10305=CARTESIAN_POINT('',(-32.541125596,48.803048192,44.120603231));
#10306=VERTEX_POINT('',#10305);
#10307=CARTESIAN_POINT('',(-32.541125596,50.,50.));
#10308=DIRECTION('',(-1.,-0.,-0.));
#10309=DIRECTION('',(0.,0.,-1.));
#10310=AXIS2_PLACEMENT_3D('',#10307,#10308,#10309);
#10311=CIRCLE('',#10310,6.);
#10312=EDGE_CURVE('',#10306,#10270,#10311,.T.);
#10313=ORIENTED_EDGE('',*,*,#10312,.F.);
#10314=CARTESIAN_POINT('',(-38.623115093,41.020054203,37.984985498));
#10315=CARTESIAN_POINT('',(-38.623114759,41.422036741,38.301882979));
#10316=CARTESIAN_POINT('',(-38.585507566,41.819889155,38.615524533));
#10317=CARTESIAN_POINT('',(-38.512186356,42.213819325,38.926074039));
#10318=CARTESIAN_POINT('',(-38.438865146,42.607749495,39.236623544));
#10319=CARTESIAN_POINT('',(-38.329829051,42.997757325,39.544080926));
#10320=CARTESIAN_POINT('',(-38.184857958,43.383818641,39.848427128));
#10321=CARTESIAN_POINT('',(-38.039886865,43.769879957,40.15277333));
#10322=CARTESIAN_POINT('',(-37.860661929,44.146996375,40.450067942));
#10323=CARTESIAN_POINT('',(-37.650006456,44.51243821,40.738159055));
#10324=CARTESIAN_POINT('',(-37.439350983,44.877880045,41.026250168));
#10325=CARTESIAN_POINT('',(-37.195211377,45.234407181,41.307313499));
#10326=CARTESIAN_POINT('',(-36.925484977,45.572956219,41.574204041));
#10327=CARTESIAN_POINT('',(-36.655758577,45.911505258,41.841094583));
#10328=CARTESIAN_POINT('',(-36.359921825,46.233683724,42.095079606));
#10329=CARTESIAN_POINT('',(-36.039084343,46.540187323,42.336707561));
#10330=CARTESIAN_POINT('',(-35.71824686,46.846690922,42.578335516));
#10331=CARTESIAN_POINT('',(-35.372439952,47.137539283,42.807621875));
#10332=CARTESIAN_POINT('',(-35.000979023,47.412303179,43.024228266));
#10333=CARTESIAN_POINT('',(-34.815248558,47.549685128,43.132531461));
#10334=CARTESIAN_POINT('',(-34.62279125,47.683141272,43.237739802));
#10335=CARTESIAN_POINT('',(-34.426639987,47.810502914,43.338143625));
#10336=CARTESIAN_POINT('',(-34.230488724,47.937864556,43.438547447));
#10337=CARTESIAN_POINT('',(-34.029981952,48.059654277,43.534558722));
#10338=CARTESIAN_POINT('',(-33.825075786,48.175815936,43.62613319));
#10339=CARTESIAN_POINT('',(-33.415263452,48.408139254,43.809282126));
#10340=CARTESIAN_POINT('',(-32.988052289,48.618204576,43.974884273));
#10341=CARTESIAN_POINT('',(-32.541125596,48.803048192,44.120603231));
#10342=B_SPLINE_CURVE_WITH_KNOTS('',3,(#10314,#10315,#10316,#10317,#10318,#10319,#10320,#10321,#10322,#10323,#10324,#10325,#10326,#10327,#10328,#10329,#10330,#10331,#10332,#10333,#10334,#10335,#10336,#10337,#10338,#10339,
#10340,#10341),.UNSPECIFIED.,.F.,.F.,(4,3,3,3,3,3,3,3,3,4),(0.056882902,0.05839846,0.059914019,0.061429578,0.062945136,0.064460695,0.065976253,0.066734033,0.067491812,0.069007371),.UNSPECIFIED.);
#10343=EDGE_CURVE('',#10259,#10306,#10342,.T.);
#10344=ORIENTED_EDGE('',*,*,#10343,.F.);
#10345=EDGE_LOOP('',(#10268,#10304,#10313,#10344));
#10346=FACE_BOUND('',#10345,.T.);
#10347=ADVANCED_FACE('',(#10346),#10257,.T.);
#10348=CARTESIAN_POINT('',(-28.923115093,50.,50.));
#10349=DIRECTION('',(-1.,0.,0.));
#10350=DIRECTION('',(0.,0.,1.));
#10351=AXIS2_PLACEMENT_3D('',#10348,#10349,#10350);
#10352=TOROIDAL_SURFACE('',#10351,15.,9.7);
#10353=ORIENTED_EDGE('',*,*,#5349,.T.);
#10354=ORIENTED_EDGE('',*,*,#4938,.T.);
#10355=ORIENTED_EDGE('',*,*,#5390,.F.);
#10356=ORIENTED_EDGE('',*,*,#4880,.T.);
#10357=EDGE_LOOP('',(#10353,#10354,#10355,#10356));
#10358=FACE_BOUND('',#10357,.T.);
#10359=ADVANCED_FACE('',(#10358),#10352,.T.);
#10360=CARTESIAN_POINT('',(-28.923115093,50.,-50.));
#10361=DIRECTION('',(-1.,0.,0.));
#10362=DIRECTION('',(0.,0.,1.));
#10363=AXIS2_PLACEMENT_3D('',#10360,#10361,#10362);
#10364=TOROIDAL_SURFACE('',#10363,15.,9.7);
#10365=CARTESIAN_POINT('',(-38.623115093,35.27574759,-52.862933981));
#10366=VERTEX_POINT('',#10365);
#10367=CARTESIAN_POINT('',(-38.406340941,39.07437724,-56.972268384));
#10368=VERTEX_POINT('',#10367);
#10369=CARTESIAN_POINT('',(-38.623115093,35.27574759,-52.862933981));
#10370=CARTESIAN_POINT('',(-38.623115093,35.909573017,-53.548602464));
#10371=CARTESIAN_POINT('',(-38.585769817,36.542648447,-54.233459606));
#10372=CARTESIAN_POINT('',(-38.54029528,37.175560579,-54.918140093));
#10373=CARTESIAN_POINT('',(-38.494820743,37.808472711,-55.60282058));
#10374=CARTESIAN_POINT('',(-38.441883827,38.441142272,-56.287238655));
#10375=CARTESIAN_POINT('',(-38.406340941,39.07437724,-56.972268384));
#10376=B_SPLINE_CURVE_WITH_KNOTS('',3,(#10369,#10370,#10371,#10372,#10373,#10374,#10375),.UNSPECIFIED.,.F.,.F.,(4,3,4),(0.,0.002800004,0.005600007),.UNSPECIFIED.);
#10377=EDGE_CURVE('',#10366,#10368,#10376,.T.);
#10378=ORIENTED_EDGE('',*,*,#10377,.T.);
#10379=CARTESIAN_POINT('',(-38.62199364,36.885719145,-56.972268384));
#10380=VERTEX_POINT('',#10379);
#10381=CARTESIAN_POINT('',(-38.62199364,36.885719145,-56.972268384));
#10382=CARTESIAN_POINT('',(-38.612182799,37.616360188,-56.972268384));
#10383=CARTESIAN_POINT('',(-38.536621746,38.355662058,-56.972268384));
#10384=CARTESIAN_POINT('',(-38.406340941,39.07437724,-56.972268384));
#10385=B_SPLINE_CURVE_WITH_KNOTS('',3,(#10381,#10382,#10383,#10384),.UNSPECIFIED.,.F.,.F.,(4,4),(0.006542386,0.008728845),.UNSPECIFIED.);
#10386=EDGE_CURVE('',#10380,#10368,#10385,.T.);
#10387=ORIENTED_EDGE('',*,*,#10386,.F.);
#10388=CARTESIAN_POINT('',(-38.623115093,36.480374437,-56.497670708));
#10389=VERTEX_POINT('',#10388);
#10390=CARTESIAN_POINT('',(-38.623115093,36.480374437,-56.497670708));
#10391=CARTESIAN_POINT('',(-38.623114994,36.615484706,-56.655864508));
#10392=CARTESIAN_POINT('',(-38.622678569,36.750603142,-56.814067871));
#10393=CARTESIAN_POINT('',(-38.62199364,36.885719145,-56.972268384));
#10394=B_SPLINE_CURVE_WITH_KNOTS('',3,(#10390,#10391,#10392,#10393),.UNSPECIFIED.,.F.,.F.,(4,4),(0.00385935,0.004483272),.UNSPECIFIED.);
#10395=EDGE_CURVE('',#10389,#10380,#10394,.T.);
#10396=ORIENTED_EDGE('',*,*,#10395,.F.);
#10397=CARTESIAN_POINT('',(-38.623115093,50.,-50.));
#10398=DIRECTION('',(-1.,0.,0.));
#10399=DIRECTION('',(0.,0.,1.));
#10400=AXIS2_PLACEMENT_3D('',#10397,#10398,#10399);
#10401=CIRCLE('',#10400,15.);
#10402=EDGE_CURVE('',#10389,#10366,#10401,.T.);
#10403=ORIENTED_EDGE('',*,*,#10402,.T.);
#10404=EDGE_LOOP('',(#10378,#10387,#10396,#10403));
#10405=FACE_BOUND('',#10404,.T.);
#10406=ADVANCED_FACE('',(#10405),#10364,.T.);
#10407=CARTESIAN_POINT('',(-34.414584279,44.186660699,-53.906737959));
#10408=CARTESIAN_POINT('',(-34.904107992,43.907631544,-54.094304994));
#10409=CARTESIAN_POINT('',(-35.362685495,43.591207363,-54.306980377));
#10410=CARTESIAN_POINT('',(-36.231511539,42.870006609,-54.791661245));
#10411=CARTESIAN_POINT('',(-36.636203606,42.460652147,-55.066739934));
#10412=CARTESIAN_POINT('',(-37.341596595,41.584230323,-55.655630678));
#10413=CARTESIAN_POINT('',(-37.642280067,41.117184643,-55.969428164));
#10414=CARTESIAN_POINT('',(-37.943799485,40.512763593,-56.375498972));
#10415=CARTESIAN_POINT('',(-37.999047401,40.394113509,-56.455210998));
#10416=CARTESIAN_POINT('',(-38.050880774,40.274443738,-56.535606922));
#10417=CARTESIAN_POINT('',(-34.326843403,44.267402385,-53.918781252));
#10418=CARTESIAN_POINT('',(-34.811148837,43.994021703,-54.094122537));
#10419=CARTESIAN_POINT('',(-35.26613003,43.686098922,-54.296479147));
#10420=CARTESIAN_POINT('',(-36.131580026,42.987708026,-54.764383235));
#10421=CARTESIAN_POINT('',(-36.536775149,42.593020988,-55.033321537));
#10422=CARTESIAN_POINT('',(-37.248212252,41.750566355,-55.615605455));
#10423=CARTESIAN_POINT('',(-37.554437904,41.302818029,-55.928937726));
#10424=CARTESIAN_POINT('',(-37.866092804,40.724361537,-56.338235786));
#10425=CARTESIAN_POINT('',(-37.923463717,40.610852882,-56.418753685));
#10426=CARTESIAN_POINT('',(-37.977571749,40.496407692,-56.500135806));
#10427=CARTESIAN_POINT('',(-34.250613978,44.362776373,-53.960198321));
#10428=CARTESIAN_POINT('',(-34.727344251,44.095781751,-54.125081177));
#10429=CARTESIAN_POINT('',(-35.176602576,43.797173987,-54.318176886));
#10430=CARTESIAN_POINT('',(-36.034878042,43.123392999,-54.769977043));
#10431=CARTESIAN_POINT('',(-36.438946073,42.74436788,-55.032285049));
#10432=CARTESIAN_POINT('',(-37.153959253,41.937957558,-55.605343075));
#10433=CARTESIAN_POINT('',(-37.46488936,41.510589249,-55.916081062));
#10434=CARTESIAN_POINT('',(-37.786194753,40.959474952,-56.325025807));
#10435=CARTESIAN_POINT('',(-37.845620421,40.851377111,-56.405609577));
#10436=CARTESIAN_POINT('',(-37.901961406,40.742427272,-56.487195434));
#10437=CARTESIAN_POINT('',(-34.111663372,44.640521925,-54.114453645));
#10438=CARTESIAN_POINT('',(-34.567646015,44.39071541,-54.258622393));
#10439=CARTESIAN_POINT('',(-35.000523926,44.115850805,-54.432417362));
#10440=CARTESIAN_POINT('',(-35.835970029,43.503069523,-54.848424541));
#10441=CARTESIAN_POINT('',(-36.234358367,43.162117737,-55.094529431));
#10442=CARTESIAN_POINT('',(-36.951949905,42.442309541,-55.641273628));
#10443=CARTESIAN_POINT('',(-37.27114109,42.063465057,-55.94190382));
#10444=CARTESIAN_POINT('',(-37.611917047,41.577097851,-56.343015028));
#10445=CARTESIAN_POINT('',(-37.675560003,41.481797686,-56.422297285));
#10446=CARTESIAN_POINT('',(-37.736550908,41.385832157,-56.502812667));
#10447=CARTESIAN_POINT('',(-34.064627634,44.836504279,-54.242504906));
#10448=CARTESIAN_POINT('',(-34.506765842,44.597961918,-54.37794733));
#10449=CARTESIAN_POINT('',(-34.928253374,44.337785212,-54.542774681));
#10450=CARTESIAN_POINT('',(-35.746392726,43.76154299,-54.940302825));
#10451=CARTESIAN_POINT('',(-36.139299884,43.442865476,-55.176902809));
#10452=CARTESIAN_POINT('',(-36.853901205,42.772984232,-55.705547296));
#10453=CARTESIAN_POINT('',(-37.175585045,42.421790093,-55.99758419));
#10454=CARTESIAN_POINT('',(-37.524803251,41.972056964,-56.389169769));
#10455=CARTESIAN_POINT('',(-37.590338223,41.883986413,-56.466653961));
#10456=CARTESIAN_POINT('',(-37.653473414,41.795346043,-56.545431786));
#10457=CARTESIAN_POINT('',(-34.039898268,45.193162647,-54.459088809));
#10458=CARTESIAN_POINT('',(-34.460776692,44.973714516,-54.584424295));
#10459=CARTESIAN_POINT('',(-34.864301054,44.737099743,-54.737992143));
#10460=CARTESIAN_POINT('',(-35.653731265,44.217576475,-55.110563721));
#10461=CARTESIAN_POINT('',(-36.036480167,43.932604425,-55.333353405));
#10462=CARTESIAN_POINT('',(-36.741626348,43.337065406,-55.833649807));
#10463=CARTESIAN_POINT('',(-37.064015501,43.026505281,-56.111150766));
#10464=CARTESIAN_POINT('',(-37.421479036,42.63017919,-56.485049142));
#10465=CARTESIAN_POINT('',(-37.4889626,42.552629525,-56.559111937));
#10466=CARTESIAN_POINT('',(-37.554395336,42.47463269,-56.634495263));
#10467=CARTESIAN_POINT('',(-34.039156836,45.322376836,-54.535445453));
#10468=CARTESIAN_POINT('',(-34.452847592,45.109657278,-54.65791396));
#10469=CARTESIAN_POINT('',(-34.850223394,44.88115287,-54.808096455));
#10470=CARTESIAN_POINT('',(-35.629606269,44.380864431,-55.172809766));
#10471=CARTESIAN_POINT('',(-36.008642201,44.107185787,-55.391067954));
#10472=CARTESIAN_POINT('',(-36.709813122,43.536361207,-55.881705566));
#10473=CARTESIAN_POINT('',(-37.031940662,43.239221317,-56.154079785));
#10474=CARTESIAN_POINT('',(-37.391435538,42.860462745,-56.521505328));
#10475=CARTESIAN_POINT('',(-37.459424519,42.786370632,-56.594304787));
#10476=CARTESIAN_POINT('',(-37.525474458,42.711868906,-56.668423029));
#10477=CARTESIAN_POINT('',(-34.047928424,45.531942619,-54.652567077));
#10478=CARTESIAN_POINT('',(-34.45088198,45.329859374,-54.771322616));
#10479=CARTESIAN_POINT('',(-34.838976935,45.113904157,-54.916889721));
#10480=CARTESIAN_POINT('',(-35.602915367,44.642966172,-55.270485565));
#10481=CARTESIAN_POINT('',(-35.97604876,44.386321891,-55.482133856));
#10482=CARTESIAN_POINT('',(-36.670282644,43.852493094,-55.958305565));
#10483=CARTESIAN_POINT('',(-36.991376615,43.575313586,-56.222824513));
#10484=CARTESIAN_POINT('',(-37.352929603,43.222579992,-56.580096613));
#10485=CARTESIAN_POINT('',(-37.421475418,43.153605379,-56.650903497));
#10486=CARTESIAN_POINT('',(-37.488240982,43.084272719,-56.72301512));
#10487=CARTESIAN_POINT('',(-34.052493674,45.60441986,-54.692043947));
#10488=CARTESIAN_POINT('',(-34.451875062,45.405972636,-54.80966009));
#10489=CARTESIAN_POINT('',(-34.836866374,45.194264539,-54.953766033));
#10490=CARTESIAN_POINT('',(-35.595593997,44.733193501,-55.303767805));
#10491=CARTESIAN_POINT('',(-35.966704324,44.482243375,-55.513243898));
#10492=CARTESIAN_POINT('',(-36.658463828,43.960734675,-55.984596794));
#10493=CARTESIAN_POINT('',(-36.979106781,43.690180789,-56.246469357));
#10494=CARTESIAN_POINT('',(-37.341181706,43.346068481,-56.600282253));
#10495=CARTESIAN_POINT('',(-37.409879736,43.278788366,-56.670408543));
#10496=CARTESIAN_POINT('',(-37.476848977,43.211166599,-56.741832979));
#10497=CARTESIAN_POINT('',(-34.064611346,45.754648096,-54.771317893));
#10498=CARTESIAN_POINT('',(-34.45689063,45.563654234,-54.88682807));
#10499=CARTESIAN_POINT('',(-34.835682152,45.360569904,-55.028153735));
#10500=CARTESIAN_POINT('',(-35.58391693,44.919405649,-55.371188655));
#10501=CARTESIAN_POINT('',(-35.95089636,44.679880659,-55.576394559));
#10502=CARTESIAN_POINT('',(-36.637430815,44.183001186,-56.038166243));
#10503=CARTESIAN_POINT('',(-36.956980174,43.9256508,-56.294728215));
#10504=CARTESIAN_POINT('',(-37.319792984,43.598685026,-56.641535929));
#10505=CARTESIAN_POINT('',(-37.388732762,43.534773513,-56.710281125));
#10506=CARTESIAN_POINT('',(-37.45604351,43.470551621,-56.780308171));
#10507=CARTESIAN_POINT('',(-34.072178091,45.832494963,-54.811157545));
#10508=CARTESIAN_POINT('',(-34.460923767,45.645322969,-54.925700476));
#10509=CARTESIAN_POINT('',(-34.836615859,45.446620302,-55.065705911));
#10510=CARTESIAN_POINT('',(-35.579562826,45.015507117,-55.405364933));
#10511=CARTESIAN_POINT('',(-35.944432006,44.781719383,-55.608470779));
#10512=CARTESIAN_POINT('',(-36.628212287,44.297162322,-56.065475156));
#10513=CARTESIAN_POINT('',(-36.947117988,44.046396818,-56.319370079));
#10514=CARTESIAN_POINT('',(-37.310146335,43.727965294,-56.662627905));
#10515=CARTESIAN_POINT('',(-37.37917561,43.665729651,-56.730671827));
#10516=CARTESIAN_POINT('',(-37.446624199,43.603198518,-56.799987873));
#10517=CARTESIAN_POINT('',(-34.116248483,46.231848396,-55.008351879));
#10518=CARTESIAN_POINT('',(-34.487630608,46.064089645,-55.118468469));
#10519=CARTESIAN_POINT('',(-34.84802724,45.887454755,-55.252245326));
#10520=CARTESIAN_POINT('',(-35.564692663,45.506664811,-55.575694964));
#10521=CARTESIAN_POINT('',(-35.918948341,45.301453766,-55.76859104));
#10522=CARTESIAN_POINT('',(-36.588507326,44.87805857,-56.202194026));
#10523=CARTESIAN_POINT('',(-36.903806476,44.659876992,-56.442898259));
#10524=CARTESIAN_POINT('',(-37.267216534,44.383594278,-56.768471238));
#10525=CARTESIAN_POINT('',(-37.336547959,44.329631756,-56.833015946));
#10526=CARTESIAN_POINT('',(-37.404530396,44.275444061,-56.89877848));
#10527=CARTESIAN_POINT('',(-34.171718622,46.585597551,-55.160445205));
#10528=CARTESIAN_POINT('',(-34.53008469,46.43443463,-55.268269524));
#10529=CARTESIAN_POINT('',(-34.878803426,46.276074329,-55.398194062));
#10530=CARTESIAN_POINT('',(-35.574799779,45.936019774,-55.710699387));
#10531=CARTESIAN_POINT('',(-35.920306738,45.753471019,-55.896298265));
#10532=CARTESIAN_POINT('',(-36.576970165,45.377896147,-56.312466001));
#10533=CARTESIAN_POINT('',(-36.888123216,45.184871954,-56.543032698));
#10534=CARTESIAN_POINT('',(-37.249615235,44.94087191,-56.85461486));
#10535=CARTESIAN_POINT('',(-37.318725281,44.893234283,-56.916373915));
#10536=CARTESIAN_POINT('',(-37.386640882,44.845415043,-56.97928964));
#10537=CARTESIAN_POINT('',(-34.262687879,47.163111077,-55.361237978));
#10538=CARTESIAN_POINT('',(-34.603867525,47.038352054,-55.466590575));
#10539=CARTESIAN_POINT('',(-34.937006521,46.908435583,-55.591905799));
#10540=CARTESIAN_POINT('',(-35.604973752,46.630771379,-55.890757759));
#10541=CARTESIAN_POINT('',(-35.938323208,46.482412995,-56.067028406));
#10542=CARTESIAN_POINT('',(-36.57623654,46.178227984,-56.460525544));
#10543=CARTESIAN_POINT('',(-36.880797827,46.022402582,-56.67775044));
#10544=CARTESIAN_POINT('',(-37.238033079,45.825846107,-56.970707722));
#10545=CARTESIAN_POINT('',(-37.306499821,45.787490547,-57.02874951));
#10546=CARTESIAN_POINT('',(-37.373960363,45.749005761,-57.087856996));
#10547=CARTESIAN_POINT('',(-34.294276168,47.363460717,-55.423686008));
#10548=CARTESIAN_POINT('',(-34.630116227,47.247756606,-55.528381712));
#10549=CARTESIAN_POINT('',(-34.958384597,47.127495338,-55.652359216));
#10550=CARTESIAN_POINT('',(-35.617504616,46.870846269,-55.947124079));
#10551=CARTESIAN_POINT('',(-35.946962852,46.733919356,-56.120554252));
#10552=CARTESIAN_POINT('',(-36.578726708,46.45347758,-56.507068671));
#10553=CARTESIAN_POINT('',(-36.881029972,46.309963758,-56.720151477));
#10554=CARTESIAN_POINT('',(-37.236618901,46.129060113,-57.007284287));
#10555=CARTESIAN_POINT('',(-37.304819875,46.093764687,-57.064161831));
#10556=CARTESIAN_POINT('',(-37.37207018,46.05835533,-57.122074747));
#10557=CARTESIAN_POINT('',(-34.355867989,47.779508345,-55.536999935));
#10558=CARTESIAN_POINT('',(-34.681998516,47.682431455,-55.640621418));
#10559=CARTESIAN_POINT('',(-35.001373078,47.581870716,-55.762272959));
#10560=CARTESIAN_POINT('',(-35.644234328,47.367835068,-56.049791387));
#10561=CARTESIAN_POINT('',(-35.966476271,47.25394869,-56.218133001));
#10562=CARTESIAN_POINT('',(-36.586657312,47.021155561,-56.592052384));
#10563=CARTESIAN_POINT('',(-36.884594441,46.902249544,-56.797628967));
#10564=CARTESIAN_POINT('',(-37.236787085,46.752550429,-57.074161053));
#10565=CARTESIAN_POINT('',(-37.30442278,46.723351767,-57.128917737));
#10566=CARTESIAN_POINT('',(-37.37120504,46.694066375,-57.184652574));
#10567=CARTESIAN_POINT('',(-34.385962886,47.996188265,-55.588012615));
#10568=CARTESIAN_POINT('',(-34.707711076,47.908726514,-55.691216099));
#10569=CARTESIAN_POINT('',(-35.023050982,47.818255355,-55.811876989));
#10570=CARTESIAN_POINT('',(-35.65847937,47.625911982,-56.096227666));
#10571=CARTESIAN_POINT('',(-35.977386578,47.52368457,-56.262314956));
#10572=CARTESIAN_POINT('',(-36.592118222,47.314898689,-56.630606057));
#10573=CARTESIAN_POINT('',(-36.887940848,47.208340831,-56.832808783));
#10574=CARTESIAN_POINT('',(-37.23837794,47.074258727,-57.10455064));
#10575=CARTESIAN_POINT('',(-37.30571315,47.04810943,-57.158347905));
#10576=CARTESIAN_POINT('',(-37.372236736,47.021885344,-57.213096338));
#10577=CARTESIAN_POINT('',(-34.413562388,48.223876901,-55.632708382));
#10578=CARTESIAN_POINT('',(-34.731458797,48.146451939,-55.735574144));
#10579=CARTESIAN_POINT('',(-35.043242416,48.066452444,-55.855391711));
#10580=CARTESIAN_POINT('',(-35.672091088,47.896522518,-56.137008436));
#10581=CARTESIAN_POINT('',(-35.988028859,47.806288378,-56.301136778));
#10582=CARTESIAN_POINT('',(-36.597860956,47.622118725,-56.664515543));
#10583=CARTESIAN_POINT('',(-36.891753601,47.528183721,-56.863764965));
#10584=CARTESIAN_POINT('',(-37.240536708,47.410034301,-57.13130234));
#10585=CARTESIAN_POINT('',(-37.307585194,47.386994548,-57.184257037));
#10586=CARTESIAN_POINT('',(-37.373857756,47.363890901,-57.238138715));
#10587=CARTESIAN_POINT('',(-34.414460927,48.231326751,-55.634161216));
#10588=CARTESIAN_POINT('',(-34.732232119,48.154230115,-55.737016034));
#10589=CARTESIAN_POINT('',(-35.043900116,48.074573107,-55.856806216));
#10590=CARTESIAN_POINT('',(-35.672534836,47.905376129,-56.138334121));
#10591=CARTESIAN_POINT('',(-35.98837603,47.815534125,-56.302398806));
#10592=CARTESIAN_POINT('',(-36.598048723,47.632169249,-56.665617917));
#10593=CARTESIAN_POINT('',(-36.891878546,47.53864688,-56.864771345));
#10594=CARTESIAN_POINT('',(-37.240607756,47.421018257,-57.132172045));
#10595=CARTESIAN_POINT('',(-37.307646895,47.398080145,-57.185099352));
#10596=CARTESIAN_POINT('',(-37.37391127,47.375078494,-57.238952854));
#10597=CARTESIAN_POINT('',(-34.415355483,48.238781286,-55.635605368));
#10598=CARTESIAN_POINT('',(-34.733002192,48.162013113,-55.738449336));
#10599=CARTESIAN_POINT('',(-35.044555234,48.082698669,-55.858212325));
#10600=CARTESIAN_POINT('',(-35.672977203,47.914234697,-56.139651987));
#10601=CARTESIAN_POINT('',(-35.988722344,47.824784804,-56.303653413));
#10602=CARTESIAN_POINT('',(-36.598236445,47.642224564,-56.666713846));
#10603=CARTESIAN_POINT('',(-36.892003733,47.549114717,-56.865771857));
#10604=CARTESIAN_POINT('',(-37.240679239,47.432006715,-57.133036691));
#10605=CARTESIAN_POINT('',(-37.307709061,47.409170209,-57.185936769));
#10606=CARTESIAN_POINT('',(-37.373965269,47.386270516,-57.23976226));
#10607=B_SPLINE_SURFACE_WITH_KNOTS('',3,3,((#10407,#10408,#10409,#10410,#10411,#10412,#10413,#10414,#10415,#10416),(#10417,#10418,#10419,#10420,#10421,#10422,#10423,#10424,#10425,#10426),(#10427,#10428,#10429,#10430,#10431,#10432,#10433,#10434,#10435,#10436),(#10437,#10438,#10439,#10440,#10441,#10442,#10443,#10444,#10445,#10446),(#10447,#10448,#10449,#10450,#10451,#10452,#10453,#10454,#10455,#10456),(#10457,#10458,#10459,#10460,#10461,#10462,#10463,#10464,#10465,#10466),(#10467,#10468,#10469,#10470,#10471,#10472,#10473,#10474,#10475,#10476),(#10477,#10478,#10479,#10480,#10481,#10482,#10483,#10484,#10485,#10486),(#10487,#10488,#10489,#10490,#10491,#10492,#10493,#10494,#10495,#10496),(#10497,#10498,#10499,#10500,#10501,#10502,#10503,#10504,#10505,#10506),(#10507,#10508,#10509,#10510,#10511,#10512,#10513,#10514,#10515,#10516),(#10517,#10518,#10519,#10520,#10521,#10522,#10523,#10524,#10525,#10526),(#10527,#10528,#10529,#10530,#10531,#10532,#10533,#10534,#10535,#10536),(#10537,#10538,#10539,#10540,#10541,#10542,#10543,#10544,#10545,#10546),(#10547,#10548,#10549,#10550,#10551,#10552,#10553,#10554,#10555,#10556),(#10557,#10558,#10559,#10560,#10561,#10562,#10563,#10564,#10565,#10566),(#10567,#10568,#10569,#10570,#10571,#10572,#10573,#10574,#10575,#10576),(#10577,#10578,#10579,#10580,#10581,#10582,#10583,#10584,#10585,#10586),(#10587,#10588,#10589,#10590,#10591,#10592,#10593,#10594,#10595,#10596),(#10597,#10598,#10599,#10600,#10601,#10602,#10603,#10604,#10605,#10606)),.UNSPECIFIED.,.F.,.F.,.U.,(4,2,2,2,2,2,2,2,2,4),(4,2,2,2,4),(0.010356739,0.012200041,0.014666506,0.015899738,0.016516355,0.017132971,0.019599436,0.020832669,0.022065901,0.022107589),(0.383084229,0.5,0.625,0.75,0.780162086),.UNSPECIFIED.);
#10608=CARTESIAN_POINT('',(-34.414484579,44.186718992,-53.906762278));
#10609=VERTEX_POINT('',#10608);
#10610=CARTESIAN_POINT('',(-37.027965724,47.502964814,-56.972268384));
#10611=VERTEX_POINT('',#10610);
#10612=CARTESIAN_POINT('',(-34.414484579,44.186718992,-53.906762278));
#10613=CARTESIAN_POINT('',(-34.396202741,44.22665667,-53.943680288));
#10614=CARTESIAN_POINT('',(-34.384764565,44.267200077,-53.981158228));
#10615=CARTESIAN_POINT('',(-34.377154732,44.308082329,-54.018949392));
#10616=CARTESIAN_POINT('',(-34.369544899,44.34896458,-54.056740557));
#10617=CARTESIAN_POINT('',(-34.366028871,44.390209172,-54.094866666));
#10618=CARTESIAN_POINT('',(-34.365735346,44.431738987,-54.133256431));
#10619=CARTESIAN_POINT('',(-34.365148298,44.514798615,-54.210035962));
#10620=CARTESIAN_POINT('',(-34.377519247,44.597840174,-54.28679879));
#10621=CARTESIAN_POINT('',(-34.398456081,44.67877619,-54.361615273));
#10622=CARTESIAN_POINT('',(-34.440329748,44.840648223,-54.511248241));
#10623=CARTESIAN_POINT('',(-34.517554725,44.998637792,-54.657292297));
#10624=CARTESIAN_POINT('',(-34.611084044,45.14772709,-54.795109026));
#10625=CARTESIAN_POINT('',(-34.704613363,45.296816389,-54.932925756));
#10626=CARTESIAN_POINT('',(-34.815165529,45.438688215,-55.064070723));
#10627=CARTESIAN_POINT('',(-34.935238059,45.576523527,-55.191484375));
#10628=CARTESIAN_POINT('',(-35.055310589,45.714358839,-55.318898027));
#10629=CARTESIAN_POINT('',(-35.185179029,45.848162809,-55.442585145));
#10630=CARTESIAN_POINT('',(-35.320175432,45.97953238,-55.564021927));
#10631=CARTESIAN_POINT('',(-35.590168239,46.242271523,-55.806895493));
#10632=CARTESIAN_POINT('',(-35.87823009,46.49410704,-56.03968985));
#10633=CARTESIAN_POINT('',(-36.166932119,46.745556246,-56.272127105));
#10634=CARTESIAN_POINT('',(-36.455634148,46.997005452,-56.50456436));
#10635=CARTESIAN_POINT('',(-36.74550484,47.247749437,-56.736349716));
#10636=CARTESIAN_POINT('',(-37.027965724,47.502964814,-56.972268384));
#10637=B_SPLINE_CURVE_WITH_KNOTS('',3,(#10612,#10613,#10614,#10615,#10616,#10617,#10618,#10619,#10620,#10621,#10622,#10623,#10624,#10625,#10626,#10627,#10628,#10629,#10630,#10631,#10632,#10633,#10634,#10635,#10636),.UNSPECIFIED.,.F.,.F.,(4,3,3,3,3,3,3,3,4),(0.,0.000168552,0.000337104,0.000674208,0.001348416,0.002022624,0.002696832,0.004045249,0.005393665),.UNSPECIFIED.);
#10638=EDGE_CURVE('',#10609,#10611,#10637,.T.);
#10639=ORIENTED_EDGE('',*,*,#10638,.T.);
#10640=CARTESIAN_POINT('',(-37.390953506,44.82079111,-56.972268384));
#10641=VERTEX_POINT('',#10640);
#10642=CARTESIAN_POINT('',(-37.390953506,44.82079111,-56.972268384));
#10643=CARTESIAN_POINT('',(-37.253290523,45.71294953,-56.972268384));
#10644=CARTESIAN_POINT('',(-37.123239165,46.607399283,-56.972268384));
#10645=CARTESIAN_POINT('',(-37.027965724,47.502964814,-56.972268384));
#10646=B_SPLINE_CURVE_WITH_KNOTS('',3,(#10642,#10643,#10644,#10645),.UNSPECIFIED.,.F.,.F.,(4,4),(0.00441274,0.007120776),.UNSPECIFIED.);
#10647=EDGE_CURVE('',#10641,#10611,#10646,.T.);
#10648=ORIENTED_EDGE('',*,*,#10647,.F.);
#10649=CARTESIAN_POINT('',(-36.346315869,42.732547585,-54.884024859));
#10650=VERTEX_POINT('',#10649);
#10651=CARTESIAN_POINT('',(-36.346315869,42.732547585,-54.884024859));
#10652=CARTESIAN_POINT('',(-36.335667976,42.779054358,-54.930531632));
#10653=CARTESIAN_POINT('',(-36.333617599,42.82626879,-54.977746064));
#10654=CARTESIAN_POINT('',(-36.33476236,42.873308655,-55.024785929));
#10655=CARTESIAN_POINT('',(-36.33590712,42.92034852,-55.071825794));
#10656=CARTESIAN_POINT('',(-36.340918745,42.967277514,-55.118754788));
#10657=CARTESIAN_POINT('',(-36.348566003,43.013929712,-55.165406986));
#10658=CARTESIAN_POINT('',(-36.363860519,43.107234106,-55.25871138));
#10659=CARTESIAN_POINT('',(-36.389698084,43.199685457,-55.351162731));
#10660=CARTESIAN_POINT('',(-36.421655571,43.290219901,-55.441697176));
#10661=CARTESIAN_POINT('',(-36.485570546,43.47128879,-55.622766065));
#10662=CARTESIAN_POINT('',(-36.574201555,43.646716253,-55.798193527));
#10663=CARTESIAN_POINT('',(-36.675533004,43.819244844,-55.970722119));
#10664=CARTESIAN_POINT('',(-36.776864454,43.991773436,-56.14325071));
#10665=CARTESIAN_POINT('',(-36.891211943,44.160872704,-56.312349978));
#10666=CARTESIAN_POINT('',(-37.011983929,44.327297836,-56.47877511));
#10667=CARTESIAN_POINT('',(-37.132755915,44.493722969,-56.645200243));
#10668=CARTESIAN_POINT('',(-37.260287641,44.657801125,-56.809278399));
#10669=CARTESIAN_POINT('',(-37.390953506,44.82079111,-56.972268384));
#10670=B_SPLINE_CURVE_WITH_KNOTS('',3,(#10651,#10652,#10653,#10654,#10655,#10656,#10657,#10658,#10659,#10660,#10661,#10662,#10663,#10664,#10665,#10666,#10667,#10668,#10669),.UNSPECIFIED.,.F.,.F.,(4,3,3,3,3,3,4),(0.006985866,0.007184239,0.007382612,0.007779357,0.008572849,0.00936634,0.010159831),.UNSPECIFIED.);
#10671=EDGE_CURVE('',#10650,#10641,#10670,.T.);
#10672=ORIENTED_EDGE('',*,*,#10671,.F.);
#10673=CARTESIAN_POINT('',(-28.923115093,37.550211868,-58.36676613));
#10674=DIRECTION('',(-0.,-0.557784409,0.829985875));
#10675=DIRECTION('',(0.,0.829985875,0.557784409));
#10676=AXIS2_PLACEMENT_3D('',#10673,#10674,#10675);
#10677=CIRCLE('',#10676,9.7);
#10678=EDGE_CURVE('',#10609,#10650,#10677,.T.);
#10679=ORIENTED_EDGE('',*,*,#10678,.F.);
#10680=EDGE_LOOP('',(#10639,#10648,#10672,#10679));
#10681=FACE_BOUND('',#10680,.T.);
#10682=ADVANCED_FACE('',(#10681),#10607,.T.);
#10683=CARTESIAN_POINT('',(-28.923115093,50.,-50.));
#10684=DIRECTION('',(-1.,0.,0.));
#10685=DIRECTION('',(0.,0.,1.));
#10686=AXIS2_PLACEMENT_3D('',#10683,#10684,#10685);
#10687=TOROIDAL_SURFACE('',#10686,15.,9.7);
#10688=CARTESIAN_POINT('',(-38.623115093,35.561641346,-45.933822512));
#10689=VERTEX_POINT('',#10688);
#10690=CARTESIAN_POINT('',(-38.623115093,35.561641346,-45.933822512));
#10691=CARTESIAN_POINT('',(-38.623115093,36.337986305,-46.651468411));
#10692=CARTESIAN_POINT('',(-38.487357441,37.099738564,-47.355624956));
#10693=CARTESIAN_POINT('',(-38.24150618,37.849656772,-48.048842217));
#10694=CARTESIAN_POINT('',(-38.118580549,38.224615876,-48.395450847));
#10695=CARTESIAN_POINT('',(-37.96741862,38.597121916,-48.739791889));
#10696=CARTESIAN_POINT('',(-37.794561013,38.961255178,-49.076393213));
#10697=CARTESIAN_POINT('',(-37.621703405,39.325388439,-49.412994538));
#10698=CARTESIAN_POINT('',(-37.426684118,39.682720573,-49.743308965));
#10699=CARTESIAN_POINT('',(-37.214309904,40.034726709,-50.06870009));
#10700=CARTESIAN_POINT('',(-37.00193569,40.386732844,-50.394091215));
#10701=CARTESIAN_POINT('',(-36.77209904,40.733379988,-50.714528538));
#10702=CARTESIAN_POINT('',(-36.531235667,41.076643175,-51.031837765));
#10703=CARTESIAN_POINT('',(-36.290372294,41.419906363,-51.349146991));
#10704=CARTESIAN_POINT('',(-36.038446463,41.759521427,-51.663083928));
#10705=CARTESIAN_POINT('',(-35.785773897,42.098697174,-51.976614763));
#10706=CARTESIAN_POINT('',(-35.533101331,42.437872921,-52.290145598));
#10707=CARTESIAN_POINT('',(-35.279162122,42.776585162,-52.603247973));
#10708=CARTESIAN_POINT('',(-35.042046128,43.121453569,-52.922041049));
#10709=CARTESIAN_POINT('',(-34.804930134,43.466321975,-53.240834125));
#10710=CARTESIAN_POINT('',(-34.58372144,43.817011385,-53.565008081));
#10711=CARTESIAN_POINT('',(-34.414484579,44.186718992,-53.906762278));
#10712=B_SPLINE_CURVE_WITH_KNOTS('',3,(#10690,#10691,#10692,#10693,#10694,#10695,#10696,#10697,#10698,#10699,#10700,#10701,#10702,#10703,#10704,#10705,#10706,#10707,#10708,#10709,#10710,#10711),.UNSPECIFIED.,.F.,.F.,(4,3,3,3,3,3,3,4),(0.,0.003138235,0.004707352,0.006276469,0.007845586,0.009414704,0.010983821,0.012552938),.UNSPECIFIED.);
#10713=EDGE_CURVE('',#10689,#10609,#10712,.T.);
#10714=ORIENTED_EDGE('',*,*,#10713,.T.);
#10715=ORIENTED_EDGE('',*,*,#10678,.T.);
#10716=CARTESIAN_POINT('',(-38.623115093,35.230274935,-47.381752209));
#10717=VERTEX_POINT('',#10716);
#10718=CARTESIAN_POINT('',(-38.623115093,35.230274935,-47.381752209));
#10719=CARTESIAN_POINT('',(-38.623115093,35.877329375,-48.028806649));
#10720=CARTESIAN_POINT('',(-38.536452542,36.514141986,-48.66561926));
#10721=CARTESIAN_POINT('',(-38.387646258,37.143610415,-49.295087689));
#10722=CARTESIAN_POINT('',(-38.238839973,37.773078845,-49.924556119));
#10723=CARTESIAN_POINT('',(-38.026828528,38.395077653,-50.546554927));
#10724=CARTESIAN_POINT('',(-37.78171472,39.013164405,-51.164641679));
#10725=CARTESIAN_POINT('',(-37.659157816,39.322207781,-51.473685056));
#10726=CARTESIAN_POINT('',(-37.528533271,39.630238674,-51.781715948));
#10727=CARTESIAN_POINT('',(-37.39558248,39.937640333,-52.089117607));
#10728=CARTESIAN_POINT('',(-37.26263169,40.245041992,-52.396519266));
#10729=CARTESIAN_POINT('',(-37.127257957,40.551978239,-52.703455513));
#10730=CARTESIAN_POINT('',(-36.996689103,40.859837433,-53.011314707));
#10731=CARTESIAN_POINT('',(-36.735551397,41.47555582,-53.627033094));
#10732=CARTESIAN_POINT('',(-36.492351081,42.094719715,-54.246196989));
#10733=CARTESIAN_POINT('',(-36.346315869,42.732547585,-54.884024859));
#10734=B_SPLINE_CURVE_WITH_KNOTS('',3,(#10718,#10719,#10720,#10721,#10722,#10723,#10724,#10725,#10726,#10727,#10728,#10729,#10730,#10731,#10732,#10733),.UNSPECIFIED.,.F.,.F.,(4,3,3,3,3,4),(0.,0.002707663,0.005415326,0.006769157,0.008122989,0.010830652),.UNSPECIFIED.);
#10735=EDGE_CURVE('',#10717,#10650,#10734,.T.);
#10736=ORIENTED_EDGE('',*,*,#10735,.F.);
#10737=CARTESIAN_POINT('',(-38.623115093,50.,-50.));
#10738=DIRECTION('',(-1.,0.,0.));
#10739=DIRECTION('',(0.,0.,1.));
#10740=AXIS2_PLACEMENT_3D('',#10737,#10738,#10739);
#10741=CIRCLE('',#10740,15.);
#10742=EDGE_CURVE('',#10717,#10689,#10741,.T.);
#10743=ORIENTED_EDGE('',*,*,#10742,.T.);
#10744=EDGE_LOOP('',(#10714,#10715,#10736,#10743));
#10745=FACE_BOUND('',#10744,.T.);
#10746=ADVANCED_FACE('',(#10745),#10687,.T.);
#10747=CARTESIAN_POINT('',(-28.923115093,50.,-50.));
#10748=DIRECTION('',(-1.,0.,0.));
#10749=DIRECTION('',(0.,0.,1.));
#10750=AXIS2_PLACEMENT_3D('',#10747,#10748,#10749);
#10751=TOROIDAL_SURFACE('',#10750,15.,9.7);
#10752=CARTESIAN_POINT('',(-38.623115093,35.022493253,-50.821152623));
#10753=VERTEX_POINT('',#10752);
#10754=CARTESIAN_POINT('',(-38.623115093,35.041150622,-48.889673348));
#10755=VERTEX_POINT('',#10754);
#10756=CARTESIAN_POINT('',(-38.623115093,50.,-50.));
#10757=DIRECTION('',(-1.,0.,0.));
#10758=DIRECTION('',(0.,0.,1.));
#10759=AXIS2_PLACEMENT_3D('',#10756,#10757,#10758);
#10760=CIRCLE('',#10759,15.);
#10761=EDGE_CURVE('',#10753,#10755,#10760,.T.);
#10762=ORIENTED_EDGE('',*,*,#10761,.T.);
#10763=CARTESIAN_POINT('',(-37.22246999,41.717593041,-55.566115767));
#10764=VERTEX_POINT('',#10763);
#10765=CARTESIAN_POINT('',(-38.623115093,35.041150622,-48.889673348));
#10766=CARTESIAN_POINT('',(-38.623115093,35.609764162,-49.458286888));
#10767=CARTESIAN_POINT('',(-38.565765248,36.172362015,-50.020884741));
#10768=CARTESIAN_POINT('',(-38.469716441,36.730900557,-50.579423283));
#10769=CARTESIAN_POINT('',(-38.373667635,37.289439099,-51.137961825));
#10770=CARTESIAN_POINT('',(-38.238512844,37.843875636,-51.692398362));
#10771=CARTESIAN_POINT('',(-38.086574115,38.396551629,-52.245074355));
#10772=CARTESIAN_POINT('',(-37.934635387,38.949227622,-52.797750348));
#10773=CARTESIAN_POINT('',(-37.765796353,39.500130865,-53.34865359));
#10774=CARTESIAN_POINT('',(-37.610553083,40.052460229,-53.900982955));
#10775=CARTESIAN_POINT('',(-37.455309813,40.604789593,-54.453312319));
#10776=CARTESIAN_POINT('',(-37.314518745,41.158634915,-55.007157641));
#10777=CARTESIAN_POINT('',(-37.22246999,41.717593041,-55.566115767));
#10778=B_SPLINE_CURVE_WITH_KNOTS('',3,(#10765,#10766,#10767,#10768,#10769,#10770,#10771,#10772,#10773,#10774,#10775,#10776,#10777),.UNSPECIFIED.,.F.,.F.,(4,3,3,3,4),(0.,0.00238631,0.004772619,0.007158929,0.009545238),.UNSPECIFIED.);
#10779=EDGE_CURVE('',#10755,#10764,#10778,.T.);
#10780=ORIENTED_EDGE('',*,*,#10779,.T.);
#10781=CARTESIAN_POINT('',(-38.042659962,40.293425227,-56.523214708));
#10782=VERTEX_POINT('',#10781);
#10783=CARTESIAN_POINT('',(-28.923115093,37.550211868,-58.36676613));
#10784=DIRECTION('',(-0.,-0.557784409,0.829985875));
#10785=DIRECTION('',(0.,0.829985875,0.557784409));
#10786=AXIS2_PLACEMENT_3D('',#10783,#10784,#10785);
#10787=CIRCLE('',#10786,9.7);
#10788=EDGE_CURVE('',#10764,#10782,#10787,.T.);
#10789=ORIENTED_EDGE('',*,*,#10788,.T.);
#10790=CARTESIAN_POINT('',(-38.623115093,35.022493253,-50.821152623));
#10791=CARTESIAN_POINT('',(-38.623115093,36.789288357,-52.732460798));
#10792=CARTESIAN_POINT('',(-38.187142046,38.533961404,-54.619837468));
#10793=CARTESIAN_POINT('',(-38.042659962,40.293425227,-56.523214708));
#10794=B_SPLINE_CURVE_WITH_KNOTS('',3,(#10790,#10791,#10792,#10793),.UNSPECIFIED.,.F.,.F.,(4,4),(0.,0.00778673),.UNSPECIFIED.);
#10795=EDGE_CURVE('',#10753,#10782,#10794,.T.);
#10796=ORIENTED_EDGE('',*,*,#10795,.F.);
#10797=EDGE_LOOP('',(#10762,#10780,#10789,#10796));
#10798=FACE_BOUND('',#10797,.T.);
#10799=ADVANCED_FACE('',(#10798),#10751,.T.);
#10800=CARTESIAN_POINT('',(-37.222509292,41.717612744,-55.566102461));
#10801=CARTESIAN_POINT('',(-37.475971805,41.369823258,-55.799794306));
#10802=CARTESIAN_POINT('',(-37.697708488,41.006099183,-56.044183235));
#10803=CARTESIAN_POINT('',(-38.05415568,40.291647863,-56.524210578));
#10804=CARTESIAN_POINT('',(-38.195241481,39.943127976,-56.758367594));
#10805=CARTESIAN_POINT('',(-38.307135517,39.588264547,-56.996779597));
#10806=CARTESIAN_POINT('',(-37.128616545,41.878915352,-55.527608622));
#10807=CARTESIAN_POINT('',(-37.385300932,41.545008041,-55.759762412));
#10808=CARTESIAN_POINT('',(-37.611772294,41.196447675,-56.004331417));
#10809=CARTESIAN_POINT('',(-37.980194616,40.512676538,-56.488167974));
#10810=CARTESIAN_POINT('',(-38.128231466,40.179492932,-56.725616328));
#10811=CARTESIAN_POINT('',(-38.248321027,39.840484861,-56.96884731));
#10812=CARTESIAN_POINT('',(-37.034309793,42.060937809,-55.51913074));
#10813=CARTESIAN_POINT('',(-37.293406795,41.741727615,-55.748451227));
#10814=CARTESIAN_POINT('',(-37.524045919,41.40916977,-55.991426688));
#10815=CARTESIAN_POINT('',(-37.903870131,40.757705239,-56.47484412));
#10816=CARTESIAN_POINT('',(-38.058802474,40.440642569,-56.713212566));
#10817=CARTESIAN_POINT('',(-38.187260313,40.118282834,-56.95856204));
#10818=CARTESIAN_POINT('',(-36.833035408,42.552397574,-55.559670961));
#10819=CARTESIAN_POINT('',(-37.095603867,42.268357513,-55.779950992));
#10820=CARTESIAN_POINT('',(-37.333922944,41.973860629,-56.015801361));
#10821=CARTESIAN_POINT('',(-37.73675896,41.398919166,-56.489960518));
#10822=CARTESIAN_POINT('',(-37.906204075,41.119914244,-56.725777957));
#10823=CARTESIAN_POINT('',(-38.052777688,40.836776077,-56.970651779));
#10824=CARTESIAN_POINT('',(-36.736085569,42.875646918,-55.626862907));
#10825=CARTESIAN_POINT('',(-36.998920565,42.611776132,-55.840342395));
#10826=CARTESIAN_POINT('',(-37.239922232,42.338934836,-56.069726804));
#10827=CARTESIAN_POINT('',(-37.652737947,41.807299027,-56.532625584));
#10828=CARTESIAN_POINT('',(-37.829004814,41.549737205,-56.763547889));
#10829=CARTESIAN_POINT('',(-37.984520403,41.288637372,-57.004137964));
#10830=CARTESIAN_POINT('',(-36.626153297,43.428589077,-55.7593662));
#10831=CARTESIAN_POINT('',(-36.8872788,43.194567272,-55.961811566));
#10832=CARTESIAN_POINT('',(-37.129871741,42.953489312,-56.180034831));
#10833=CARTESIAN_POINT('',(-37.552434376,42.484986708,-56.622025321));
#10834=CARTESIAN_POINT('',(-37.736201846,42.258529175,-56.843169827));
#10835=CARTESIAN_POINT('',(-37.90217142,42.029296991,-57.07436373));
#10836=CARTESIAN_POINT('',(-36.595236926,43.624168275,-55.808893954));
#10837=CARTESIAN_POINT('',(-36.855445184,43.400039428,-56.007517897));
#10838=CARTESIAN_POINT('',(-37.098171141,43.169441848,-56.221771346));
#10839=CARTESIAN_POINT('',(-37.523135052,42.721706053,-56.65611021));
#10840=CARTESIAN_POINT('',(-37.708961373,42.505453641,-56.873582923));
#10841=CARTESIAN_POINT('',(-37.877939478,42.286660198,-57.101142649));
#10842=CARTESIAN_POINT('',(-36.557821479,43.929485994,-55.886343666));
#10843=CARTESIAN_POINT('',(-36.816254193,43.719873614,-56.079278679));
#10844=CARTESIAN_POINT('',(-37.058663144,43.504586801,-56.287519047));
#10845=CARTESIAN_POINT('',(-37.486018997,43.087097294,-56.710057556));
#10846=CARTESIAN_POINT('',(-37.674262309,42.885670667,-56.921778645));
#10847=CARTESIAN_POINT('',(-37.846987809,42.682018216,-57.143545776));
#10848=CARTESIAN_POINT('',(-36.54702057,44.030352045,-55.911954201));
#10849=CARTESIAN_POINT('',(-36.804817271,43.825401834,-56.103049487));
#10850=CARTESIAN_POINT('',(-37.047046038,43.615021923,-56.309329606));
#10851=CARTESIAN_POINT('',(-37.474997009,43.207211812,-56.727989816));
#10852=CARTESIAN_POINT('',(-37.663924196,43.010523903,-56.937807533));
#10853=CARTESIAN_POINT('',(-37.837751221,42.811707174,-57.157643328));
#10854=CARTESIAN_POINT('',(-36.537412158,44.133821555,-55.938014514));
#10855=CARTESIAN_POINT('',(-36.794515897,43.933524993,-56.127271906));
#10856=CARTESIAN_POINT('',(-37.036493151,43.728032885,-56.33158072));
#10857=CARTESIAN_POINT('',(-37.464875602,43.32985069,-56.746314707));
#10858=CARTESIAN_POINT('',(-37.654397077,43.137870608,-56.954194802));
#10859=CARTESIAN_POINT('',(-37.829224496,42.943854419,-57.172052621));
#10860=B_SPLINE_SURFACE_WITH_KNOTS('',3,3,((#10800,#10801,#10802,#10803,#10804,#10805),(#10806,#10807,#10808,#10809,#10810,#10811),(#10812,#10813,#10814,#10815,#10816,#10817),(#10818,#10819,#10820,#10821,#10822,#10823),(#10824,#10825,#10826,#10827,#10828,#10829),(#10830,#10831,#10832,#10833,#10834,#10835),(#10836,#10837,#10838,#10839,#10840,#10841),(#10842,#10843,#10844,#10845,#10846,#10847),(#10848,#10849,#10850,#10851,#10852,#10853),(#10854,#10855,#10856,#10857,#10858,#10859)),.UNSPECIFIED.,.F.,.F.,.U.,(4,2,2,2,4),(4,2,4),(0.010357604,0.012200041,0.014666506,0.015899738,0.016485195),(0.653585829,0.75,0.837005097),.UNSPECIFIED.);
#10861=ORIENTED_EDGE('',*,*,#10788,.F.);
#10862=CARTESIAN_POINT('',(-37.662369541,43.123745658,-56.972268384));
#10863=VERTEX_POINT('',#10862);
#10864=CARTESIAN_POINT('',(-37.22246999,41.717593041,-55.566115767));
#10865=CARTESIAN_POINT('',(-37.212339292,41.779111249,-55.627633975));
#10866=CARTESIAN_POINT('',(-37.212710431,41.83966713,-55.688189856));
#10867=CARTESIAN_POINT('',(-37.216659644,41.899895137,-55.748417862));
#10868=CARTESIAN_POINT('',(-37.220608857,41.960123143,-55.808645869));
#10869=CARTESIAN_POINT('',(-37.229016397,42.019942615,-55.86846534));
#10870=CARTESIAN_POINT('',(-37.240426595,42.07948694,-55.928009666));
#10871=CARTESIAN_POINT('',(-37.26324699,42.19857559,-56.047098316));
#10872=CARTESIAN_POINT('',(-37.297995419,42.316571225,-56.165093951));
#10873=CARTESIAN_POINT('',(-37.340132269,42.433889827,-56.282412553));
#10874=CARTESIAN_POINT('',(-37.424405969,42.668527032,-56.517049758));
#10875=CARTESIAN_POINT('',(-37.537177891,42.89799883,-56.746521556));
#10876=CARTESIAN_POINT('',(-37.662369541,43.123745658,-56.972268384));
#10877=B_SPLINE_CURVE_WITH_KNOTS('',3,(#10864,#10865,#10866,#10867,#10868,#10869,#10870,#10871,#10872,#10873,#10874,#10875,#10876),.UNSPECIFIED.,.F.,.F.,(4,3,3,3,4),(0.,0.000254929,0.000509859,0.001019718,0.002039436),.UNSPECIFIED.);
#10878=EDGE_CURVE('',#10764,#10863,#10877,.T.);
#10879=ORIENTED_EDGE('',*,*,#10878,.T.);
#10880=CARTESIAN_POINT('',(-38.079264008,40.708526175,-56.972268384));
#10881=VERTEX_POINT('',#10880);
#10882=CARTESIAN_POINT('',(-38.079264008,40.708526175,-56.972268384));
#10883=CARTESIAN_POINT('',(-37.930403258,41.511872805,-56.972268384));
#10884=CARTESIAN_POINT('',(-37.795035357,42.317650715,-56.972268384));
#10885=CARTESIAN_POINT('',(-37.662369541,43.123745658,-56.972268384));
#10886=B_SPLINE_CURVE_WITH_KNOTS('',3,(#10882,#10883,#10884,#10885),.UNSPECIFIED.,.F.,.F.,(4,4),(0.003882554,0.006333237),.UNSPECIFIED.);
#10887=EDGE_CURVE('',#10881,#10863,#10886,.T.);
#10888=ORIENTED_EDGE('',*,*,#10887,.F.);
#10889=CARTESIAN_POINT('',(-38.042659962,40.293425227,-56.523214708));
#10890=CARTESIAN_POINT('',(-38.03695623,40.362885456,-56.59835636));
#10891=CARTESIAN_POINT('',(-38.039770062,40.432520258,-56.673686866));
#10892=CARTESIAN_POINT('',(-38.046688738,40.501905791,-56.748747712));
#10893=CARTESIAN_POINT('',(-38.053607414,40.571291324,-56.823808558));
#10894=CARTESIAN_POINT('',(-38.0649635,40.64016789,-56.898318808));
#10895=CARTESIAN_POINT('',(-38.079264008,40.708526175,-56.972268384));
#10896=B_SPLINE_CURVE_WITH_KNOTS('',3,(#10889,#10890,#10891,#10892,#10893,#10894,#10895),.UNSPECIFIED.,.F.,.F.,(4,3,4),(0.001431199,0.001735433,0.002039667),.UNSPECIFIED.);
#10897=EDGE_CURVE('',#10782,#10881,#10896,.T.);
#10898=ORIENTED_EDGE('',*,*,#10897,.F.);
#10899=EDGE_LOOP('',(#10861,#10879,#10888,#10898));
#10900=FACE_BOUND('',#10899,.T.);
#10901=ADVANCED_FACE('',(#10900),#10860,.T.);
#10902=CARTESIAN_POINT('',(-28.923115093,50.,50.));
#10903=DIRECTION('',(-1.,0.,0.));
#10904=DIRECTION('',(0.,0.,1.));
#10905=AXIS2_PLACEMENT_3D('',#10902,#10903,#10904);
#10906=TOROIDAL_SURFACE('',#10905,15.,9.7);
#10907=ORIENTED_EDGE('',*,*,#5305,.F.);
#10908=ORIENTED_EDGE('',*,*,#4846,.T.);
#10909=ORIENTED_EDGE('',*,*,#5686,.T.);
#10910=ORIENTED_EDGE('',*,*,#4972,.T.);
#10911=EDGE_LOOP('',(#10907,#10908,#10909,#10910));
#10912=FACE_BOUND('',#10911,.T.);
#10913=ADVANCED_FACE('',(#10912),#10906,.T.);
#10914=CARTESIAN_POINT('',(-30.423115093,43.5,19.809856765));
#10915=DIRECTION('',(0.,0.382683432,-0.923879533));
#10916=DIRECTION('',(0.,0.923879533,0.382683432));
#10917=AXIS2_PLACEMENT_3D('',#10914,#10915,#10916);
#10918=PLANE('',#10917);
#10919=CARTESIAN_POINT('',(-38.923115093,56.,24.987526295));
#10920=VERTEX_POINT('',#10919);
#10921=CARTESIAN_POINT('',(-38.923115093,56.,24.987526295));
#10922=DIRECTION('',(0.,-0.923879533,-0.382683432));
#10923=VECTOR('',#10922,27.059805007);
#10924=LINE('',#10921,#10923);
#10925=EDGE_CURVE('',#10920,#1638,#10924,.T.);
#10926=ORIENTED_EDGE('',*,*,#10925,.F.);
#10927=CARTESIAN_POINT('',(-30.423115093,56.,24.987526295));
#10928=VERTEX_POINT('',#10927);
#10929=CARTESIAN_POINT('',(-30.423115093,56.,24.987526295));
#10930=DIRECTION('',(-1.,0.,0.));
#10931=VECTOR('',#10930,8.5);
#10932=LINE('',#10929,#10931);
#10933=EDGE_CURVE('',#10928,#10920,#10932,.T.);
#10934=ORIENTED_EDGE('',*,*,#10933,.F.);
#10935=CARTESIAN_POINT('',(-30.423115093,56.,24.987526295));
#10936=DIRECTION('',(0.,-0.923879533,-0.382683432));
#10937=VECTOR('',#10936,27.059805007);
#10938=LINE('',#10935,#10937);
#10939=EDGE_CURVE('',#10928,#1646,#10938,.T.);
#10940=ORIENTED_EDGE('',*,*,#10939,.T.);
#10941=ORIENTED_EDGE('',*,*,#1651,.T.);
#10942=EDGE_LOOP('',(#10926,#10934,#10940,#10941));
#10943=FACE_BOUND('',#10942,.T.);
#10944=ADVANCED_FACE('',(#10943),#10918,.T.);
#10945=CARTESIAN_POINT('',(-38.923115093,0.,0.));
#10946=DIRECTION('',(1.,0.,0.));
#10947=DIRECTION('',(0.,1.,0.));
#10948=AXIS2_PLACEMENT_3D('',#10945,#10946,#10947);
#10949=PLANE('',#10948);
#10950=ORIENTED_EDGE('',*,*,#1643,.T.);
#10951=CARTESIAN_POINT('',(-38.923115093,56.,26.765732192));
#10952=VERTEX_POINT('',#10951);
#10953=CARTESIAN_POINT('',(-38.923115093,56.,26.765732192));
#10954=DIRECTION('',(0.,-0.908143174,-0.418659738));
#10955=VECTOR('',#10954,27.528698911);
#10956=LINE('',#10953,#10955);
#10957=EDGE_CURVE('',#10952,#1630,#10956,.T.);
#10958=ORIENTED_EDGE('',*,*,#10957,.F.);
#10959=CARTESIAN_POINT('',(-38.923115093,56.,24.987526295));
#10960=DIRECTION('',(0.,-0.,1.));
#10961=VECTOR('',#10960,1.778205897);
#10962=LINE('',#10959,#10961);
#10963=EDGE_CURVE('',#10920,#10952,#10962,.T.);
#10964=ORIENTED_EDGE('',*,*,#10963,.F.);
#10965=ORIENTED_EDGE('',*,*,#10925,.T.);
#10966=EDGE_LOOP('',(#10950,#10958,#10964,#10965));
#10967=FACE_BOUND('',#10966,.T.);
#10968=ADVANCED_FACE('',(#10967),#10949,.F.);
#10969=CARTESIAN_POINT('',(-30.423115093,43.5,21.003153262));
#10970=DIRECTION('',(0.,0.418659738,-0.908143174));
#10971=DIRECTION('',(0.,0.908143174,0.418659738));
#10972=AXIS2_PLACEMENT_3D('',#10969,#10970,#10971);
#10973=PLANE('',#10972);
#10974=ORIENTED_EDGE('',*,*,#10957,.T.);
#10975=ORIENTED_EDGE('',*,*,#1635,.F.);
#10976=CARTESIAN_POINT('',(-30.423115093,56.,26.765732192));
#10977=VERTEX_POINT('',#10976);
#10978=CARTESIAN_POINT('',(-30.423115093,56.,26.765732192));
#10979=DIRECTION('',(0.,-0.908143174,-0.418659738));
#10980=VECTOR('',#10979,27.528698911);
#10981=LINE('',#10978,#10980);
#10982=EDGE_CURVE('',#10977,#1622,#10981,.T.);
#10983=ORIENTED_EDGE('',*,*,#10982,.F.);
#10984=CARTESIAN_POINT('',(-30.423115093,56.,26.765732192));
#10985=DIRECTION('',(-1.,0.,0.));
#10986=VECTOR('',#10985,8.5);
#10987=LINE('',#10984,#10986);
#10988=EDGE_CURVE('',#10977,#10952,#10987,.T.);
#10989=ORIENTED_EDGE('',*,*,#10988,.T.);
#10990=EDGE_LOOP('',(#10974,#10975,#10983,#10989));
#10991=FACE_BOUND('',#10990,.T.);
#10992=ADVANCED_FACE('',(#10991),#10973,.F.);
#10993=CARTESIAN_POINT('',(-30.423115093,0.,0.));
#10994=DIRECTION('',(-1.,0.,0.));
#10995=DIRECTION('',(0.,-1.,0.));
#10996=AXIS2_PLACEMENT_3D('',#10993,#10994,#10995);
#10997=PLANE('',#10996);
#10998=ORIENTED_EDGE('',*,*,#10982,.T.);
#10999=ORIENTED_EDGE('',*,*,#1627,.T.);
#11000=CARTESIAN_POINT('',(-30.423115093,56.,28.087101312));
#11001=VERTEX_POINT('',#11000);
#11002=CARTESIAN_POINT('',(-30.423115093,56.,28.087101312));
#11003=DIRECTION('',(0.,-0.908143174,-0.418659738));
#11004=VECTOR('',#11003,27.528698911);
#11005=LINE('',#11002,#11004);
#11006=EDGE_CURVE('',#11001,#1614,#11005,.T.);
#11007=ORIENTED_EDGE('',*,*,#11006,.F.);
#11008=CARTESIAN_POINT('',(-30.423115093,56.,26.765732192));
#11009=DIRECTION('',(0.,0.,1.));
#11010=VECTOR('',#11009,1.321369121);
#11011=LINE('',#11008,#11010);
#11012=EDGE_CURVE('',#10977,#11001,#11011,.T.);
#11013=ORIENTED_EDGE('',*,*,#11012,.F.);
#11014=EDGE_LOOP('',(#10998,#10999,#11007,#11013));
#11015=FACE_BOUND('',#11014,.T.);
#11016=ADVANCED_FACE('',(#11015),#10997,.T.);
#11017=CARTESIAN_POINT('',(-30.423115093,43.5,22.324522382));
#11018=DIRECTION('',(0.,0.418659738,-0.908143174));
#11019=DIRECTION('',(0.,0.908143174,0.418659738));
#11020=AXIS2_PLACEMENT_3D('',#11017,#11018,#11019);
#11021=PLANE('',#11020);
#11022=CARTESIAN_POINT('',(-38.923115093,56.,28.087101312));
#11023=VERTEX_POINT('',#11022);
#11024=CARTESIAN_POINT('',(-38.923115093,56.,28.087101312));
#11025=DIRECTION('',(0.,-0.908143174,-0.418659738));
#11026=VECTOR('',#11025,27.528698911);
#11027=LINE('',#11024,#11026);
#11028=EDGE_CURVE('',#11023,#1606,#11027,.T.);
#11029=ORIENTED_EDGE('',*,*,#11028,.F.);
#11030=CARTESIAN_POINT('',(-30.423115093,56.,28.087101312));
#11031=DIRECTION('',(-1.,0.,0.));
#11032=VECTOR('',#11031,8.5);
#11033=LINE('',#11030,#11032);
#11034=EDGE_CURVE('',#11001,#11023,#11033,.T.);
#11035=ORIENTED_EDGE('',*,*,#11034,.F.);
#11036=ORIENTED_EDGE('',*,*,#11006,.T.);
#11037=ORIENTED_EDGE('',*,*,#1619,.T.);
#11038=EDGE_LOOP('',(#11029,#11035,#11036,#11037));
#11039=FACE_BOUND('',#11038,.T.);
#11040=ADVANCED_FACE('',(#11039),#11021,.T.);
#11041=CARTESIAN_POINT('',(-38.923115093,0.,0.));
#11042=DIRECTION('',(1.,0.,0.));
#11043=DIRECTION('',(0.,1.,0.));
#11044=AXIS2_PLACEMENT_3D('',#11041,#11042,#11043);
#11045=PLANE('',#11044);
#11046=ORIENTED_EDGE('',*,*,#1611,.T.);
#11047=CARTESIAN_POINT('',(-38.923115093,56.,29.955288219));
#11048=VERTEX_POINT('',#11047);
#11049=CARTESIAN_POINT('',(-38.923115093,56.,29.955288219));
#11050=DIRECTION('',(0.,-0.891006524,-0.4539905));
#11051=VECTOR('',#11050,28.058155941);
#11052=LINE('',#11049,#11051);
#11053=EDGE_CURVE('',#11048,#1598,#11052,.T.);
#11054=ORIENTED_EDGE('',*,*,#11053,.F.);
#11055=CARTESIAN_POINT('',(-38.923115093,56.,28.087101312));
#11056=DIRECTION('',(0.,-0.,1.));
#11057=VECTOR('',#11056,1.868186906);
#11058=LINE('',#11055,#11057);
#11059=EDGE_CURVE('',#11023,#11048,#11058,.T.);
#11060=ORIENTED_EDGE('',*,*,#11059,.F.);
#11061=ORIENTED_EDGE('',*,*,#11028,.T.);
#11062=EDGE_LOOP('',(#11046,#11054,#11060,#11061));
#11063=FACE_BOUND('',#11062,.T.);
#11064=ADVANCED_FACE('',(#11063),#11045,.F.);
#11065=CARTESIAN_POINT('',(-30.423115093,43.5,23.5862201));
#11066=DIRECTION('',(0.,0.4539905,-0.891006524));
#11067=DIRECTION('',(0.,0.891006524,0.4539905));
#11068=AXIS2_PLACEMENT_3D('',#11065,#11066,#11067);
#11069=PLANE('',#11068);
#11070=ORIENTED_EDGE('',*,*,#11053,.T.);
#11071=ORIENTED_EDGE('',*,*,#1603,.F.);
#11072=CARTESIAN_POINT('',(-30.423115093,56.,29.955288219));
#11073=VERTEX_POINT('',#11072);
#11074=CARTESIAN_POINT('',(-30.423115093,56.,29.955288219));
#11075=DIRECTION('',(0.,-0.891006524,-0.4539905));
#11076=VECTOR('',#11075,28.058155941);
#11077=LINE('',#11074,#11076);
#11078=EDGE_CURVE('',#11073,#1590,#11077,.T.);
#11079=ORIENTED_EDGE('',*,*,#11078,.F.);
#11080=CARTESIAN_POINT('',(-30.423115093,56.,29.955288219));
#11081=DIRECTION('',(-1.,0.,0.));
#11082=VECTOR('',#11081,8.5);
#11083=LINE('',#11080,#11082);
#11084=EDGE_CURVE('',#11073,#11048,#11083,.T.);
#11085=ORIENTED_EDGE('',*,*,#11084,.T.);
#11086=EDGE_LOOP('',(#11070,#11071,#11079,#11085));
#11087=FACE_BOUND('',#11086,.T.);
#11088=ADVANCED_FACE('',(#11087),#11069,.F.);
#11089=CARTESIAN_POINT('',(-30.423115093,0.,0.));
#11090=DIRECTION('',(-1.,0.,0.));
#11091=DIRECTION('',(0.,-1.,0.));
#11092=AXIS2_PLACEMENT_3D('',#11089,#11090,#11091);
#11093=PLANE('',#11092);
#11094=ORIENTED_EDGE('',*,*,#11078,.T.);
#11095=ORIENTED_EDGE('',*,*,#1595,.T.);
#11096=CARTESIAN_POINT('',(-30.423115093,56.,31.302071115));
#11097=VERTEX_POINT('',#11096);
#11098=CARTESIAN_POINT('',(-30.423115093,56.,31.302071115));
#11099=DIRECTION('',(0.,-0.891006524,-0.4539905));
#11100=VECTOR('',#11099,28.058155941);
#11101=LINE('',#11098,#11100);
#11102=EDGE_CURVE('',#11097,#1582,#11101,.T.);
#11103=ORIENTED_EDGE('',*,*,#11102,.F.);
#11104=CARTESIAN_POINT('',(-30.423115093,56.,29.955288219));
#11105=DIRECTION('',(0.,0.,1.));
#11106=VECTOR('',#11105,1.346782896);
#11107=LINE('',#11104,#11106);
#11108=EDGE_CURVE('',#11073,#11097,#11107,.T.);
#11109=ORIENTED_EDGE('',*,*,#11108,.F.);
#11110=EDGE_LOOP('',(#11094,#11095,#11103,#11109));
#11111=FACE_BOUND('',#11110,.T.);
#11112=ADVANCED_FACE('',(#11111),#11093,.T.);
#11113=CARTESIAN_POINT('',(-30.423115093,43.5,24.933002996));
#11114=DIRECTION('',(0.,0.4539905,-0.891006524));
#11115=DIRECTION('',(0.,0.891006524,0.4539905));
#11116=AXIS2_PLACEMENT_3D('',#11113,#11114,#11115);
#11117=PLANE('',#11116);
#11118=CARTESIAN_POINT('',(-38.923115093,56.,31.302071115));
#11119=VERTEX_POINT('',#11118);
#11120=CARTESIAN_POINT('',(-38.923115093,56.,31.302071115));
#11121=DIRECTION('',(0.,-0.891006524,-0.4539905));
#11122=VECTOR('',#11121,28.058155941);
#11123=LINE('',#11120,#11122);
#11124=EDGE_CURVE('',#11119,#1574,#11123,.T.);
#11125=ORIENTED_EDGE('',*,*,#11124,.F.);
#11126=CARTESIAN_POINT('',(-30.423115093,56.,31.302071115));
#11127=DIRECTION('',(-1.,0.,0.));
#11128=VECTOR('',#11127,8.5);
#11129=LINE('',#11126,#11128);
#11130=EDGE_CURVE('',#11097,#11119,#11129,.T.);
#11131=ORIENTED_EDGE('',*,*,#11130,.F.);
#11132=ORIENTED_EDGE('',*,*,#11102,.T.);
#11133=ORIENTED_EDGE('',*,*,#1587,.T.);
#11134=EDGE_LOOP('',(#11125,#11131,#11132,#11133));
#11135=FACE_BOUND('',#11134,.T.);
#11136=ADVANCED_FACE('',(#11135),#11117,.T.);
#11137=CARTESIAN_POINT('',(-38.923115093,0.,0.));
#11138=DIRECTION('',(1.,0.,0.));
#11139=DIRECTION('',(0.,1.,0.));
#11140=AXIS2_PLACEMENT_3D('',#11137,#11138,#11139);
#11141=PLANE('',#11140);
#11142=ORIENTED_EDGE('',*,*,#1579,.T.);
#11143=CARTESIAN_POINT('',(-38.923115093,55.995503048,33.271579701));
#11144=DIRECTION('',(0.,-0.872496007,-0.488621241));
#11145=VECTOR('',#11144,28.648272136);
#11146=LINE('',#11143,#11145);
#11147=EDGE_CURVE('',#3015,#1566,#11146,.T.);
#11148=ORIENTED_EDGE('',*,*,#11147,.F.);
#11149=ORIENTED_EDGE('',*,*,#3021,.F.);
#11150=CARTESIAN_POINT('',(-38.923115093,56.,31.302071115));
#11151=DIRECTION('',(0.,-0.,1.));
#11152=VECTOR('',#11151,1.447928885);
#11153=LINE('',#11150,#11152);
#11154=EDGE_CURVE('',#11119,#3007,#11153,.T.);
#11155=ORIENTED_EDGE('',*,*,#11154,.F.);
#11156=ORIENTED_EDGE('',*,*,#11124,.T.);
#11157=EDGE_LOOP('',(#11142,#11148,#11149,#11155,#11156));
#11158=FACE_BOUND('',#11157,.T.);
#11159=ADVANCED_FACE('',(#11158),#11141,.F.);
#11160=CARTESIAN_POINT('',(-30.423115093,43.497751524,26.272502552));
#11161=DIRECTION('',(0.,0.488621241,-0.872496007));
#11162=DIRECTION('',(0.,0.872496007,0.488621241));
#11163=AXIS2_PLACEMENT_3D('',#11160,#11161,#11162);
#11164=PLANE('',#11163);
#11165=ORIENTED_EDGE('',*,*,#11147,.T.);
#11166=ORIENTED_EDGE('',*,*,#1571,.F.);
#11167=CARTESIAN_POINT('',(-30.423115093,55.995503048,33.271579701));
#11168=DIRECTION('',(0.,-0.872496007,-0.488621241));
#11169=VECTOR('',#11168,28.648272136);
#11170=LINE('',#11167,#11169);
#11171=EDGE_CURVE('',#3024,#1558,#11170,.T.);
#11172=ORIENTED_EDGE('',*,*,#11171,.F.);
#11173=ORIENTED_EDGE('',*,*,#3029,.T.);
#11174=EDGE_LOOP('',(#11165,#11166,#11172,#11173));
#11175=FACE_BOUND('',#11174,.T.);
#11176=ADVANCED_FACE('',(#11175),#11164,.F.);
#11177=CARTESIAN_POINT('',(-30.423115093,0.,0.));
#11178=DIRECTION('',(-1.,0.,0.));
#11179=DIRECTION('',(0.,-1.,0.));
#11180=AXIS2_PLACEMENT_3D('',#11177,#11178,#11179);
#11181=PLANE('',#11180);
#11182=CARTESIAN_POINT('',(-30.423115093,55.942320936,34.617151976));
#11183=DIRECTION('',(0.,-0.872496007,-0.488621241));
#11184=VECTOR('',#11183,28.587318147);
#11185=LINE('',#11182,#11184);
#11186=EDGE_CURVE('',#3032,#1550,#11185,.T.);
#11187=ORIENTED_EDGE('',*,*,#11186,.F.);
#11188=ORIENTED_EDGE('',*,*,#3038,.T.);
#11189=ORIENTED_EDGE('',*,*,#11171,.T.);
#11190=ORIENTED_EDGE('',*,*,#1563,.T.);
#11191=EDGE_LOOP('',(#11187,#11188,#11189,#11190));
#11192=FACE_BOUND('',#11191,.T.);
#11193=ADVANCED_FACE('',(#11192),#11181,.T.);
#11194=CARTESIAN_POINT('',(-30.423115093,43.471160468,27.632966534));
#11195=DIRECTION('',(0.,0.488621241,-0.872496007));
#11196=DIRECTION('',(0.,0.872496007,0.488621241));
#11197=AXIS2_PLACEMENT_3D('',#11194,#11195,#11196);
#11198=PLANE('',#11197);
#11199=CARTESIAN_POINT('',(-38.623115093,55.942320936,34.617151976));
#11200=DIRECTION('',(0.,-0.872496007,-0.488621241));
#11201=VECTOR('',#11200,28.587318147);
#11202=LINE('',#11199,#11201);
#11203=EDGE_CURVE('',#3041,#1542,#11202,.T.);
#11204=ORIENTED_EDGE('',*,*,#11203,.F.);
#11205=ORIENTED_EDGE('',*,*,#3046,.F.);
#11206=ORIENTED_EDGE('',*,*,#11186,.T.);
#11207=ORIENTED_EDGE('',*,*,#1555,.T.);
#11208=EDGE_LOOP('',(#11204,#11205,#11206,#11207));
#11209=FACE_BOUND('',#11208,.T.);
#11210=ADVANCED_FACE('',(#11209),#11198,.T.);
#11211=CARTESIAN_POINT('',(-38.623115093,0.,0.));
#11212=DIRECTION('',(1.,0.,0.));
#11213=DIRECTION('',(0.,1.,0.));
#11214=AXIS2_PLACEMENT_3D('',#11211,#11212,#11213);
#11215=PLANE('',#11214);
#11216=ORIENTED_EDGE('',*,*,#1547,.T.);
#11217=CARTESIAN_POINT('',(-38.623115093,54.082905313,35.566362752));
#11218=DIRECTION('',(0.,-0.852640164,-0.522498565));
#11219=VECTOR('',#11218,27.07227067);
#11220=LINE('',#11217,#11219);
#11221=EDGE_CURVE('',#9466,#1534,#11220,.T.);
#11222=ORIENTED_EDGE('',*,*,#11221,.F.);
#11223=ORIENTED_EDGE('',*,*,#9472,.F.);
#11224=ORIENTED_EDGE('',*,*,#3055,.F.);
#11225=ORIENTED_EDGE('',*,*,#11203,.T.);
#11226=EDGE_LOOP('',(#11216,#11222,#11223,#11224,#11225));
#11227=FACE_BOUND('',#11226,.T.);
#11228=ADVANCED_FACE('',(#11227),#11215,.F.);
#11229=CARTESIAN_POINT('',(-30.423115093,43.377569625,29.006124605));
#11230=DIRECTION('',(0.,0.522498565,-0.852640164));
#11231=DIRECTION('',(0.,0.852640164,0.522498565));
#11232=AXIS2_PLACEMENT_3D('',#11229,#11230,#11231);
#11233=PLANE('',#11232);
#11234=ORIENTED_EDGE('',*,*,#9479,.F.);
#11235=ORIENTED_EDGE('',*,*,#11221,.T.);
#11236=ORIENTED_EDGE('',*,*,#1539,.F.);
#11237=CARTESIAN_POINT('',(-30.423115093,55.755139251,36.591109027));
#11238=DIRECTION('',(0.,-0.852640164,-0.522498565));
#11239=VECTOR('',#11238,29.033512947);
#11240=LINE('',#11237,#11239);
#11241=EDGE_CURVE('',#3067,#1526,#11240,.T.);
#11242=ORIENTED_EDGE('',*,*,#11241,.F.);
#11243=ORIENTED_EDGE('',*,*,#3072,.T.);
#11244=EDGE_LOOP('',(#11234,#11235,#11236,#11242,#11243));
#11245=FACE_BOUND('',#11244,.T.);
#11246=ADVANCED_FACE('',(#11245),#11233,.F.);
#11247=CARTESIAN_POINT('',(-30.423115093,0.,0.));
#11248=DIRECTION('',(-1.,0.,0.));
#11249=DIRECTION('',(0.,-1.,0.));
#11250=AXIS2_PLACEMENT_3D('',#11247,#11248,#11249);
#11251=PLANE('',#11250);
#11252=CARTESIAN_POINT('',(-30.423115093,55.561830776,37.880033702));
#11253=DIRECTION('',(0.,-0.852640164,-0.522498565));
#11254=VECTOR('',#11253,28.806795414);
#11255=LINE('',#11252,#11254);
#11256=EDGE_CURVE('',#3075,#1518,#11255,.T.);
#11257=ORIENTED_EDGE('',*,*,#11256,.F.);
#11258=ORIENTED_EDGE('',*,*,#3081,.T.);
#11259=ORIENTED_EDGE('',*,*,#11241,.T.);
#11260=ORIENTED_EDGE('',*,*,#1531,.T.);
#11261=EDGE_LOOP('',(#11257,#11258,#11259,#11260));
#11262=FACE_BOUND('',#11261,.T.);
#11263=ADVANCED_FACE('',(#11262),#11251,.T.);
#11264=CARTESIAN_POINT('',(-30.423115093,43.280915388,30.354279073));
#11265=DIRECTION('',(0.,0.522498565,-0.852640164));
#11266=DIRECTION('',(0.,0.852640164,0.522498565));
#11267=AXIS2_PLACEMENT_3D('',#11264,#11265,#11266);
#11268=PLANE('',#11267);
#11269=CARTESIAN_POINT('',(-38.623115093,50.906813503,35.027435448));
#11270=DIRECTION('',(0.,-0.852640164,-0.522498565));
#11271=VECTOR('',#11270,23.347262228);
#11272=LINE('',#11269,#11271);
#11273=EDGE_CURVE('',#9422,#1510,#11272,.T.);
#11274=ORIENTED_EDGE('',*,*,#11273,.F.);
#11275=ORIENTED_EDGE('',*,*,#9454,.T.);
#11276=ORIENTED_EDGE('',*,*,#3089,.F.);
#11277=ORIENTED_EDGE('',*,*,#11256,.T.);
#11278=ORIENTED_EDGE('',*,*,#1523,.T.);
#11279=EDGE_LOOP('',(#11274,#11275,#11276,#11277,#11278));
#11280=FACE_BOUND('',#11279,.T.);
#11281=ADVANCED_FACE('',(#11280),#11268,.T.);
#11282=CARTESIAN_POINT('',(-38.623115093,0.,0.));
#11283=DIRECTION('',(1.,0.,0.));
#11284=DIRECTION('',(0.,1.,0.));
#11285=AXIS2_PLACEMENT_3D('',#11282,#11283,#11284);
#11286=PLANE('',#11285);
#11287=ORIENTED_EDGE('',*,*,#1515,.T.);
#11288=CARTESIAN_POINT('',(-38.623115093,48.126731262,35.117430859));
#11289=DIRECTION('',(0.,-0.831469612,-0.555570233));
#11290=VECTOR('',#11289,20.598144548);
#11291=LINE('',#11288,#11290);
#11292=EDGE_CURVE('',#9424,#1502,#11291,.T.);
#11293=ORIENTED_EDGE('',*,*,#11292,.F.);
#11294=ORIENTED_EDGE('',*,*,#9430,.F.);
#11295=ORIENTED_EDGE('',*,*,#11273,.T.);
#11296=EDGE_LOOP('',(#11287,#11293,#11294,#11295));
#11297=FACE_BOUND('',#11296,.T.);
#11298=ADVANCED_FACE('',(#11297),#11286,.F.);
#11299=CARTESIAN_POINT('',(-30.423115093,43.081268332,31.746160311));
#11300=DIRECTION('',(0.,0.555570233,-0.831469612));
#11301=DIRECTION('',(0.,0.831469612,0.555570233));
#11302=AXIS2_PLACEMENT_3D('',#11299,#11300,#11301);
#11303=PLANE('',#11302);
#11304=ORIENTED_EDGE('',*,*,#9443,.F.);
#11305=ORIENTED_EDGE('',*,*,#11292,.T.);
#11306=ORIENTED_EDGE('',*,*,#1507,.F.);
#11307=CARTESIAN_POINT('',(-30.423115093,55.162536664,39.81860573));
#11308=DIRECTION('',(0.,-0.831469612,-0.555570233));
#11309=VECTOR('',#11308,29.060035757);
#11310=LINE('',#11307,#11309);
#11311=EDGE_CURVE('',#3101,#1494,#11310,.T.);
#11312=ORIENTED_EDGE('',*,*,#11311,.F.);
#11313=ORIENTED_EDGE('',*,*,#3106,.T.);
#11314=EDGE_LOOP('',(#11304,#11305,#11306,#11312,#11313));
#11315=FACE_BOUND('',#11314,.T.);
#11316=ADVANCED_FACE('',(#11315),#11303,.F.);
#11317=CARTESIAN_POINT('',(-30.423115093,0.,0.));
#11318=DIRECTION('',(-1.,0.,0.));
#11319=DIRECTION('',(0.,-1.,0.));
#11320=AXIS2_PLACEMENT_3D('',#11317,#11318,#11319);
#11321=PLANE('',#11320);
#11322=CARTESIAN_POINT('',(-30.423115093,54.840080916,41.046366211));
#11323=DIRECTION('',(0.,-0.831469612,-0.555570233));
#11324=VECTOR('',#11323,28.672221526);
#11325=LINE('',#11322,#11324);
#11326=EDGE_CURVE('',#3109,#1486,#11325,.T.);
#11327=ORIENTED_EDGE('',*,*,#11326,.F.);
#11328=ORIENTED_EDGE('',*,*,#3115,.T.);
#11329=ORIENTED_EDGE('',*,*,#11311,.T.);
#11330=ORIENTED_EDGE('',*,*,#1499,.T.);
#11331=EDGE_LOOP('',(#11327,#11328,#11329,#11330));
#11332=FACE_BOUND('',#11331,.T.);
#11333=ADVANCED_FACE('',(#11332),#11321,.T.);
#11334=CARTESIAN_POINT('',(-30.423115093,42.920040458,33.081649814));
#11335=DIRECTION('',(0.,0.555570233,-0.831469612));
#11336=DIRECTION('',(0.,0.831469612,0.555570233));
#11337=AXIS2_PLACEMENT_3D('',#11334,#11335,#11336);
#11338=PLANE('',#11337);
#11339=CARTESIAN_POINT('',(-38.623115093,46.434482618,35.42992499));
#11340=DIRECTION('',(0.,-0.831469612,-0.555570233));
#11341=VECTOR('',#11340,18.56289441);
#11342=LINE('',#11339,#11341);
#11343=EDGE_CURVE('',#9490,#1478,#11342,.T.);
#11344=ORIENTED_EDGE('',*,*,#11343,.F.);
#11345=ORIENTED_EDGE('',*,*,#9537,.T.);
#11346=ORIENTED_EDGE('',*,*,#3123,.F.);
#11347=ORIENTED_EDGE('',*,*,#11326,.T.);
#11348=ORIENTED_EDGE('',*,*,#1491,.T.);
#11349=EDGE_LOOP('',(#11344,#11345,#11346,#11347,#11348));
#11350=FACE_BOUND('',#11349,.T.);
#11351=ADVANCED_FACE('',(#11350),#11338,.T.);
#11352=CARTESIAN_POINT('',(-38.623115093,0.,0.));
#11353=DIRECTION('',(1.,0.,0.));
#11354=DIRECTION('',(0.,1.,0.));
#11355=AXIS2_PLACEMENT_3D('',#11352,#11353,#11354);
#11356=PLANE('',#11355);
#11357=ORIENTED_EDGE('',*,*,#1483,.T.);
#11358=CARTESIAN_POINT('',(-38.623115093,44.670416773,35.978746753));
#11359=DIRECTION('',(0.,-0.809016994,-0.587785252));
#11360=VECTOR('',#11359,16.897564412);
#11361=LINE('',#11358,#11360);
#11362=EDGE_CURVE('',#9492,#1470,#11361,.T.);
#11363=ORIENTED_EDGE('',*,*,#11362,.F.);
#11364=ORIENTED_EDGE('',*,*,#9498,.F.);
#11365=ORIENTED_EDGE('',*,*,#11343,.T.);
#11366=EDGE_LOOP('',(#11357,#11363,#11364,#11365));
#11367=FACE_BOUND('',#11366,.T.);
#11368=ADVANCED_FACE('',(#11367),#11356,.F.);
#11369=CARTESIAN_POINT('',(-30.423115093,42.618051758,34.487616286));
#11370=DIRECTION('',(0.,0.587785252,-0.809016994));
#11371=DIRECTION('',(0.,0.809016994,0.587785252));
#11372=AXIS2_PLACEMENT_3D('',#11369,#11370,#11371);
#11373=PLANE('',#11372);
#11374=ORIENTED_EDGE('',*,*,#9520,.F.);
#11375=ORIENTED_EDGE('',*,*,#11362,.T.);
#11376=ORIENTED_EDGE('',*,*,#1475,.F.);
#11377=CARTESIAN_POINT('',(-30.423115093,54.236103516,42.928624981));
#11378=DIRECTION('',(0.,-0.809016994,-0.587785252));
#11379=VECTOR('',#11378,28.721403477);
#11380=LINE('',#11377,#11379);
#11381=EDGE_CURVE('',#3135,#1462,#11380,.T.);
#11382=ORIENTED_EDGE('',*,*,#11381,.F.);
#11383=ORIENTED_EDGE('',*,*,#3140,.T.);
#11384=EDGE_LOOP('',(#11374,#11375,#11376,#11382,#11383));
#11385=FACE_BOUND('',#11384,.T.);
#11386=ADVANCED_FACE('',(#11385),#11373,.F.);
#11387=CARTESIAN_POINT('',(-30.423115093,0.,0.));
#11388=DIRECTION('',(-1.,0.,0.));
#11389=DIRECTION('',(0.,-1.,0.));
#11390=AXIS2_PLACEMENT_3D('',#11387,#11388,#11389);
#11391=PLANE('',#11390);
#11392=CARTESIAN_POINT('',(-30.423115093,53.555616203,43.917494122));
#11393=VERTEX_POINT('',#11392);
#11394=CARTESIAN_POINT('',(-30.423115093,52.320964338,42.344079119));
#11395=DIRECTION('',(-1.,0.,0.));
#11396=DIRECTION('',(0.,0.617325933,0.786707502));
#11397=AXIS2_PLACEMENT_3D('',#11394,#11395,#11396);
#11398=CIRCLE('',#11397,2.);
#11399=EDGE_CURVE('',#11393,#3143,#11398,.T.);
#11400=ORIENTED_EDGE('',*,*,#11399,.T.);
#11401=ORIENTED_EDGE('',*,*,#3149,.T.);
#11402=ORIENTED_EDGE('',*,*,#11381,.T.);
#11403=ORIENTED_EDGE('',*,*,#1467,.T.);
#11404=CARTESIAN_POINT('',(-30.423115093,53.555616203,43.917494122));
#11405=DIRECTION('',(0.,-0.809016994,-0.587785252));
#11406=VECTOR('',#11405,27.880274902);
#11407=LINE('',#11404,#11406);
#11408=EDGE_CURVE('',#11393,#1454,#11407,.T.);
#11409=ORIENTED_EDGE('',*,*,#11408,.F.);
#11410=EDGE_LOOP('',(#11400,#11401,#11402,#11403,#11409));
#11411=FACE_BOUND('',#11410,.T.);
#11412=ADVANCED_FACE('',(#11411),#11391,.T.);
#11413=CARTESIAN_POINT('',(-30.423115093,42.277808102,35.723686913));
#11414=DIRECTION('',(0.,0.587785252,-0.809016994));
#11415=DIRECTION('',(0.,0.809016994,0.587785252));
#11416=AXIS2_PLACEMENT_3D('',#11413,#11414,#11415);
#11417=PLANE('',#11416);
#11418=CARTESIAN_POINT('',(-38.623115093,43.39262558,36.533649222));
#11419=DIRECTION('',(0.,-0.809016994,-0.587785252));
#11420=VECTOR('',#11419,15.318127636);
#11421=LINE('',#11418,#11420);
#11422=EDGE_CURVE('',#10217,#1446,#11421,.T.);
#11423=ORIENTED_EDGE('',*,*,#11422,.F.);
#11424=ORIENTED_EDGE('',*,*,#10241,.T.);
#11425=CARTESIAN_POINT('',(-30.423115093,53.555616203,43.917494122));
#11426=DIRECTION('',(-1.,0.,0.));
#11427=VECTOR('',#11426,4.051231527);
#11428=LINE('',#11425,#11427);
#11429=EDGE_CURVE('',#11393,#10190,#11428,.T.);
#11430=ORIENTED_EDGE('',*,*,#11429,.F.);
#11431=ORIENTED_EDGE('',*,*,#11408,.T.);
#11432=ORIENTED_EDGE('',*,*,#1459,.T.);
#11433=EDGE_LOOP('',(#11423,#11424,#11430,#11431,#11432));
#11434=FACE_BOUND('',#11433,.T.);
#11435=ADVANCED_FACE('',(#11434),#11417,.T.);
#11436=CARTESIAN_POINT('',(-38.623115093,0.,0.));
#11437=DIRECTION('',(1.,0.,0.));
#11438=DIRECTION('',(0.,1.,0.));
#11439=AXIS2_PLACEMENT_3D('',#11436,#11437,#11438);
#11440=PLANE('',#11439);
#11441=ORIENTED_EDGE('',*,*,#1451,.T.);
#11442=CARTESIAN_POINT('',(-38.623115093,42.05788575,37.275110168));
#11443=DIRECTION('',(0.,-0.785316931,-0.619093949));
#11444=VECTOR('',#11443,14.080793772);
#11445=LINE('',#11442,#11444);
#11446=EDGE_CURVE('',#10140,#1438,#11445,.T.);
#11447=ORIENTED_EDGE('',*,*,#11446,.F.);
#11448=ORIENTED_EDGE('',*,*,#10248,.F.);
#11449=ORIENTED_EDGE('',*,*,#11422,.T.);
#11450=EDGE_LOOP('',(#11441,#11447,#11448,#11449));
#11451=FACE_BOUND('',#11450,.T.);
#11452=ADVANCED_FACE('',(#11451),#11440,.F.);
#11453=CARTESIAN_POINT('',(-30.423115093,40.81525378,36.295498111));
#11454=DIRECTION('',(0.,0.619093949,-0.785316931));
#11455=DIRECTION('',(0.,0.785316931,0.619093949));
#11456=AXIS2_PLACEMENT_3D('',#11453,#11454,#11455);
#11457=PLANE('',#11456);
#11458=ORIENTED_EDGE('',*,*,#10178,.F.);
#11459=ORIENTED_EDGE('',*,*,#11446,.T.);
#11460=ORIENTED_EDGE('',*,*,#1443,.F.);
#11461=CARTESIAN_POINT('',(-30.423115093,50.63050756,44.033220281));
#11462=VERTEX_POINT('',#11461);
#11463=CARTESIAN_POINT('',(-30.423115093,50.63050756,44.033220281));
#11464=DIRECTION('',(0.,-0.785316931,-0.619093949));
#11465=VECTOR('',#11464,24.996923901);
#11466=LINE('',#11463,#11465);
#11467=EDGE_CURVE('',#11462,#1430,#11466,.T.);
#11468=ORIENTED_EDGE('',*,*,#11467,.F.);
#11469=CARTESIAN_POINT('',(-30.423115093,50.63050756,44.033220281));
#11470=DIRECTION('',(-1.,0.,0.));
#11471=VECTOR('',#11470,2.118010503);
#11472=LINE('',#11469,#11471);
#11473=EDGE_CURVE('',#11462,#10142,#11472,.T.);
#11474=ORIENTED_EDGE('',*,*,#11473,.T.);
#11475=EDGE_LOOP('',(#11458,#11459,#11460,#11468,#11474));
#11476=FACE_BOUND('',#11475,.T.);
#11477=ADVANCED_FACE('',(#11476),#11457,.F.);
#11478=CARTESIAN_POINT('',(-30.423115093,0.,0.));
#11479=DIRECTION('',(-1.,0.,0.));
#11480=DIRECTION('',(0.,-1.,0.));
#11481=AXIS2_PLACEMENT_3D('',#11478,#11479,#11480);
#11482=PLANE('',#11481);
#11483=CARTESIAN_POINT('',(-30.423115093,48.803048192,44.120603231));
#11484=VERTEX_POINT('',#11483);
#11485=CARTESIAN_POINT('',(-30.423115093,50.,50.));
#11486=DIRECTION('',(-1.,0.,0.));
#11487=DIRECTION('',(0.,0.105084593,-0.994463287));
#11488=AXIS2_PLACEMENT_3D('',#11485,#11486,#11487);
#11489=CIRCLE('',#11488,6.);
#11490=EDGE_CURVE('',#11462,#11484,#11489,.T.);
#11491=ORIENTED_EDGE('',*,*,#11490,.F.);
#11492=ORIENTED_EDGE('',*,*,#11467,.T.);
#11493=ORIENTED_EDGE('',*,*,#1435,.T.);
#11494=CARTESIAN_POINT('',(-30.423115093,48.803048192,44.120603231));
#11495=DIRECTION('',(0.,-0.785316931,-0.619093949));
#11496=VECTOR('',#11495,22.669889687);
#11497=LINE('',#11494,#11496);
#11498=EDGE_CURVE('',#11484,#1422,#11497,.T.);
#11499=ORIENTED_EDGE('',*,*,#11498,.F.);
#11500=EDGE_LOOP('',(#11491,#11492,#11493,#11499));
#11501=FACE_BOUND('',#11500,.T.);
#11502=ADVANCED_FACE('',(#11501),#11482,.T.);
#11503=CARTESIAN_POINT('',(-30.423115093,39.901524096,37.103207462));
#11504=DIRECTION('',(0.,0.619093949,-0.785316931));
#11505=DIRECTION('',(0.,0.785316931,0.619093949));
#11506=AXIS2_PLACEMENT_3D('',#11503,#11504,#11505);
#11507=PLANE('',#11506);
#11508=CARTESIAN_POINT('',(-38.623115093,41.020054203,37.984985498));
#11509=DIRECTION('',(0.,-0.785316931,-0.619093949));
#11510=VECTOR('',#11509,12.75924892);
#11511=LINE('',#11508,#11510);
#11512=EDGE_CURVE('',#10259,#1414,#11511,.T.);
#11513=ORIENTED_EDGE('',*,*,#11512,.F.);
#11514=ORIENTED_EDGE('',*,*,#10343,.T.);
#11515=CARTESIAN_POINT('',(-30.423115093,48.803048192,44.120603231));
#11516=DIRECTION('',(-1.,0.,0.));
#11517=VECTOR('',#11516,2.118010503);
#11518=LINE('',#11515,#11517);
#11519=EDGE_CURVE('',#11484,#10306,#11518,.T.);
#11520=ORIENTED_EDGE('',*,*,#11519,.F.);
#11521=ORIENTED_EDGE('',*,*,#11498,.T.);
#11522=ORIENTED_EDGE('',*,*,#1427,.T.);
#11523=EDGE_LOOP('',(#11513,#11514,#11520,#11521,#11522));
#11524=FACE_BOUND('',#11523,.T.);
#11525=ADVANCED_FACE('',(#11524),#11507,.T.);
#11526=CARTESIAN_POINT('',(-38.623115093,0.,0.));
#11527=DIRECTION('',(1.,0.,0.));
#11528=DIRECTION('',(0.,1.,0.));
#11529=AXIS2_PLACEMENT_3D('',#11526,#11527,#11528);
#11530=PLANE('',#11529);
#11531=ORIENTED_EDGE('',*,*,#1419,.T.);
#11532=CARTESIAN_POINT('',(-38.623115093,39.945617699,38.868540233));
#11533=DIRECTION('',(0.,-0.760405966,-0.649448048));
#11534=VECTOR('',#11533,11.764265542);
#11535=LINE('',#11532,#11534);
#11536=EDGE_CURVE('',#10261,#1406,#11535,.T.);
#11537=ORIENTED_EDGE('',*,*,#11536,.F.);
#11538=ORIENTED_EDGE('',*,*,#10267,.F.);
#11539=ORIENTED_EDGE('',*,*,#11512,.T.);
#11540=EDGE_LOOP('',(#11531,#11537,#11538,#11539));
#11541=FACE_BOUND('',#11540,.T.);
#11542=ADVANCED_FACE('',(#11541),#11530,.F.);
#11543=CARTESIAN_POINT('',(-38.623115093,0.,0.));
#11544=DIRECTION('',(1.,0.,0.));
#11545=DIRECTION('',(0.,1.,0.));
#11546=AXIS2_PLACEMENT_3D('',#11543,#11544,#11545);
#11547=PLANE('',#11546);
#11548=ORIENTED_EDGE('',*,*,#2530,.T.);
#11549=CARTESIAN_POINT('',(-38.623115093,37.721143962,-41.384334361));
#11550=DIRECTION('',(0.,-0.785316931,0.619093949));
#11551=VECTOR('',#11550,8.558511472);
#11552=LINE('',#11549,#11551);
#11553=EDGE_CURVE('',#10038,#2517,#11552,.T.);
#11554=ORIENTED_EDGE('',*,*,#11553,.F.);
#11555=ORIENTED_EDGE('',*,*,#10044,.F.);
#11556=CARTESIAN_POINT('',(-38.623115093,37.06368015,-42.407133035));
#11557=DIRECTION('',(0.,-0.760405966,0.649448048));
#11558=VECTOR('',#11557,7.974266937);
#11559=LINE('',#11556,#11558);
#11560=EDGE_CURVE('',#10036,#2525,#11559,.T.);
#11561=ORIENTED_EDGE('',*,*,#11560,.T.);
#11562=EDGE_LOOP('',(#11548,#11554,#11555,#11561));
#11563=FACE_BOUND('',#11562,.T.);
#11564=ADVANCED_FACE('',(#11563),#11547,.F.);
#11565=CARTESIAN_POINT('',(-30.423115093,37.908315759,-41.531888708));
#11566=DIRECTION('',(0.,-0.619093949,-0.785316931));
#11567=DIRECTION('',(0.,0.785316931,-0.619093949));
#11568=AXIS2_PLACEMENT_3D('',#11565,#11566,#11567);
#11569=PLANE('',#11568);
#11570=CARTESIAN_POINT('',(-32.923115093,37.36957308,-41.107178226));
#11571=VERTEX_POINT('',#11570);
#11572=CARTESIAN_POINT('',(-32.923115093,31.560573216,-36.527731984));
#11573=VERTEX_POINT('',#11572);
#11574=CARTESIAN_POINT('',(-32.923115093,37.36957308,-41.107178226));
#11575=DIRECTION('',(0.,-0.785316931,0.619093949));
#11576=VECTOR('',#11575,7.397013404);
#11577=LINE('',#11574,#11576);
#11578=EDGE_CURVE('',#11571,#11573,#11577,.T.);
#11579=ORIENTED_EDGE('',*,*,#11578,.F.);
#11580=CARTESIAN_POINT('',(-32.923115093,37.36957308,-41.107178226));
#11581=DIRECTION('',(1.,0.,-0.));
#11582=VECTOR('',#11581,2.5);
#11583=LINE('',#11580,#11582);
#11584=EDGE_CURVE('',#11571,#2565,#11583,.T.);
#11585=ORIENTED_EDGE('',*,*,#11584,.T.);
#11586=ORIENTED_EDGE('',*,*,#2594,.F.);
#11587=CARTESIAN_POINT('',(-30.423115093,44.816631518,-46.977965722));
#11588=DIRECTION('',(-1.,0.,0.));
#11589=VECTOR('',#11588,2.118010503);
#11590=LINE('',#11587,#11589);
#11591=EDGE_CURVE('',#2582,#10047,#11590,.T.);
#11592=ORIENTED_EDGE('',*,*,#11591,.T.);
#11593=ORIENTED_EDGE('',*,*,#10080,.F.);
#11594=ORIENTED_EDGE('',*,*,#11553,.T.);
#11595=ORIENTED_EDGE('',*,*,#2522,.F.);
#11596=CARTESIAN_POINT('',(-30.423115093,31.560573216,-36.527731984));
#11597=VERTEX_POINT('',#11596);
#11598=CARTESIAN_POINT('',(-30.423115093,31.560573216,-36.527731984));
#11599=DIRECTION('',(0.,-0.785316931,0.619093949));
#11600=VECTOR('',#11599,0.713817815);
#11601=LINE('',#11598,#11600);
#11602=EDGE_CURVE('',#11597,#2509,#11601,.T.);
#11603=ORIENTED_EDGE('',*,*,#11602,.F.);
#11604=CARTESIAN_POINT('',(-30.423115093,31.560573216,-36.527731984));
#11605=DIRECTION('',(-1.,-0.,0.));
#11606=VECTOR('',#11605,2.5);
#11607=LINE('',#11604,#11606);
#11608=EDGE_CURVE('',#11597,#11573,#11607,.T.);
#11609=ORIENTED_EDGE('',*,*,#11608,.T.);
#11610=EDGE_LOOP('',(#11579,#11585,#11586,#11592,#11593,#11594,#11595,#11603,#11609));
#11611=FACE_BOUND('',#11610,.T.);
#11612=ADVANCED_FACE('',(#11611),#11569,.F.);
#11613=CARTESIAN_POINT('',(-30.423115093,0.,0.));
#11614=DIRECTION('',(-1.,0.,0.));
#11615=DIRECTION('',(0.,-1.,0.));
#11616=AXIS2_PLACEMENT_3D('',#11613,#11614,#11615);
#11617=PLANE('',#11616);
#11618=CARTESIAN_POINT('',(-30.423115093,32.489070679,-35.731664612));
#11619=VERTEX_POINT('',#11618);
#11620=CARTESIAN_POINT('',(-30.423115093,34.4,-38.9));
#11621=DIRECTION('',(-1.,0.,0.));
#11622=DIRECTION('',(0.,0.,1.));
#11623=AXIS2_PLACEMENT_3D('',#11620,#11621,#11622);
#11624=CIRCLE('',#11623,3.7);
#11625=EDGE_CURVE('',#11597,#11619,#11624,.T.);
#11626=ORIENTED_EDGE('',*,*,#11625,.F.);
#11627=ORIENTED_EDGE('',*,*,#11602,.T.);
#11628=ORIENTED_EDGE('',*,*,#2514,.T.);
#11629=CARTESIAN_POINT('',(-30.423115093,32.489070679,-35.731664612));
#11630=DIRECTION('',(0.,-0.785316931,0.619093949));
#11631=VECTOR('',#11630,1.896139788);
#11632=LINE('',#11629,#11631);
#11633=EDGE_CURVE('',#11619,#2501,#11632,.T.);
#11634=ORIENTED_EDGE('',*,*,#11633,.F.);
#11635=EDGE_LOOP('',(#11626,#11627,#11628,#11634));
#11636=FACE_BOUND('',#11635,.T.);
#11637=ADVANCED_FACE('',(#11636),#11617,.T.);
#11638=CARTESIAN_POINT('',(-30.423115093,38.261148787,-40.282004087));
#11639=DIRECTION('',(0.,-0.619093949,-0.785316931));
#11640=DIRECTION('',(0.,0.785316931,-0.619093949));
#11641=AXIS2_PLACEMENT_3D('',#11638,#11639,#11640);
#11642=PLANE('',#11641);
#11643=CARTESIAN_POINT('',(-32.923115093,37.92689162,-40.018496984));
#11644=VERTEX_POINT('',#11643);
#11645=CARTESIAN_POINT('',(-32.923115093,37.92689162,-40.018496984));
#11646=DIRECTION('',(1.,0.,-0.));
#11647=VECTOR('',#11646,2.5);
#11648=LINE('',#11645,#11647);
#11649=EDGE_CURVE('',#11644,#2563,#11648,.T.);
#11650=ORIENTED_EDGE('',*,*,#11649,.F.);
#11651=CARTESIAN_POINT('',(-32.923115093,32.489070679,-35.731664612));
#11652=VERTEX_POINT('',#11651);
#11653=CARTESIAN_POINT('',(-32.923115093,37.92689162,-40.018496984));
#11654=DIRECTION('',(0.,-0.785316931,0.619093949));
#11655=VECTOR('',#11654,6.924364835);
#11656=LINE('',#11653,#11655);
#11657=EDGE_CURVE('',#11644,#11652,#11656,.T.);
#11658=ORIENTED_EDGE('',*,*,#11657,.T.);
#11659=CARTESIAN_POINT('',(-30.423115093,32.489070679,-35.731664612));
#11660=DIRECTION('',(-1.,-0.,0.));
#11661=VECTOR('',#11660,2.5);
#11662=LINE('',#11659,#11661);
#11663=EDGE_CURVE('',#11619,#11652,#11662,.T.);
#11664=ORIENTED_EDGE('',*,*,#11663,.F.);
#11665=ORIENTED_EDGE('',*,*,#11633,.T.);
#11666=ORIENTED_EDGE('',*,*,#2506,.T.);
#11667=CARTESIAN_POINT('',(-38.623115093,38.449227834,-40.430273653));
#11668=DIRECTION('',(0.,-0.785316931,0.619093949));
#11669=VECTOR('',#11668,9.48563254);
#11670=LINE('',#11667,#11669);
#11671=EDGE_CURVE('',#9932,#2493,#11670,.T.);
#11672=ORIENTED_EDGE('',*,*,#11671,.F.);
#11673=ORIENTED_EDGE('',*,*,#9970,.T.);
#11674=CARTESIAN_POINT('',(-30.423115093,45.522297573,-46.006232233));
#11675=DIRECTION('',(-1.,0.,0.));
#11676=VECTOR('',#11675,2.118010503);
#11677=LINE('',#11674,#11676);
#11678=EDGE_CURVE('',#2574,#9934,#11677,.T.);
#11679=ORIENTED_EDGE('',*,*,#11678,.F.);
#11680=ORIENTED_EDGE('',*,*,#2579,.T.);
#11681=EDGE_LOOP('',(#11650,#11658,#11664,#11665,#11666,#11672,#11673,#11679,#11680));
#11682=FACE_BOUND('',#11681,.T.);
#11683=ADVANCED_FACE('',(#11682),#11642,.T.);
#11684=CARTESIAN_POINT('',(-38.623115093,0.,0.));
#11685=DIRECTION('',(1.,0.,0.));
#11686=DIRECTION('',(0.,1.,0.));
#11687=AXIS2_PLACEMENT_3D('',#11684,#11685,#11686);
#11688=PLANE('',#11687);
#11689=ORIENTED_EDGE('',*,*,#2498,.T.);
#11690=CARTESIAN_POINT('',(-38.623115093,39.258501894,-39.530032548));
#11691=DIRECTION('',(0.,-0.809016994,0.587785252));
#11692=VECTOR('',#11691,10.208069733);
#11693=LINE('',#11690,#11692);
#11694=EDGE_CURVE('',#9973,#2485,#11693,.T.);
#11695=ORIENTED_EDGE('',*,*,#11694,.F.);
#11696=ORIENTED_EDGE('',*,*,#9979,.F.);
#11697=ORIENTED_EDGE('',*,*,#11671,.T.);
#11698=EDGE_LOOP('',(#11689,#11695,#11696,#11697));
#11699=FACE_BOUND('',#11698,.T.);
#11700=ADVANCED_FACE('',(#11699),#11688,.F.);
#11701=CARTESIAN_POINT('',(-30.423115093,38.868995127,-39.247039317));
#11702=DIRECTION('',(0.,-0.587785252,-0.809016994));
#11703=DIRECTION('',(0.,0.809016994,-0.587785252));
#11704=AXIS2_PLACEMENT_3D('',#11701,#11702,#11703);
#11705=PLANE('',#11704);
#11706=CARTESIAN_POINT('',(-32.923115093,38.093674292,-38.683735758));
#11707=VERTEX_POINT('',#11706);
#11708=CARTESIAN_POINT('',(-32.923115093,33.464271389,-35.320277669));
#11709=VERTEX_POINT('',#11708);
#11710=CARTESIAN_POINT('',(-32.923115093,38.093674292,-38.683735758));
#11711=DIRECTION('',(0.,-0.809016994,0.587785252));
#11712=VECTOR('',#11711,5.722256684);
#11713=LINE('',#11710,#11712);
#11714=EDGE_CURVE('',#11707,#11709,#11713,.T.);
#11715=ORIENTED_EDGE('',*,*,#11714,.F.);
#11716=CARTESIAN_POINT('',(-30.423115093,38.093674292,-38.683735758));
#11717=VERTEX_POINT('',#11716);
#11718=CARTESIAN_POINT('',(-32.923115093,38.093674292,-38.683735758));
#11719=DIRECTION('',(1.,0.,-0.));
#11720=VECTOR('',#11719,2.5);
#11721=LINE('',#11718,#11720);
#11722=EDGE_CURVE('',#11707,#11717,#11721,.T.);
#11723=ORIENTED_EDGE('',*,*,#11722,.T.);
#11724=CARTESIAN_POINT('',(-30.423115093,46.737990254,-44.96419893));
#11725=VERTEX_POINT('',#11724);
#11726=CARTESIAN_POINT('',(-30.423115093,46.737990254,-44.96419893));
#11727=DIRECTION('',(0.,-0.809016994,0.587785252));
#11728=VECTOR('',#11727,10.684962148);
#11729=LINE('',#11726,#11728);
#11730=EDGE_CURVE('',#11725,#11717,#11729,.T.);
#11731=ORIENTED_EDGE('',*,*,#11730,.F.);
#11732=CARTESIAN_POINT('',(-30.423115093,46.737990254,-44.96419893));
#11733=DIRECTION('',(-1.,0.,0.));
#11734=VECTOR('',#11733,2.118010503);
#11735=LINE('',#11732,#11734);
#11736=EDGE_CURVE('',#11725,#9982,#11735,.T.);
#11737=ORIENTED_EDGE('',*,*,#11736,.T.);
#11738=ORIENTED_EDGE('',*,*,#10018,.F.);
#11739=ORIENTED_EDGE('',*,*,#11694,.T.);
#11740=ORIENTED_EDGE('',*,*,#2490,.F.);
#11741=ORIENTED_EDGE('',*,*,#1125,.F.);
#11742=CARTESIAN_POINT('',(-30.423115093,33.464271389,-35.320277669));
#11743=DIRECTION('',(-1.,-0.,0.));
#11744=VECTOR('',#11743,2.5);
#11745=LINE('',#11742,#11744);
#11746=EDGE_CURVE('',#1111,#11709,#11745,.T.);
#11747=ORIENTED_EDGE('',*,*,#11746,.T.);
#11748=EDGE_LOOP('',(#11715,#11723,#11731,#11737,#11738,#11739,#11740,#11741,#11747));
#11749=FACE_BOUND('',#11748,.T.);
#11750=ADVANCED_FACE('',(#11749),#11705,.F.);
#11751=CARTESIAN_POINT('',(-30.423115093,0.,0.));
#11752=DIRECTION('',(-1.,0.,0.));
#11753=DIRECTION('',(0.,-1.,0.));
#11754=AXIS2_PLACEMENT_3D('',#11751,#11752,#11753);
#11755=PLANE('',#11754);
#11756=CARTESIAN_POINT('',(-30.423115093,34.4,-38.9));
#11757=DIRECTION('',(-1.,0.,0.));
#11758=DIRECTION('',(0.,0.,1.));
#11759=AXIS2_PLACEMENT_3D('',#11756,#11757,#11758);
#11760=CIRCLE('',#11759,3.7);
#11761=EDGE_CURVE('',#1021,#11717,#11760,.T.);
#11762=ORIENTED_EDGE('',*,*,#11761,.F.);
#11763=ORIENTED_EDGE('',*,*,#1090,.F.);
#11764=CARTESIAN_POINT('',(-30.423115093,50.,-50.));
#11765=DIRECTION('',(-1.,0.,0.));
#11766=DIRECTION('',(0.,-0.543668291,0.839300178));
#11767=AXIS2_PLACEMENT_3D('',#11764,#11765,#11766);
#11768=CIRCLE('',#11767,6.);
#11769=EDGE_CURVE('',#11725,#1079,#11768,.T.);
#11770=ORIENTED_EDGE('',*,*,#11769,.F.);
#11771=ORIENTED_EDGE('',*,*,#11730,.T.);
#11772=EDGE_LOOP('',(#11762,#11763,#11770,#11771));
#11773=FACE_BOUND('',#11772,.T.);
#11774=ADVANCED_FACE('',(#11773),#11755,.T.);
#11775=CARTESIAN_POINT('',(-30.423115093,39.47480248,-38.20391201));
#11776=DIRECTION('',(0.,-0.587785252,-0.809016994));
#11777=DIRECTION('',(0.,0.809016994,-0.587785252));
#11778=AXIS2_PLACEMENT_3D('',#11775,#11776,#11777);
#11779=PLANE('',#11778);
#11780=CARTESIAN_POINT('',(-38.623115093,35.629813762,-35.410364187));
#11781=VERTEX_POINT('',#11780);
#11782=CARTESIAN_POINT('',(-30.423115093,35.629813762,-35.410364187));
#11783=DIRECTION('',(-1.,-0.,0.));
#11784=VECTOR('',#11783,8.2);
#11785=LINE('',#11782,#11784);
#11786=EDGE_CURVE('',#1101,#11781,#11785,.T.);
#11787=ORIENTED_EDGE('',*,*,#11786,.F.);
#11788=ORIENTED_EDGE('',*,*,#1108,.T.);
#11789=ORIENTED_EDGE('',*,*,#2481,.T.);
#11790=CARTESIAN_POINT('',(-38.623115093,35.629813762,-35.410364187));
#11791=DIRECTION('',(0.,-0.809016994,0.587785252));
#11792=VECTOR('',#11791,5.722764533);
#11793=LINE('',#11790,#11792);
#11794=EDGE_CURVE('',#11781,#2470,#11793,.T.);
#11795=ORIENTED_EDGE('',*,*,#11794,.F.);
#11796=EDGE_LOOP('',(#11787,#11788,#11789,#11795));
#11797=FACE_BOUND('',#11796,.T.);
#11798=ADVANCED_FACE('',(#11797),#11779,.T.);
#11799=CARTESIAN_POINT('',(-38.623115093,0.,0.));
#11800=DIRECTION('',(1.,0.,0.));
#11801=DIRECTION('',(0.,1.,0.));
#11802=AXIS2_PLACEMENT_3D('',#11799,#11800,#11801);
#11803=PLANE('',#11802);
#11804=ORIENTED_EDGE('',*,*,#1034,.T.);
#11805=CARTESIAN_POINT('',(-38.623115093,34.4,-38.9));
#11806=DIRECTION('',(1.,0.,0.));
#11807=DIRECTION('',(0.,0.,-1.));
#11808=AXIS2_PLACEMENT_3D('',#11805,#11806,#11807);
#11809=CIRCLE('',#11808,3.7);
#11810=EDGE_CURVE('',#1019,#11781,#11809,.T.);
#11811=ORIENTED_EDGE('',*,*,#11810,.T.);
#11812=ORIENTED_EDGE('',*,*,#11794,.T.);
#11813=ORIENTED_EDGE('',*,*,#2475,.T.);
#11814=CARTESIAN_POINT('',(-38.623115093,41.142857304,-37.894173995));
#11815=VERTEX_POINT('',#11814);
#11816=CARTESIAN_POINT('',(-38.623115093,41.142857304,-37.894173995));
#11817=DIRECTION('',(0.,-0.831469612,0.555570233));
#11818=VECTOR('',#11817,12.198710757);
#11819=LINE('',#11816,#11818);
#11820=EDGE_CURVE('',#11815,#2462,#11819,.T.);
#11821=ORIENTED_EDGE('',*,*,#11820,.F.);
#11822=CARTESIAN_POINT('',(-38.623115093,50.,-50.));
#11823=DIRECTION('',(-1.,0.,0.));
#11824=DIRECTION('',(0.,0.,1.));
#11825=AXIS2_PLACEMENT_3D('',#11822,#11823,#11824);
#11826=CIRCLE('',#11825,15.);
#11827=EDGE_CURVE('',#1029,#11815,#11826,.T.);
#11828=ORIENTED_EDGE('',*,*,#11827,.F.);
#11829=EDGE_LOOP('',(#11804,#11811,#11812,#11813,#11821,#11828));
#11830=FACE_BOUND('',#11829,.T.);
#11831=ADVANCED_FACE('',(#11830),#11803,.F.);
#11832=CARTESIAN_POINT('',(-30.423115093,40.645736759,-37.562008667));
#11833=DIRECTION('',(0.,-0.555570233,-0.831469612));
#11834=DIRECTION('',(0.,0.831469612,-0.555570233));
#11835=AXIS2_PLACEMENT_3D('',#11832,#11833,#11834);
#11836=PLANE('',#11835);
#11837=ORIENTED_EDGE('',*,*,#9914,.F.);
#11838=CARTESIAN_POINT('',(-38.623115093,41.142857304,-37.894173995));
#11839=CARTESIAN_POINT('',(-38.623115093,41.598342122,-38.19851922));
#11840=CARTESIAN_POINT('',(-38.582388961,42.048097173,-38.499035937));
#11841=CARTESIAN_POINT('',(-38.504334594,42.492600505,-38.796043569));
#11842=CARTESIAN_POINT('',(-38.426280227,42.937103838,-39.0930512));
#11843=CARTESIAN_POINT('',(-38.310843941,43.376347901,-39.3865447));
#11844=CARTESIAN_POINT('',(-38.159380936,43.810523357,-39.676651464));
#11845=CARTESIAN_POINT('',(-38.083649434,44.027611085,-39.821704847));
#11846=CARTESIAN_POINT('',(-37.998559915,44.244145516,-39.966388528));
#11847=CARTESIAN_POINT('',(-37.905399515,44.457367888,-40.108859162));
#11848=CARTESIAN_POINT('',(-37.812239116,44.67059026,-40.251329797));
#11849=CARTESIAN_POINT('',(-37.711137568,44.880408265,-40.391525705));
#11850=CARTESIAN_POINT('',(-37.602518989,45.087003719,-40.529568374));
#11851=CARTESIAN_POINT('',(-37.385281829,45.500194627,-40.805653712));
#11852=CARTESIAN_POINT('',(-37.138034401,45.90052014,-41.073142668));
#11853=CARTESIAN_POINT('',(-36.863261875,46.28904565,-41.332747114));
#11854=CARTESIAN_POINT('',(-36.725875612,46.483308405,-41.462549337));
#11855=CARTESIAN_POINT('',(-36.58159364,46.674614971,-41.590376298));
#11856=CARTESIAN_POINT('',(-36.430647761,46.863064722,-41.716294396));
#11857=CARTESIAN_POINT('',(-36.279701882,47.051514472,-41.842212494));
#11858=CARTESIAN_POINT('',(-36.121782011,47.237425547,-41.966434302));
#11859=CARTESIAN_POINT('',(-35.959042229,47.418811668,-42.087632633));
#11860=CARTESIAN_POINT('',(-35.633562665,47.78158391,-42.330029296));
#11861=CARTESIAN_POINT('',(-35.287693494,48.127985714,-42.561487582));
#11862=CARTESIAN_POINT('',(-34.924046776,48.460114256,-42.783408778));
#11863=CARTESIAN_POINT('',(-34.560400058,48.792242797,-43.005329975));
#11864=CARTESIAN_POINT('',(-34.179002009,49.110119125,-43.217728146));
#11865=CARTESIAN_POINT('',(-33.78155617,49.415110979,-43.421517188));
#11866=CARTESIAN_POINT('',(-33.38411033,49.720102833,-43.625306229));
#11867=CARTESIAN_POINT('',(-32.970789405,50.012348875,-43.820578792));
#11868=CARTESIAN_POINT('',(-32.541125596,50.291473519,-44.007083916));
#11869=B_SPLINE_CURVE_WITH_KNOTS('',3,(#11838,#11839,#11840,#11841,#11842,#11843,#11844,#11845,#11846,#11847,#11848,#11849,#11850,#11851,#11852,#11853,#11854,#11855,#11856,#11857,#11858,#11859,#11860,#11861,#11862,#11863,
#11864,#11865,#11866,#11867,#11868),.UNSPECIFIED.,.F.,.F.,(4,3,3,3,3,3,3,3,3,3,4),(0.,0.001620388,0.003240776,0.00405097,0.004861164,0.006481552,0.007291746,0.00810194,0.009722327,0.011342715,0.012963103),.UNSPECIFIED.);
#11870=EDGE_CURVE('',#11815,#9872,#11869,.T.);
#11871=ORIENTED_EDGE('',*,*,#11870,.F.);
#11872=ORIENTED_EDGE('',*,*,#11820,.T.);
#11873=ORIENTED_EDGE('',*,*,#2467,.F.);
#11874=CARTESIAN_POINT('',(-30.423115093,50.291473519,-44.007083916));
#11875=VERTEX_POINT('',#11874);
#11876=CARTESIAN_POINT('',(-30.423115093,50.291473519,-44.007083916));
#11877=DIRECTION('',(0.,-0.831469612,0.555570233));
#11878=VECTOR('',#11877,23.201657924);
#11879=LINE('',#11876,#11878);
#11880=EDGE_CURVE('',#11875,#2454,#11879,.T.);
#11881=ORIENTED_EDGE('',*,*,#11880,.F.);
#11882=CARTESIAN_POINT('',(-30.423115093,50.291473519,-44.007083916));
#11883=DIRECTION('',(-1.,0.,0.));
#11884=VECTOR('',#11883,2.118010503);
#11885=LINE('',#11882,#11884);
#11886=EDGE_CURVE('',#11875,#9881,#11885,.T.);
#11887=ORIENTED_EDGE('',*,*,#11886,.T.);
#11888=EDGE_LOOP('',(#11837,#11871,#11872,#11873,#11881,#11887));
#11889=FACE_BOUND('',#11888,.T.);
#11890=ADVANCED_FACE('',(#11889),#11836,.F.);
#11891=CARTESIAN_POINT('',(-30.423115093,0.,0.));
#11892=DIRECTION('',(-1.,0.,0.));
#11893=DIRECTION('',(0.,-1.,0.));
#11894=AXIS2_PLACEMENT_3D('',#11891,#11892,#11893);
#11895=PLANE('',#11894);
#11896=CARTESIAN_POINT('',(-30.423115093,52.769756612,-44.677552414));
#11897=VERTEX_POINT('',#11896);
#11898=CARTESIAN_POINT('',(-30.423115093,50.,-50.));
#11899=DIRECTION('',(-1.,0.,0.));
#11900=DIRECTION('',(0.,0.04857892,0.998819347));
#11901=AXIS2_PLACEMENT_3D('',#11898,#11899,#11900);
#11902=CIRCLE('',#11901,6.);
#11903=EDGE_CURVE('',#11875,#11897,#11902,.T.);
#11904=ORIENTED_EDGE('',*,*,#11903,.F.);
#11905=ORIENTED_EDGE('',*,*,#11880,.T.);
#11906=ORIENTED_EDGE('',*,*,#2459,.T.);
#11907=CARTESIAN_POINT('',(-30.423115093,53.789363582,-44.90108081));
#11908=VERTEX_POINT('',#11907);
#11909=CARTESIAN_POINT('',(-30.423115093,53.789363582,-44.90108081));
#11910=DIRECTION('',(0.,-0.831469612,0.555570233));
#11911=VECTOR('',#11910,27.408534533);
#11912=LINE('',#11909,#11911);
#11913=EDGE_CURVE('',#11908,#2446,#11912,.T.);
#11914=ORIENTED_EDGE('',*,*,#11913,.F.);
#11915=CARTESIAN_POINT('',(-30.423115093,53.693008816,-44.903403218));
#11916=VERTEX_POINT('',#11915);
#11917=CARTESIAN_POINT('',(-30.423115093,53.693008816,-42.903403218));
#11918=DIRECTION('',(-1.,0.,0.));
#11919=DIRECTION('',(0.,0.048177383,-0.998838796));
#11920=AXIS2_PLACEMENT_3D('',#11917,#11918,#11919);
#11921=CIRCLE('',#11920,2.);
#11922=EDGE_CURVE('',#11908,#11916,#11921,.T.);
#11923=ORIENTED_EDGE('',*,*,#11922,.T.);
#11924=CARTESIAN_POINT('',(-30.423115093,53.693008816,-42.903403218));
#11925=DIRECTION('',(-1.,0.,0.));
#11926=DIRECTION('',(0.,0.048177383,-0.998838796));
#11927=AXIS2_PLACEMENT_3D('',#11924,#11925,#11926);
#11928=CIRCLE('',#11927,2.);
#11929=EDGE_CURVE('',#11916,#11897,#11928,.T.);
#11930=ORIENTED_EDGE('',*,*,#11929,.T.);
#11931=EDGE_LOOP('',(#11904,#11905,#11906,#11914,#11923,#11930));
#11932=FACE_BOUND('',#11931,.T.);
#11933=ADVANCED_FACE('',(#11932),#11895,.T.);
#11934=CARTESIAN_POINT('',(-30.423115093,42.394681791,-37.287397851));
#11935=DIRECTION('',(0.,-0.555570233,-0.831469612));
#11936=DIRECTION('',(0.,0.831469612,-0.555570233));
#11937=AXIS2_PLACEMENT_3D('',#11934,#11935,#11936);
#11938=PLANE('',#11937);
#11939=CARTESIAN_POINT('',(-38.623115093,42.223665892,-37.173128681));
#11940=VERTEX_POINT('',#11939);
#11941=CARTESIAN_POINT('',(-38.623115093,42.223665892,-37.173128681));
#11942=DIRECTION('',(0.,-0.831469612,0.555570233));
#11943=VECTOR('',#11942,13.498588194);
#11944=LINE('',#11941,#11943);
#11945=EDGE_CURVE('',#11940,#2438,#11944,.T.);
#11946=ORIENTED_EDGE('',*,*,#11945,.F.);
#11947=CARTESIAN_POINT('',(-38.623115093,42.223665892,-37.173128681));
#11948=CARTESIAN_POINT('',(-38.623115093,42.753746376,-37.527317136));
#11949=CARTESIAN_POINT('',(-38.571795474,43.277283892,-37.877133721));
#11950=CARTESIAN_POINT('',(-38.475034242,43.795027853,-38.223079175));
#11951=CARTESIAN_POINT('',(-38.37827301,44.312771814,-38.56902463));
#11952=CARTESIAN_POINT('',(-38.235921546,44.824703274,-38.911086295));
#11953=CARTESIAN_POINT('',(-38.051873151,45.331318604,-39.249595837));
#11954=CARTESIAN_POINT('',(-37.683776362,46.344549266,-39.926614921));
#11955=CARTESIAN_POINT('',(-37.163423069,47.295162986,-40.561794701));
#11956=CARTESIAN_POINT('',(-36.551679093,48.207472737,-41.171380588));
#11957=CARTESIAN_POINT('',(-36.245807105,48.663627612,-41.476173531));
#11958=CARTESIAN_POINT('',(-35.916930409,49.110222774,-41.774578878));
#11959=CARTESIAN_POINT('',(-35.577602228,49.552474772,-42.070082216));
#11960=CARTESIAN_POINT('',(-35.238274047,49.99472677,-42.365585553));
#11961=CARTESIAN_POINT('',(-34.88779365,50.431883907,-42.657684614));
#11962=CARTESIAN_POINT('',(-34.551359601,50.875994389,-42.954429751));
#11963=CARTESIAN_POINT('',(-34.383142577,51.09804963,-43.102802319));
#11964=CARTESIAN_POINT('',(-34.218633706,51.32200479,-43.252444373));
#11965=CARTESIAN_POINT('',(-34.064148689,51.551095801,-43.405518092));
#11966=CARTESIAN_POINT('',(-33.909663672,51.780186811,-43.558591812));
#11967=CARTESIAN_POINT('',(-33.765010255,52.014683215,-43.715277299));
#11968=CARTESIAN_POINT('',(-33.643228766,52.255807288,-43.876391254));
#11969=CARTESIAN_POINT('',(-33.582338021,52.376369324,-43.956948231));
#11970=CARTESIAN_POINT('',(-33.527142395,52.498761031,-44.038727755));
#11971=CARTESIAN_POINT('',(-33.479613016,52.623615673,-44.12215296));
#11972=CARTESIAN_POINT('',(-33.432083637,52.748470314,-44.205578164));
#11973=CARTESIAN_POINT('',(-33.392069916,52.876551884,-44.291159533));
#11974=CARTESIAN_POINT('',(-33.362462707,53.005968444,-44.377632914));
#11975=CARTESIAN_POINT('',(-33.303248289,53.264801565,-44.550579676));
#11976=CARTESIAN_POINT('',(-33.286927505,53.525853398,-44.725008934));
#11977=CARTESIAN_POINT('',(-33.318133244,53.789363582,-44.90108081));
#11978=B_SPLINE_CURVE_WITH_KNOTS('',3,(#11947,#11948,#11949,#11950,#11951,#11952,#11953,#11954,#11955,#11956,#11957,#11958,#11959,#11960,#11961,#11962,#11963,#11964,#11965,#11966,#11967,#11968,#11969,#11970,#11971,#11972,
#11973,#11974,#11975,#11976,#11977),.UNSPECIFIED.,.F.,.F.,(4,3,3,3,3,3,3,3,3,3,4),(0.,0.001890472,0.003780944,0.007561887,0.009452359,0.011342831,0.012288067,0.013233303,0.013705921,0.014178539,0.015123775),.UNSPECIFIED.);
#11979=EDGE_CURVE('',#11940,#9690,#11978,.T.);
#11980=ORIENTED_EDGE('',*,*,#11979,.T.);
#11981=ORIENTED_EDGE('',*,*,#9783,.T.);
#11982=CARTESIAN_POINT('',(-30.423115093,53.789363582,-44.90108081));
#11983=DIRECTION('',(-1.,0.,0.));
#11984=VECTOR('',#11983,2.895018152);
#11985=LINE('',#11982,#11984);
#11986=EDGE_CURVE('',#11908,#9731,#11985,.T.);
#11987=ORIENTED_EDGE('',*,*,#11986,.F.);
#11988=ORIENTED_EDGE('',*,*,#11913,.T.);
#11989=ORIENTED_EDGE('',*,*,#2451,.T.);
#11990=EDGE_LOOP('',(#11946,#11980,#11981,#11987,#11988,#11989));
#11991=FACE_BOUND('',#11990,.T.);
#11992=ADVANCED_FACE('',(#11991),#11938,.T.);
#11993=CARTESIAN_POINT('',(-38.623115093,0.,0.));
#11994=DIRECTION('',(1.,0.,0.));
#11995=DIRECTION('',(0.,1.,0.));
#11996=AXIS2_PLACEMENT_3D('',#11993,#11994,#11995);
#11997=PLANE('',#11996);
#11998=ORIENTED_EDGE('',*,*,#2443,.T.);
#11999=CARTESIAN_POINT('',(-38.623115093,43.493564288,-36.484590486));
#12000=VERTEX_POINT('',#11999);
#12001=CARTESIAN_POINT('',(-38.623115093,43.493564288,-36.484590486));
#12002=DIRECTION('',(0.,-0.852640164,0.522498565));
#12003=VECTOR('',#12002,14.652798226);
#12004=LINE('',#12001,#12003);
#12005=EDGE_CURVE('',#12000,#2430,#12004,.T.);
#12006=ORIENTED_EDGE('',*,*,#12005,.F.);
#12007=CARTESIAN_POINT('',(-38.623115093,50.,-50.));
#12008=DIRECTION('',(-1.,0.,0.));
#12009=DIRECTION('',(0.,0.,1.));
#12010=AXIS2_PLACEMENT_3D('',#12007,#12008,#12009);
#12011=CIRCLE('',#12010,15.);
#12012=EDGE_CURVE('',#11940,#12000,#12011,.T.);
#12013=ORIENTED_EDGE('',*,*,#12012,.F.);
#12014=ORIENTED_EDGE('',*,*,#11945,.T.);
#12015=EDGE_LOOP('',(#11998,#12006,#12013,#12014));
#12016=FACE_BOUND('',#12015,.T.);
#12017=ADVANCED_FACE('',(#12016),#11997,.F.);
#12018=CARTESIAN_POINT('',(-30.423115093,43.234492181,-36.325830895));
#12019=DIRECTION('',(0.,-0.522498565,-0.852640164));
#12020=DIRECTION('',(0.,0.852640164,-0.522498565));
#12021=AXIS2_PLACEMENT_3D('',#12018,#12019,#12020);
#12022=PLANE('',#12021);
#12023=ORIENTED_EDGE('',*,*,#9728,.F.);
#12024=CARTESIAN_POINT('',(-38.623115093,43.493564288,-36.484590486));
#12025=CARTESIAN_POINT('',(-38.623115093,44.525389189,-37.116893599));
#12026=CARTESIAN_POINT('',(-38.464036121,45.534059352,-37.73500747));
#12027=CARTESIAN_POINT('',(-38.198860017,46.527286548,-38.343657878));
#12028=CARTESIAN_POINT('',(-38.066271965,47.023900146,-38.647983082));
#12029=CARTESIAN_POINT('',(-37.906972063,47.516625701,-38.949925691));
#12030=CARTESIAN_POINT('',(-37.729341606,48.006683152,-39.250233283));
#12031=CARTESIAN_POINT('',(-37.551711148,48.496740603,-39.550540875));
#12032=CARTESIAN_POINT('',(-37.356198088,48.982497373,-39.848213007));
#12033=CARTESIAN_POINT('',(-37.155239557,49.466693514,-40.144928783));
#12034=CARTESIAN_POINT('',(-36.954281025,49.950889654,-40.44164456));
#12035=CARTESIAN_POINT('',(-36.747613342,50.433611174,-40.737456687));
#12036=CARTESIAN_POINT('',(-36.554004901,50.919705774,-41.035335842));
#12037=CARTESIAN_POINT('',(-36.36039646,51.405800375,-41.333214996));
#12038=CARTESIAN_POINT('',(-36.179841531,51.895266577,-41.633160271));
#12039=CARTESIAN_POINT('',(-36.039748132,52.395183618,-41.939509828));
#12040=CARTESIAN_POINT('',(-35.969701433,52.645142139,-42.092684606));
#12041=CARTESIAN_POINT('',(-35.909926974,52.897753884,-42.247485283));
#12042=CARTESIAN_POINT('',(-35.864287235,53.154016497,-42.404523214));
#12043=CARTESIAN_POINT('',(-35.818647497,53.41027911,-42.561561145));
#12044=CARTESIAN_POINT('',(-35.787580089,53.669460007,-42.720387403));
#12045=CARTESIAN_POINT('',(-35.773699454,53.927075347,-42.878254286));
#12046=CARTESIAN_POINT('',(-35.745938186,54.442306026,-43.193988052));
#12047=CARTESIAN_POINT('',(-35.787931844,54.956210131,-43.508908893));
#12048=CARTESIAN_POINT('',(-35.889337492,55.468984361,-43.823137345));
#12049=B_SPLINE_CURVE_WITH_KNOTS('',3,(#12024,#12025,#12026,#12027,#12028,#12029,#12030,#12031,#12032,#12033,#12034,#12035,#12036,#12037,#12038,#12039,#12040,#12041,#12042,#12043,#12044,#12045,#12046,#12047,#12048),.UNSPECIFIED.,.F.,.F.,(4,3,3,3,3,3,3,3,4),(0.,0.003578687,0.005368031,0.007157375,0.008946719,0.010736062,0.011630734,0.012525406,0.01431475),.UNSPECIFIED.);
#12050=EDGE_CURVE('',#12000,#9692,#12049,.T.);
#12051=ORIENTED_EDGE('',*,*,#12050,.F.);
#12052=ORIENTED_EDGE('',*,*,#12005,.T.);
#12053=ORIENTED_EDGE('',*,*,#2435,.F.);
#12054=CARTESIAN_POINT('',(-30.423115093,55.468984361,-43.823137345));
#12055=VERTEX_POINT('',#12054);
#12056=CARTESIAN_POINT('',(-30.423115093,55.468984361,-43.823137345));
#12057=DIRECTION('',(0.,-0.852640164,0.522498565));
#12058=VECTOR('',#12057,28.697902567);
#12059=LINE('',#12056,#12058);
#12060=EDGE_CURVE('',#12055,#2422,#12059,.T.);
#12061=ORIENTED_EDGE('',*,*,#12060,.F.);
#12062=CARTESIAN_POINT('',(-30.423115093,55.468984361,-43.823137345));
#12063=DIRECTION('',(-1.,0.,0.));
#12064=VECTOR('',#12063,5.466222399);
#12065=LINE('',#12062,#12064);
#12066=EDGE_CURVE('',#12055,#9701,#12065,.T.);
#12067=ORIENTED_EDGE('',*,*,#12066,.T.);
#12068=EDGE_LOOP('',(#12023,#12051,#12052,#12053,#12061,#12067));
#12069=FACE_BOUND('',#12068,.T.);
#12070=ADVANCED_FACE('',(#12069),#12022,.F.);
#12071=CARTESIAN_POINT('',(-30.423115093,0.,0.));
#12072=DIRECTION('',(-1.,0.,0.));
#12073=DIRECTION('',(0.,-1.,0.));
#12074=AXIS2_PLACEMENT_3D('',#12071,#12072,#12073);
#12075=PLANE('',#12074);
#12076=CARTESIAN_POINT('',(-30.423115093,55.755139251,-42.591109027));
#12077=VERTEX_POINT('',#12076);
#12078=CARTESIAN_POINT('',(-30.423115093,55.755139251,-42.591109027));
#12079=DIRECTION('',(0.,-0.852640164,0.522498565));
#12080=VECTOR('',#12079,29.033512947);
#12081=LINE('',#12078,#12080);
#12082=EDGE_CURVE('',#12077,#2414,#12081,.T.);
#12083=ORIENTED_EDGE('',*,*,#12082,.F.);
#12084=CARTESIAN_POINT('',(-30.423115093,55.671274927,-43.197449464));
#12085=VERTEX_POINT('',#12084);
#12086=CARTESIAN_POINT('',(-30.423115093,25.75,-38.75));
#12087=DIRECTION('',(-1.,0.,0.));
#12088=DIRECTION('',(0.,0.99190543,-0.126978811));
#12089=AXIS2_PLACEMENT_3D('',#12086,#12087,#12088);
#12090=CIRCLE('',#12089,30.25);
#12091=EDGE_CURVE('',#12077,#12085,#12090,.T.);
#12092=ORIENTED_EDGE('',*,*,#12091,.T.);
#12093=CARTESIAN_POINT('',(-30.423115093,53.693008816,-42.903403218));
#12094=DIRECTION('',(-1.,0.,0.));
#12095=DIRECTION('',(0.,0.989133055,-0.147023123));
#12096=AXIS2_PLACEMENT_3D('',#12093,#12094,#12095);
#12097=CIRCLE('',#12096,2.);
#12098=EDGE_CURVE('',#12085,#12055,#12097,.T.);
#12099=ORIENTED_EDGE('',*,*,#12098,.T.);
#12100=ORIENTED_EDGE('',*,*,#12060,.T.);
#12101=ORIENTED_EDGE('',*,*,#2427,.T.);
#12102=EDGE_LOOP('',(#12083,#12092,#12099,#12100,#12101));
#12103=FACE_BOUND('',#12102,.T.);
#12104=ADVANCED_FACE('',(#12103),#12075,.T.);
#12105=CARTESIAN_POINT('',(-30.423115093,43.377569625,-35.006124605));
#12106=DIRECTION('',(0.,-0.522498565,-0.852640164));
#12107=DIRECTION('',(0.,0.852640164,-0.522498565));
#12108=AXIS2_PLACEMENT_3D('',#12105,#12106,#12107);
#12109=PLANE('',#12108);
#12110=CARTESIAN_POINT('',(-38.623115093,44.85343954,-35.910538852));
#12111=VERTEX_POINT('',#12110);
#12112=CARTESIAN_POINT('',(-38.623115093,44.85343954,-35.910538852));
#12113=DIRECTION('',(0.,-0.852640164,0.522498565));
#12114=VECTOR('',#12113,16.247697586);
#12115=LINE('',#12112,#12114);
#12116=EDGE_CURVE('',#12111,#2406,#12115,.T.);
#12117=ORIENTED_EDGE('',*,*,#12116,.F.);
#12118=CARTESIAN_POINT('',(-38.623115093,44.85343954,-35.910538852));
#12119=CARTESIAN_POINT('',(-38.623115093,45.776637728,-36.47627543));
#12120=CARTESIAN_POINT('',(-38.511704457,46.688104515,-37.034822995));
#12121=CARTESIAN_POINT('',(-38.332241526,47.59240548,-37.588979339));
#12122=CARTESIAN_POINT('',(-38.24251006,48.044555962,-37.866057511));
#12123=CARTESIAN_POINT('',(-38.135796183,48.494948365,-38.14205833));
#12124=CARTESIAN_POINT('',(-38.019126154,48.944228224,-38.417377382));
#12125=CARTESIAN_POINT('',(-37.902456126,49.393508084,-38.692696434));
#12126=CARTESIAN_POINT('',(-37.775829697,49.841515621,-38.967235806));
#12127=CARTESIAN_POINT('',(-37.64841577,50.289422524,-39.241713509));
#12128=CARTESIAN_POINT('',(-37.393587917,51.18523633,-39.790668915));
#12129=CARTESIAN_POINT('',(-37.134446647,52.080498927,-40.33928654));
#12130=CARTESIAN_POINT('',(-36.969230658,52.987764179,-40.895259402));
#12131=CARTESIAN_POINT('',(-36.886622663,53.441396806,-41.173245833));
#12132=CARTESIAN_POINT('',(-36.828100889,53.898107396,-41.453118443));
#12133=CARTESIAN_POINT('',(-36.80312142,54.359104337,-41.735617732));
#12134=CARTESIAN_POINT('',(-36.778141951,54.820101278,-42.01811702));
#12135=CARTESIAN_POINT('',(-36.78703445,55.285426698,-42.303268804));
#12136=CARTESIAN_POINT('',(-36.830257909,55.755139251,-42.591109027));
#12137=B_SPLINE_CURVE_WITH_KNOTS('',3,(#12118,#12119,#12120,#12121,#12122,#12123,#12124,#12125,#12126,#12127,#12128,#12129,#12130,#12131,#12132,#12133,#12134,#12135,#12136),.UNSPECIFIED.,.F.,.F.,(4,3,3,3,3,3,4),(0.,0.003223766,0.00483565,0.006447533,0.009671299,0.011283183,0.012895066),.UNSPECIFIED.);
#12138=EDGE_CURVE('',#12111,#9548,#12137,.T.);
#12139=ORIENTED_EDGE('',*,*,#12138,.T.);
#12140=ORIENTED_EDGE('',*,*,#9608,.T.);
#12141=CARTESIAN_POINT('',(-30.423115093,55.755139251,-42.591109027));
#12142=DIRECTION('',(-1.,0.,0.));
#12143=VECTOR('',#12142,6.407142816);
#12144=LINE('',#12141,#12143);
#12145=EDGE_CURVE('',#12077,#9580,#12144,.T.);
#12146=ORIENTED_EDGE('',*,*,#12145,.F.);
#12147=ORIENTED_EDGE('',*,*,#12082,.T.);
#12148=ORIENTED_EDGE('',*,*,#2419,.T.);
#12149=EDGE_LOOP('',(#12117,#12139,#12140,#12146,#12147,#12148));
#12150=FACE_BOUND('',#12149,.T.);
#12151=ADVANCED_FACE('',(#12150),#12109,.T.);
#12152=CARTESIAN_POINT('',(-38.623115093,0.,0.));
#12153=DIRECTION('',(1.,0.,0.));
#12154=DIRECTION('',(0.,1.,0.));
#12155=AXIS2_PLACEMENT_3D('',#12152,#12153,#12154);
#12156=PLANE('',#12155);
#12157=ORIENTED_EDGE('',*,*,#2411,.T.);
#12158=CARTESIAN_POINT('',(-38.623115093,46.606578111,-35.388884783));
#12159=VERTEX_POINT('',#12158);
#12160=CARTESIAN_POINT('',(-38.623115093,46.606578111,-35.388884783));
#12161=DIRECTION('',(0.,-0.872496007,0.488621241));
#12162=VECTOR('',#12161,17.887277402);
#12163=LINE('',#12160,#12162);
#12164=EDGE_CURVE('',#12159,#2398,#12163,.T.);
#12165=ORIENTED_EDGE('',*,*,#12164,.F.);
#12166=CARTESIAN_POINT('',(-38.623115093,50.,-50.));
#12167=DIRECTION('',(-1.,0.,0.));
#12168=DIRECTION('',(0.,0.,1.));
#12169=AXIS2_PLACEMENT_3D('',#12166,#12167,#12168);
#12170=CIRCLE('',#12169,15.);
#12171=EDGE_CURVE('',#12111,#12159,#12170,.T.);
#12172=ORIENTED_EDGE('',*,*,#12171,.F.);
#12173=ORIENTED_EDGE('',*,*,#12116,.T.);
#12174=EDGE_LOOP('',(#12157,#12165,#12172,#12173));
#12175=FACE_BOUND('',#12174,.T.);
#12176=ADVANCED_FACE('',(#12175),#12156,.F.);
#12177=CARTESIAN_POINT('',(-30.423115093,43.471160468,-33.632966534));
#12178=DIRECTION('',(0.,-0.488621241,-0.872496007));
#12179=DIRECTION('',(0.,0.872496007,-0.488621241));
#12180=AXIS2_PLACEMENT_3D('',#12177,#12178,#12179);
#12181=PLANE('',#12180);
#12182=ORIENTED_EDGE('',*,*,#9577,.F.);
#12183=CARTESIAN_POINT('',(-38.623115093,46.606578111,-35.388884783));
#12184=CARTESIAN_POINT('',(-38.623115093,47.388418816,-35.826736616));
#12185=CARTESIAN_POINT('',(-38.566522038,48.166867536,-36.262688846));
#12186=CARTESIAN_POINT('',(-38.480750703,48.943567414,-36.697661678));
#12187=CARTESIAN_POINT('',(-38.394979367,49.720267292,-37.132634509));
#12188=CARTESIAN_POINT('',(-38.279934062,50.495182772,-37.56660803));
#12189=CARTESIAN_POINT('',(-38.16885804,51.270293046,-38.00069064));
#12190=CARTESIAN_POINT('',(-38.057782018,52.04540332,-38.434773251));
#12191=CARTESIAN_POINT('',(-37.951657761,52.820860593,-38.86905019));
#12192=CARTESIAN_POINT('',(-37.883302802,53.598964591,-39.304809366));
#12193=CARTESIAN_POINT('',(-37.849125323,53.988016589,-39.522688954));
#12194=CARTESIAN_POINT('',(-37.824288089,54.377723116,-39.740935096));
#12195=CARTESIAN_POINT('',(-37.811163442,54.768250414,-39.959640891));
#12196=CARTESIAN_POINT('',(-37.798038795,55.158777712,-40.178346686));
#12197=CARTESIAN_POINT('',(-37.79665976,55.550128096,-40.397513432));
#12198=CARTESIAN_POINT('',(-37.807302743,55.942320936,-40.617151976));
#12199=B_SPLINE_CURVE_WITH_KNOTS('',3,(#12183,#12184,#12185,#12186,#12187,#12188,#12189,#12190,#12191,#12192,#12193,#12194,#12195,#12196,#12197,#12198),.UNSPECIFIED.,.F.,.F.,(4,3,3,3,3,4),(0.,0.002681969,0.005363938,0.008045907,0.009386892,0.010727876),.UNSPECIFIED.);
#12200=EDGE_CURVE('',#12159,#9550,#12199,.T.);
#12201=ORIENTED_EDGE('',*,*,#12200,.F.);
#12202=ORIENTED_EDGE('',*,*,#12164,.T.);
#12203=ORIENTED_EDGE('',*,*,#2403,.F.);
#12204=CARTESIAN_POINT('',(-30.423115093,55.942320936,-40.617151976));
#12205=VERTEX_POINT('',#12204);
#12206=CARTESIAN_POINT('',(-30.423115093,55.942320936,-40.617151976));
#12207=DIRECTION('',(0.,-0.872496007,0.488621241));
#12208=VECTOR('',#12207,28.587318147);
#12209=LINE('',#12206,#12208);
#12210=EDGE_CURVE('',#12205,#2390,#12209,.T.);
#12211=ORIENTED_EDGE('',*,*,#12210,.F.);
#12212=CARTESIAN_POINT('',(-30.423115093,55.942320936,-40.617151976));
#12213=DIRECTION('',(-1.,0.,0.));
#12214=VECTOR('',#12213,7.38418765);
#12215=LINE('',#12212,#12214);
#12216=EDGE_CURVE('',#12205,#9559,#12215,.T.);
#12217=ORIENTED_EDGE('',*,*,#12216,.T.);
#12218=EDGE_LOOP('',(#12182,#12201,#12202,#12203,#12211,#12217));
#12219=FACE_BOUND('',#12218,.T.);
#12220=ADVANCED_FACE('',(#12219),#12181,.F.);
#12221=CARTESIAN_POINT('',(-30.423115093,0.,0.));
#12222=DIRECTION('',(-1.,0.,0.));
#12223=DIRECTION('',(0.,-1.,0.));
#12224=AXIS2_PLACEMENT_3D('',#12221,#12222,#12223);
#12225=PLANE('',#12224);
#12226=CARTESIAN_POINT('',(-30.423115093,55.995503048,-39.271579701));
#12227=VERTEX_POINT('',#12226);
#12228=CARTESIAN_POINT('',(-30.423115093,55.995503048,-39.271579701));
#12229=DIRECTION('',(0.,-0.872496007,0.488621241));
#12230=VECTOR('',#12229,28.648272136);
#12231=LINE('',#12228,#12230);
#12232=EDGE_CURVE('',#12227,#2382,#12231,.T.);
#12233=ORIENTED_EDGE('',*,*,#12232,.F.);
#12234=CARTESIAN_POINT('',(-30.423115093,25.75,-38.75));
#12235=DIRECTION('',(-1.,0.,0.));
#12236=DIRECTION('',(0.,0.99985134,-0.017242304));
#12237=AXIS2_PLACEMENT_3D('',#12234,#12235,#12236);
#12238=CIRCLE('',#12237,30.25);
#12239=EDGE_CURVE('',#12227,#12205,#12238,.T.);
#12240=ORIENTED_EDGE('',*,*,#12239,.T.);
#12241=ORIENTED_EDGE('',*,*,#12210,.T.);
#12242=ORIENTED_EDGE('',*,*,#2395,.T.);
#12243=EDGE_LOOP('',(#12233,#12240,#12241,#12242));
#12244=FACE_BOUND('',#12243,.T.);
#12245=ADVANCED_FACE('',(#12244),#12225,.T.);
#12246=CARTESIAN_POINT('',(-30.423115093,43.497751524,-32.272502552));
#12247=DIRECTION('',(0.,-0.488621241,-0.872496007));
#12248=DIRECTION('',(0.,0.872496007,-0.488621241));
#12249=AXIS2_PLACEMENT_3D('',#12246,#12247,#12248);
#12250=PLANE('',#12249);
#12251=CARTESIAN_POINT('',(-38.623115093,48.501956414,-35.074991946));
#12252=VERTEX_POINT('',#12251);
#12253=CARTESIAN_POINT('',(-38.623115093,48.501956414,-35.074991946));
#12254=DIRECTION('',(0.,-0.872496007,0.488621241));
#12255=VECTOR('',#12254,20.0596407);
#12256=LINE('',#12253,#12255);
#12257=EDGE_CURVE('',#12252,#2374,#12256,.T.);
#12258=ORIENTED_EDGE('',*,*,#12257,.F.);
#12259=CARTESIAN_POINT('',(-38.623115093,48.501956414,-35.074991946));
#12260=CARTESIAN_POINT('',(-38.623115093,49.753406685,-35.775837772));
#12261=CARTESIAN_POINT('',(-38.517859018,51.000727006,-36.474370715));
#12262=CARTESIAN_POINT('',(-38.419403331,52.248314155,-37.173053089));
#12263=CARTESIAN_POINT('',(-38.370175488,52.87210773,-37.522394277));
#12264=CARTESIAN_POINT('',(-38.32299012,53.495981445,-37.871780345));
#12265=CARTESIAN_POINT('',(-38.28963686,54.120397893,-38.221470358));
#12266=CARTESIAN_POINT('',(-38.2562836,54.744814341,-38.571160371));
#12267=CARTESIAN_POINT('',(-38.237062496,55.369785295,-38.921160922));
#12268=CARTESIAN_POINT('',(-38.236874347,55.995503048,-39.271579701));
#12269=B_SPLINE_CURVE_WITH_KNOTS('',3,(#12259,#12260,#12261,#12262,#12263,#12264,#12265,#12266,#12267,#12268),.UNSPECIFIED.,.F.,.F.,(4,3,3,4),(0.,0.004298656,0.006447984,0.008597312),.UNSPECIFIED.);
#12270=EDGE_CURVE('',#12252,#9619,#12269,.T.);
#12271=ORIENTED_EDGE('',*,*,#12270,.T.);
#12272=ORIENTED_EDGE('',*,*,#9679,.T.);
#12273=CARTESIAN_POINT('',(-30.423115093,55.995503048,-39.271579701));
#12274=DIRECTION('',(-1.,0.,0.));
#12275=VECTOR('',#12274,7.813759254);
#12276=LINE('',#12273,#12275);
#12277=EDGE_CURVE('',#12227,#9660,#12276,.T.);
#12278=ORIENTED_EDGE('',*,*,#12277,.F.);
#12279=ORIENTED_EDGE('',*,*,#12232,.T.);
#12280=ORIENTED_EDGE('',*,*,#2387,.T.);
#12281=EDGE_LOOP('',(#12258,#12271,#12272,#12278,#12279,#12280));
#12282=FACE_BOUND('',#12281,.T.);
#12283=ADVANCED_FACE('',(#12282),#12250,.T.);
#12284=CARTESIAN_POINT('',(-38.623115093,0.,0.));
#12285=DIRECTION('',(1.,0.,0.));
#12286=DIRECTION('',(0.,1.,0.));
#12287=AXIS2_PLACEMENT_3D('',#12284,#12285,#12286);
#12288=PLANE('',#12287);
#12289=ORIENTED_EDGE('',*,*,#12257,.T.);
#12290=ORIENTED_EDGE('',*,*,#2379,.T.);
#12291=CARTESIAN_POINT('',(-38.623115093,51.66353127,-35.092529936));
#12292=DIRECTION('',(0.,-0.891006524,0.4539905));
#12293=VECTOR('',#12292,23.191223307);
#12294=LINE('',#12291,#12293);
#12295=EDGE_CURVE('',#9630,#2366,#12294,.T.);
#12296=ORIENTED_EDGE('',*,*,#12295,.F.);
#12297=ORIENTED_EDGE('',*,*,#9636,.F.);
#12298=CARTESIAN_POINT('',(-38.623115093,50.,-50.));
#12299=DIRECTION('',(-1.,0.,0.));
#12300=DIRECTION('',(0.,0.,1.));
#12301=AXIS2_PLACEMENT_3D('',#12298,#12299,#12300);
#12302=CIRCLE('',#12301,15.);
#12303=EDGE_CURVE('',#12252,#9621,#12302,.T.);
#12304=ORIENTED_EDGE('',*,*,#12303,.F.);
#12305=EDGE_LOOP('',(#12289,#12290,#12296,#12297,#12304));
#12306=FACE_BOUND('',#12305,.T.);
#12307=ADVANCED_FACE('',(#12306),#12288,.F.);
#12308=CARTESIAN_POINT('',(-30.423115093,43.5,-30.933002996));
#12309=DIRECTION('',(0.,-0.4539905,-0.891006524));
#12310=DIRECTION('',(0.,0.891006524,-0.4539905));
#12311=AXIS2_PLACEMENT_3D('',#12308,#12309,#12310);
#12312=PLANE('',#12311);
#12313=ORIENTED_EDGE('',*,*,#9648,.F.);
#12314=ORIENTED_EDGE('',*,*,#12295,.T.);
#12315=ORIENTED_EDGE('',*,*,#2371,.F.);
#12316=CARTESIAN_POINT('',(-30.423115093,56.,-37.302071115));
#12317=VERTEX_POINT('',#12316);
#12318=CARTESIAN_POINT('',(-30.423115093,56.,-37.302071115));
#12319=DIRECTION('',(0.,-0.891006524,0.4539905));
#12320=VECTOR('',#12319,28.058155941);
#12321=LINE('',#12318,#12320);
#12322=EDGE_CURVE('',#12317,#2358,#12321,.T.);
#12323=ORIENTED_EDGE('',*,*,#12322,.F.);
#12324=CARTESIAN_POINT('',(-30.423115093,56.,-37.302071115));
#12325=DIRECTION('',(-1.,0.,0.));
#12326=VECTOR('',#12325,8.152787144);
#12327=LINE('',#12324,#12326);
#12328=EDGE_CURVE('',#12317,#9639,#12327,.T.);
#12329=ORIENTED_EDGE('',*,*,#12328,.T.);
#12330=EDGE_LOOP('',(#12313,#12314,#12315,#12323,#12329));
#12331=FACE_BOUND('',#12330,.T.);
#12332=ADVANCED_FACE('',(#12331),#12312,.F.);
#12333=CARTESIAN_POINT('',(-30.423115093,0.,0.));
#12334=DIRECTION('',(-1.,0.,0.));
#12335=DIRECTION('',(0.,-1.,0.));
#12336=AXIS2_PLACEMENT_3D('',#12333,#12334,#12335);
#12337=PLANE('',#12336);
#12338=ORIENTED_EDGE('',*,*,#12322,.T.);
#12339=ORIENTED_EDGE('',*,*,#2363,.T.);
#12340=CARTESIAN_POINT('',(-30.423115093,56.,-35.955288219));
#12341=VERTEX_POINT('',#12340);
#12342=CARTESIAN_POINT('',(-30.423115093,56.,-35.955288219));
#12343=DIRECTION('',(0.,-0.891006524,0.4539905));
#12344=VECTOR('',#12343,28.058155941);
#12345=LINE('',#12342,#12344);
#12346=EDGE_CURVE('',#12341,#2350,#12345,.T.);
#12347=ORIENTED_EDGE('',*,*,#12346,.F.);
#12348=CARTESIAN_POINT('',(-30.423115093,56.,-37.302071115));
#12349=DIRECTION('',(0.,0.,1.));
#12350=VECTOR('',#12349,1.346782896);
#12351=LINE('',#12348,#12350);
#12352=EDGE_CURVE('',#12317,#12341,#12351,.T.);
#12353=ORIENTED_EDGE('',*,*,#12352,.F.);
#12354=EDGE_LOOP('',(#12338,#12339,#12347,#12353));
#12355=FACE_BOUND('',#12354,.T.);
#12356=ADVANCED_FACE('',(#12355),#12337,.T.);
#12357=CARTESIAN_POINT('',(-30.423115093,43.5,-29.5862201));
#12358=DIRECTION('',(0.,-0.4539905,-0.891006524));
#12359=DIRECTION('',(0.,0.891006524,-0.4539905));
#12360=AXIS2_PLACEMENT_3D('',#12357,#12358,#12359);
#12361=PLANE('',#12360);
#12362=CARTESIAN_POINT('',(-38.923115093,56.,-35.955288219));
#12363=VERTEX_POINT('',#12362);
#12364=CARTESIAN_POINT('',(-38.923115093,56.,-35.955288219));
#12365=DIRECTION('',(0.,-0.891006524,0.4539905));
#12366=VECTOR('',#12365,28.058155941);
#12367=LINE('',#12364,#12366);
#12368=EDGE_CURVE('',#12363,#2342,#12367,.T.);
#12369=ORIENTED_EDGE('',*,*,#12368,.F.);
#12370=CARTESIAN_POINT('',(-30.423115093,56.,-35.955288219));
#12371=DIRECTION('',(-1.,0.,0.));
#12372=VECTOR('',#12371,8.5);
#12373=LINE('',#12370,#12372);
#12374=EDGE_CURVE('',#12341,#12363,#12373,.T.);
#12375=ORIENTED_EDGE('',*,*,#12374,.F.);
#12376=ORIENTED_EDGE('',*,*,#12346,.T.);
#12377=ORIENTED_EDGE('',*,*,#2355,.T.);
#12378=EDGE_LOOP('',(#12369,#12375,#12376,#12377));
#12379=FACE_BOUND('',#12378,.T.);
#12380=ADVANCED_FACE('',(#12379),#12361,.T.);
#12381=CARTESIAN_POINT('',(-38.923115093,0.,0.));
#12382=DIRECTION('',(1.,0.,0.));
#12383=DIRECTION('',(0.,1.,0.));
#12384=AXIS2_PLACEMENT_3D('',#12381,#12382,#12383);
#12385=PLANE('',#12384);
#12386=CARTESIAN_POINT('',(-38.923115093,56.,-34.087101312));
#12387=VERTEX_POINT('',#12386);
#12388=CARTESIAN_POINT('',(-38.923115093,56.,-34.087101312));
#12389=DIRECTION('',(0.,-0.908143174,0.418659738));
#12390=VECTOR('',#12389,27.528698911);
#12391=LINE('',#12388,#12390);
#12392=EDGE_CURVE('',#12387,#2334,#12391,.T.);
#12393=ORIENTED_EDGE('',*,*,#12392,.F.);
#12394=CARTESIAN_POINT('',(-38.923115093,56.,-35.955288219));
#12395=DIRECTION('',(0.,-0.,1.));
#12396=VECTOR('',#12395,1.868186906);
#12397=LINE('',#12394,#12396);
#12398=EDGE_CURVE('',#12363,#12387,#12397,.T.);
#12399=ORIENTED_EDGE('',*,*,#12398,.F.);
#12400=ORIENTED_EDGE('',*,*,#12368,.T.);
#12401=ORIENTED_EDGE('',*,*,#2347,.T.);
#12402=EDGE_LOOP('',(#12393,#12399,#12400,#12401));
#12403=FACE_BOUND('',#12402,.T.);
#12404=ADVANCED_FACE('',(#12403),#12385,.F.);
#12405=CARTESIAN_POINT('',(-30.423115093,43.5,-28.324522382));
#12406=DIRECTION('',(0.,-0.418659738,-0.908143174));
#12407=DIRECTION('',(0.,0.908143174,-0.418659738));
#12408=AXIS2_PLACEMENT_3D('',#12405,#12406,#12407);
#12409=PLANE('',#12408);
#12410=ORIENTED_EDGE('',*,*,#12392,.T.);
#12411=ORIENTED_EDGE('',*,*,#2339,.F.);
#12412=CARTESIAN_POINT('',(-30.423115093,56.,-34.087101312));
#12413=VERTEX_POINT('',#12412);
#12414=CARTESIAN_POINT('',(-30.423115093,56.,-34.087101312));
#12415=DIRECTION('',(0.,-0.908143174,0.418659738));
#12416=VECTOR('',#12415,27.528698911);
#12417=LINE('',#12414,#12416);
#12418=EDGE_CURVE('',#12413,#2326,#12417,.T.);
#12419=ORIENTED_EDGE('',*,*,#12418,.F.);
#12420=CARTESIAN_POINT('',(-30.423115093,56.,-34.087101312));
#12421=DIRECTION('',(-1.,0.,0.));
#12422=VECTOR('',#12421,8.5);
#12423=LINE('',#12420,#12422);
#12424=EDGE_CURVE('',#12413,#12387,#12423,.T.);
#12425=ORIENTED_EDGE('',*,*,#12424,.T.);
#12426=EDGE_LOOP('',(#12410,#12411,#12419,#12425));
#12427=FACE_BOUND('',#12426,.T.);
#12428=ADVANCED_FACE('',(#12427),#12409,.F.);
#12429=CARTESIAN_POINT('',(-30.423115093,0.,0.));
#12430=DIRECTION('',(-1.,0.,0.));
#12431=DIRECTION('',(0.,-1.,0.));
#12432=AXIS2_PLACEMENT_3D('',#12429,#12430,#12431);
#12433=PLANE('',#12432);
#12434=ORIENTED_EDGE('',*,*,#12418,.T.);
#12435=ORIENTED_EDGE('',*,*,#2331,.T.);
#12436=CARTESIAN_POINT('',(-30.423115093,56.,-32.765732192));
#12437=VERTEX_POINT('',#12436);
#12438=CARTESIAN_POINT('',(-30.423115093,56.,-32.765732192));
#12439=DIRECTION('',(0.,-0.908143174,0.418659738));
#12440=VECTOR('',#12439,27.528698911);
#12441=LINE('',#12438,#12440);
#12442=EDGE_CURVE('',#12437,#2318,#12441,.T.);
#12443=ORIENTED_EDGE('',*,*,#12442,.F.);
#12444=CARTESIAN_POINT('',(-30.423115093,56.,-34.087101312));
#12445=DIRECTION('',(0.,0.,1.));
#12446=VECTOR('',#12445,1.321369121);
#12447=LINE('',#12444,#12446);
#12448=EDGE_CURVE('',#12413,#12437,#12447,.T.);
#12449=ORIENTED_EDGE('',*,*,#12448,.F.);
#12450=EDGE_LOOP('',(#12434,#12435,#12443,#12449));
#12451=FACE_BOUND('',#12450,.T.);
#12452=ADVANCED_FACE('',(#12451),#12433,.T.);
#12453=CARTESIAN_POINT('',(-30.423115093,43.5,-27.003153262));
#12454=DIRECTION('',(0.,-0.418659738,-0.908143174));
#12455=DIRECTION('',(0.,0.908143174,-0.418659738));
#12456=AXIS2_PLACEMENT_3D('',#12453,#12454,#12455);
#12457=PLANE('',#12456);
#12458=CARTESIAN_POINT('',(-38.923115093,56.,-32.765732192));
#12459=VERTEX_POINT('',#12458);
#12460=CARTESIAN_POINT('',(-38.923115093,56.,-32.765732192));
#12461=DIRECTION('',(0.,-0.908143174,0.418659738));
#12462=VECTOR('',#12461,27.528698911);
#12463=LINE('',#12460,#12462);
#12464=EDGE_CURVE('',#12459,#2310,#12463,.T.);
#12465=ORIENTED_EDGE('',*,*,#12464,.F.);
#12466=CARTESIAN_POINT('',(-30.423115093,56.,-32.765732192));
#12467=DIRECTION('',(-1.,0.,0.));
#12468=VECTOR('',#12467,8.5);
#12469=LINE('',#12466,#12468);
#12470=EDGE_CURVE('',#12437,#12459,#12469,.T.);
#12471=ORIENTED_EDGE('',*,*,#12470,.F.);
#12472=ORIENTED_EDGE('',*,*,#12442,.T.);
#12473=ORIENTED_EDGE('',*,*,#2323,.T.);
#12474=EDGE_LOOP('',(#12465,#12471,#12472,#12473));
#12475=FACE_BOUND('',#12474,.T.);
#12476=ADVANCED_FACE('',(#12475),#12457,.T.);
#12477=CARTESIAN_POINT('',(-38.923115093,0.,0.));
#12478=DIRECTION('',(1.,0.,0.));
#12479=DIRECTION('',(0.,1.,0.));
#12480=AXIS2_PLACEMENT_3D('',#12477,#12478,#12479);
#12481=PLANE('',#12480);
#12482=ORIENTED_EDGE('',*,*,#2315,.T.);
#12483=CARTESIAN_POINT('',(-38.923115093,56.,-30.987526295));
#12484=VERTEX_POINT('',#12483);
#12485=CARTESIAN_POINT('',(-38.923115093,56.,-30.987526295));
#12486=DIRECTION('',(0.,-0.923879533,0.382683432));
#12487=VECTOR('',#12486,27.059805007);
#12488=LINE('',#12485,#12487);
#12489=EDGE_CURVE('',#12484,#2302,#12488,.T.);
#12490=ORIENTED_EDGE('',*,*,#12489,.F.);
#12491=CARTESIAN_POINT('',(-38.923115093,56.,-32.765732192));
#12492=DIRECTION('',(0.,-0.,1.));
#12493=VECTOR('',#12492,1.778205897);
#12494=LINE('',#12491,#12493);
#12495=EDGE_CURVE('',#12459,#12484,#12494,.T.);
#12496=ORIENTED_EDGE('',*,*,#12495,.F.);
#12497=ORIENTED_EDGE('',*,*,#12464,.T.);
#12498=EDGE_LOOP('',(#12482,#12490,#12496,#12497));
#12499=FACE_BOUND('',#12498,.T.);
#12500=ADVANCED_FACE('',(#12499),#12481,.F.);
#12501=CARTESIAN_POINT('',(-30.423115093,43.5,-25.809856765));
#12502=DIRECTION('',(0.,-0.382683432,-0.923879533));
#12503=DIRECTION('',(0.,0.923879533,-0.382683432));
#12504=AXIS2_PLACEMENT_3D('',#12501,#12502,#12503);
#12505=PLANE('',#12504);
#12506=ORIENTED_EDGE('',*,*,#12489,.T.);
#12507=ORIENTED_EDGE('',*,*,#2307,.F.);
#12508=CARTESIAN_POINT('',(-30.423115093,56.,-30.987526295));
#12509=VERTEX_POINT('',#12508);
#12510=CARTESIAN_POINT('',(-30.423115093,56.,-30.987526295));
#12511=DIRECTION('',(0.,-0.923879533,0.382683432));
#12512=VECTOR('',#12511,27.059805007);
#12513=LINE('',#12510,#12512);
#12514=EDGE_CURVE('',#12509,#2294,#12513,.T.);
#12515=ORIENTED_EDGE('',*,*,#12514,.F.);
#12516=CARTESIAN_POINT('',(-30.423115093,56.,-30.987526295));
#12517=DIRECTION('',(-1.,0.,0.));
#12518=VECTOR('',#12517,8.5);
#12519=LINE('',#12516,#12518);
#12520=EDGE_CURVE('',#12509,#12484,#12519,.T.);
#12521=ORIENTED_EDGE('',*,*,#12520,.T.);
#12522=EDGE_LOOP('',(#12506,#12507,#12515,#12521));
#12523=FACE_BOUND('',#12522,.T.);
#12524=ADVANCED_FACE('',(#12523),#12505,.F.);
#12525=CARTESIAN_POINT('',(-30.423115093,0.,0.));
#12526=DIRECTION('',(-1.,0.,0.));
#12527=DIRECTION('',(0.,-1.,0.));
#12528=AXIS2_PLACEMENT_3D('',#12525,#12526,#12527);
#12529=PLANE('',#12528);
#12530=ORIENTED_EDGE('',*,*,#12514,.T.);
#12531=ORIENTED_EDGE('',*,*,#2299,.T.);
#12532=CARTESIAN_POINT('',(-30.423115093,56.,-29.688663938));
#12533=VERTEX_POINT('',#12532);
#12534=CARTESIAN_POINT('',(-30.423115093,56.,-29.688663938));
#12535=DIRECTION('',(0.,-0.923879533,0.382683432));
#12536=VECTOR('',#12535,27.059805007);
#12537=LINE('',#12534,#12536);
#12538=EDGE_CURVE('',#12533,#2286,#12537,.T.);
#12539=ORIENTED_EDGE('',*,*,#12538,.F.);
#12540=CARTESIAN_POINT('',(-30.423115093,56.,-30.987526295));
#12541=DIRECTION('',(0.,-0.,1.));
#12542=VECTOR('',#12541,1.298862357);
#12543=LINE('',#12540,#12542);
#12544=EDGE_CURVE('',#12509,#12533,#12543,.T.);
#12545=ORIENTED_EDGE('',*,*,#12544,.F.);
#12546=EDGE_LOOP('',(#12530,#12531,#12539,#12545));
#12547=FACE_BOUND('',#12546,.T.);
#12548=ADVANCED_FACE('',(#12547),#12529,.T.);
#12549=CARTESIAN_POINT('',(-30.423115093,43.5,-24.510994409));
#12550=DIRECTION('',(0.,-0.382683432,-0.923879533));
#12551=DIRECTION('',(0.,0.923879533,-0.382683432));
#12552=AXIS2_PLACEMENT_3D('',#12549,#12550,#12551);
#12553=PLANE('',#12552);
#12554=CARTESIAN_POINT('',(-38.923115093,56.,-29.688663938));
#12555=VERTEX_POINT('',#12554);
#12556=CARTESIAN_POINT('',(-38.923115093,56.,-29.688663938));
#12557=DIRECTION('',(0.,-0.923879533,0.382683432));
#12558=VECTOR('',#12557,27.059805007);
#12559=LINE('',#12556,#12558);
#12560=EDGE_CURVE('',#12555,#2278,#12559,.T.);
#12561=ORIENTED_EDGE('',*,*,#12560,.F.);
#12562=CARTESIAN_POINT('',(-30.423115093,56.,-29.688663938));
#12563=DIRECTION('',(-1.,0.,0.));
#12564=VECTOR('',#12563,8.5);
#12565=LINE('',#12562,#12564);
#12566=EDGE_CURVE('',#12533,#12555,#12565,.T.);
#12567=ORIENTED_EDGE('',*,*,#12566,.F.);
#12568=ORIENTED_EDGE('',*,*,#12538,.T.);
#12569=ORIENTED_EDGE('',*,*,#2291,.T.);
#12570=EDGE_LOOP('',(#12561,#12567,#12568,#12569));
#12571=FACE_BOUND('',#12570,.T.);
#12572=ADVANCED_FACE('',(#12571),#12553,.T.);
#12573=CARTESIAN_POINT('',(-38.923115093,0.,0.));
#12574=DIRECTION('',(1.,0.,0.));
#12575=DIRECTION('',(0.,1.,0.));
#12576=AXIS2_PLACEMENT_3D('',#12573,#12574,#12575);
#12577=PLANE('',#12576);
#12578=ORIENTED_EDGE('',*,*,#12560,.T.);
#12579=ORIENTED_EDGE('',*,*,#2283,.T.);
#12580=CARTESIAN_POINT('',(-38.923115093,56.,-27.988209806));
#12581=VERTEX_POINT('',#12580);
#12582=CARTESIAN_POINT('',(-38.923115093,56.,-27.988209806));
#12583=DIRECTION('',(0.,-0.938191336,0.346117057));
#12584=VECTOR('',#12583,26.647016491);
#12585=LINE('',#12582,#12584);
#12586=EDGE_CURVE('',#12581,#2270,#12585,.T.);
#12587=ORIENTED_EDGE('',*,*,#12586,.F.);
#12588=CARTESIAN_POINT('',(-38.923115093,56.,-29.688663938));
#12589=DIRECTION('',(0.,-0.,1.));
#12590=VECTOR('',#12589,1.700454132);
#12591=LINE('',#12588,#12590);
#12592=EDGE_CURVE('',#12555,#12581,#12591,.T.);
#12593=ORIENTED_EDGE('',*,*,#12592,.F.);
#12594=EDGE_LOOP('',(#12578,#12579,#12587,#12593));
#12595=FACE_BOUND('',#12594,.T.);
#12596=ADVANCED_FACE('',(#12595),#12577,.F.);
#12597=CARTESIAN_POINT('',(-30.423115093,43.5,-23.376716343));
#12598=DIRECTION('',(0.,-0.346117057,-0.938191336));
#12599=DIRECTION('',(0.,0.938191336,-0.346117057));
#12600=AXIS2_PLACEMENT_3D('',#12597,#12598,#12599);
#12601=PLANE('',#12600);
#12602=ORIENTED_EDGE('',*,*,#12586,.T.);
#12603=ORIENTED_EDGE('',*,*,#2275,.F.);
#12604=CARTESIAN_POINT('',(-30.423115093,56.,-27.988209806));
#12605=VERTEX_POINT('',#12604);
#12606=CARTESIAN_POINT('',(-30.423115093,56.,-27.988209806));
#12607=DIRECTION('',(0.,-0.938191336,0.346117057));
#12608=VECTOR('',#12607,26.647016491);
#12609=LINE('',#12606,#12608);
#12610=EDGE_CURVE('',#12605,#2262,#12609,.T.);
#12611=ORIENTED_EDGE('',*,*,#12610,.F.);
#12612=CARTESIAN_POINT('',(-30.423115093,56.,-27.988209806));
#12613=DIRECTION('',(-1.,0.,0.));
#12614=VECTOR('',#12613,8.5);
#12615=LINE('',#12612,#12614);
#12616=EDGE_CURVE('',#12605,#12581,#12615,.T.);
#12617=ORIENTED_EDGE('',*,*,#12616,.T.);
#12618=EDGE_LOOP('',(#12602,#12603,#12611,#12617));
#12619=FACE_BOUND('',#12618,.T.);
#12620=ADVANCED_FACE('',(#12619),#12601,.F.);
#12621=CARTESIAN_POINT('',(-30.423115093,0.,0.));
#12622=DIRECTION('',(-1.,0.,0.));
#12623=DIRECTION('',(0.,-1.,0.));
#12624=AXIS2_PLACEMENT_3D('',#12621,#12622,#12623);
#12625=PLANE('',#12624);
#12626=ORIENTED_EDGE('',*,*,#12610,.T.);
#12627=ORIENTED_EDGE('',*,*,#2267,.T.);
#12628=CARTESIAN_POINT('',(-30.423115093,56.,-26.709161172));
#12629=VERTEX_POINT('',#12628);
#12630=CARTESIAN_POINT('',(-30.423115093,56.,-26.709161172));
#12631=DIRECTION('',(0.,-0.938191336,0.346117057));
#12632=VECTOR('',#12631,26.647016491);
#12633=LINE('',#12630,#12632);
#12634=EDGE_CURVE('',#12629,#2254,#12633,.T.);
#12635=ORIENTED_EDGE('',*,*,#12634,.F.);
#12636=CARTESIAN_POINT('',(-30.423115093,56.,-27.988209806));
#12637=DIRECTION('',(0.,-0.,1.));
#12638=VECTOR('',#12637,1.279048634);
#12639=LINE('',#12636,#12638);
#12640=EDGE_CURVE('',#12605,#12629,#12639,.T.);
#12641=ORIENTED_EDGE('',*,*,#12640,.F.);
#12642=EDGE_LOOP('',(#12626,#12627,#12635,#12641));
#12643=FACE_BOUND('',#12642,.T.);
#12644=ADVANCED_FACE('',(#12643),#12625,.T.);
#12645=CARTESIAN_POINT('',(-30.423115093,43.5,-22.097667708));
#12646=DIRECTION('',(0.,-0.346117057,-0.938191336));
#12647=DIRECTION('',(0.,0.938191336,-0.346117057));
#12648=AXIS2_PLACEMENT_3D('',#12645,#12646,#12647);
#12649=PLANE('',#12648);
#12650=CARTESIAN_POINT('',(-38.923115093,56.,-26.709161172));
#12651=VERTEX_POINT('',#12650);
#12652=CARTESIAN_POINT('',(-38.923115093,56.,-26.709161172));
#12653=DIRECTION('',(0.,-0.938191336,0.346117057));
#12654=VECTOR('',#12653,26.647016491);
#12655=LINE('',#12652,#12654);
#12656=EDGE_CURVE('',#12651,#2246,#12655,.T.);
#12657=ORIENTED_EDGE('',*,*,#12656,.F.);
#12658=CARTESIAN_POINT('',(-30.423115093,56.,-26.709161172));
#12659=DIRECTION('',(-1.,0.,0.));
#12660=VECTOR('',#12659,8.5);
#12661=LINE('',#12658,#12660);
#12662=EDGE_CURVE('',#12629,#12651,#12661,.T.);
#12663=ORIENTED_EDGE('',*,*,#12662,.F.);
#12664=ORIENTED_EDGE('',*,*,#12634,.T.);
#12665=ORIENTED_EDGE('',*,*,#2259,.T.);
#12666=EDGE_LOOP('',(#12657,#12663,#12664,#12665));
#12667=FACE_BOUND('',#12666,.T.);
#12668=ADVANCED_FACE('',(#12667),#12649,.T.);
#12669=CARTESIAN_POINT('',(-38.923115093,0.,0.));
#12670=DIRECTION('',(1.,0.,0.));
#12671=DIRECTION('',(0.,1.,0.));
#12672=AXIS2_PLACEMENT_3D('',#12669,#12670,#12671);
#12673=PLANE('',#12672);
#12674=ORIENTED_EDGE('',*,*,#12656,.T.);
#12675=ORIENTED_EDGE('',*,*,#2251,.T.);
#12676=CARTESIAN_POINT('',(-38.923115093,56.,-25.075573262));
#12677=VERTEX_POINT('',#12676);
#12678=CARTESIAN_POINT('',(-38.923115093,56.,-25.075573262));
#12679=DIRECTION('',(0.,-0.951056516,0.309016994));
#12680=VECTOR('',#12679,26.286555606);
#12681=LINE('',#12678,#12680);
#12682=EDGE_CURVE('',#12677,#2238,#12681,.T.);
#12683=ORIENTED_EDGE('',*,*,#12682,.F.);
#12684=CARTESIAN_POINT('',(-38.923115093,56.,-26.709161172));
#12685=DIRECTION('',(0.,-0.,1.));
#12686=VECTOR('',#12685,1.63358791);
#12687=LINE('',#12684,#12686);
#12688=EDGE_CURVE('',#12651,#12677,#12687,.T.);
#12689=ORIENTED_EDGE('',*,*,#12688,.F.);
#12690=EDGE_LOOP('',(#12674,#12675,#12683,#12689));
#12691=FACE_BOUND('',#12690,.T.);
#12692=ADVANCED_FACE('',(#12691),#12673,.F.);
#12693=CARTESIAN_POINT('',(-30.423115093,43.5,-21.01407706));
#12694=DIRECTION('',(0.,-0.309016994,-0.951056516));
#12695=DIRECTION('',(0.,0.951056516,-0.309016994));
#12696=AXIS2_PLACEMENT_3D('',#12693,#12694,#12695);
#12697=PLANE('',#12696);
#12698=ORIENTED_EDGE('',*,*,#12682,.T.);
#12699=ORIENTED_EDGE('',*,*,#2243,.F.);
#12700=CARTESIAN_POINT('',(-30.423115093,56.,-25.075573262));
#12701=VERTEX_POINT('',#12700);
#12702=CARTESIAN_POINT('',(-30.423115093,56.,-25.075573262));
#12703=DIRECTION('',(0.,-0.951056516,0.309016994));
#12704=VECTOR('',#12703,26.286555606);
#12705=LINE('',#12702,#12704);
#12706=EDGE_CURVE('',#12701,#2230,#12705,.T.);
#12707=ORIENTED_EDGE('',*,*,#12706,.F.);
#12708=CARTESIAN_POINT('',(-30.423115093,56.,-25.075573262));
#12709=DIRECTION('',(-1.,0.,0.));
#12710=VECTOR('',#12709,8.5);
#12711=LINE('',#12708,#12710);
#12712=EDGE_CURVE('',#12701,#12677,#12711,.T.);
#12713=ORIENTED_EDGE('',*,*,#12712,.T.);
#12714=EDGE_LOOP('',(#12698,#12699,#12707,#12713));
#12715=FACE_BOUND('',#12714,.T.);
#12716=ADVANCED_FACE('',(#12715),#12697,.F.);
#12717=CARTESIAN_POINT('',(-30.423115093,0.,0.));
#12718=DIRECTION('',(-1.,0.,0.));
#12719=DIRECTION('',(0.,-1.,0.));
#12720=AXIS2_PLACEMENT_3D('',#12717,#12718,#12719);
#12721=PLANE('',#12720);
#12722=ORIENTED_EDGE('',*,*,#12706,.T.);
#12723=ORIENTED_EDGE('',*,*,#2235,.T.);
#12724=CARTESIAN_POINT('',(-30.423115093,56.,-23.81382664));
#12725=VERTEX_POINT('',#12724);
#12726=CARTESIAN_POINT('',(-30.423115093,56.,-23.81382664));
#12727=DIRECTION('',(0.,-0.951056516,0.309016994));
#12728=VECTOR('',#12727,26.286555606);
#12729=LINE('',#12726,#12728);
#12730=EDGE_CURVE('',#12725,#2222,#12729,.T.);
#12731=ORIENTED_EDGE('',*,*,#12730,.F.);
#12732=CARTESIAN_POINT('',(-30.423115093,56.,-25.075573262));
#12733=DIRECTION('',(0.,-0.,1.));
#12734=VECTOR('',#12733,1.261746622);
#12735=LINE('',#12732,#12734);
#12736=EDGE_CURVE('',#12701,#12725,#12735,.T.);
#12737=ORIENTED_EDGE('',*,*,#12736,.F.);
#12738=EDGE_LOOP('',(#12722,#12723,#12731,#12737));
#12739=FACE_BOUND('',#12738,.T.);
#12740=ADVANCED_FACE('',(#12739),#12721,.T.);
#12741=CARTESIAN_POINT('',(-30.423115093,43.5,-19.752330437));
#12742=DIRECTION('',(0.,-0.309016994,-0.951056516));
#12743=DIRECTION('',(0.,0.951056516,-0.309016994));
#12744=AXIS2_PLACEMENT_3D('',#12741,#12742,#12743);
#12745=PLANE('',#12744);
#12746=CARTESIAN_POINT('',(-38.923115093,56.,-23.81382664));
#12747=VERTEX_POINT('',#12746);
#12748=CARTESIAN_POINT('',(-38.923115093,56.,-23.81382664));
#12749=DIRECTION('',(0.,-0.951056516,0.309016994));
#12750=VECTOR('',#12749,26.286555606);
#12751=LINE('',#12748,#12750);
#12752=EDGE_CURVE('',#12747,#2214,#12751,.T.);
#12753=ORIENTED_EDGE('',*,*,#12752,.F.);
#12754=CARTESIAN_POINT('',(-30.423115093,56.,-23.81382664));
#12755=DIRECTION('',(-1.,0.,0.));
#12756=VECTOR('',#12755,8.5);
#12757=LINE('',#12754,#12756);
#12758=EDGE_CURVE('',#12725,#12747,#12757,.T.);
#12759=ORIENTED_EDGE('',*,*,#12758,.F.);
#12760=ORIENTED_EDGE('',*,*,#12730,.T.);
#12761=ORIENTED_EDGE('',*,*,#2227,.T.);
#12762=EDGE_LOOP('',(#12753,#12759,#12760,#12761));
#12763=FACE_BOUND('',#12762,.T.);
#12764=ADVANCED_FACE('',(#12763),#12745,.T.);
#12765=CARTESIAN_POINT('',(-38.923115093,0.,0.));
#12766=DIRECTION('',(1.,0.,0.));
#12767=DIRECTION('',(0.,1.,0.));
#12768=AXIS2_PLACEMENT_3D('',#12765,#12766,#12767);
#12769=PLANE('',#12768);
#12770=ORIENTED_EDGE('',*,*,#12752,.T.);
#12771=ORIENTED_EDGE('',*,*,#2219,.T.);
#12772=CARTESIAN_POINT('',(-38.923115093,56.,-22.237326749));
#12773=VERTEX_POINT('',#12772);
#12774=CARTESIAN_POINT('',(-38.923115093,56.,-22.237326749));
#12775=DIRECTION('',(0.,-0.962455236,0.27144045));
#12776=VECTOR('',#12775,25.975234019);
#12777=LINE('',#12774,#12776);
#12778=EDGE_CURVE('',#12773,#2206,#12777,.T.);
#12779=ORIENTED_EDGE('',*,*,#12778,.F.);
#12780=CARTESIAN_POINT('',(-38.923115093,56.,-23.81382664));
#12781=DIRECTION('',(0.,-0.,1.));
#12782=VECTOR('',#12781,1.576499892);
#12783=LINE('',#12780,#12782);
#12784=EDGE_CURVE('',#12747,#12773,#12783,.T.);
#12785=ORIENTED_EDGE('',*,*,#12784,.F.);
#12786=EDGE_LOOP('',(#12770,#12771,#12779,#12785));
#12787=FACE_BOUND('',#12786,.T.);
#12788=ADVANCED_FACE('',(#12787),#12769,.F.);
#12789=CARTESIAN_POINT('',(-30.423115093,43.5,-18.711962145));
#12790=DIRECTION('',(0.,-0.27144045,-0.962455236));
#12791=DIRECTION('',(0.,0.962455236,-0.27144045));
#12792=AXIS2_PLACEMENT_3D('',#12789,#12790,#12791);
#12793=PLANE('',#12792);
#12794=ORIENTED_EDGE('',*,*,#12778,.T.);
#12795=ORIENTED_EDGE('',*,*,#2211,.F.);
#12796=CARTESIAN_POINT('',(-30.423115093,56.,-22.237326749));
#12797=VERTEX_POINT('',#12796);
#12798=CARTESIAN_POINT('',(-30.423115093,56.,-22.237326749));
#12799=DIRECTION('',(0.,-0.962455236,0.27144045));
#12800=VECTOR('',#12799,25.975234019);
#12801=LINE('',#12798,#12800);
#12802=EDGE_CURVE('',#12797,#2198,#12801,.T.);
#12803=ORIENTED_EDGE('',*,*,#12802,.F.);
#12804=CARTESIAN_POINT('',(-30.423115093,56.,-22.237326749));
#12805=DIRECTION('',(-1.,0.,0.));
#12806=VECTOR('',#12805,8.5);
#12807=LINE('',#12804,#12806);
#12808=EDGE_CURVE('',#12797,#12773,#12807,.T.);
#12809=ORIENTED_EDGE('',*,*,#12808,.T.);
#12810=EDGE_LOOP('',(#12794,#12795,#12803,#12809));
#12811=FACE_BOUND('',#12810,.T.);
#12812=ADVANCED_FACE('',(#12811),#12793,.F.);
#12813=CARTESIAN_POINT('',(-30.423115093,0.,0.));
#12814=DIRECTION('',(-1.,0.,0.));
#12815=DIRECTION('',(0.,-1.,0.));
#12816=AXIS2_PLACEMENT_3D('',#12813,#12814,#12815);
#12817=PLANE('',#12816);
#12818=ORIENTED_EDGE('',*,*,#12802,.T.);
#12819=ORIENTED_EDGE('',*,*,#2203,.T.);
#12820=CARTESIAN_POINT('',(-30.423115093,56.,-20.990523467));
#12821=VERTEX_POINT('',#12820);
#12822=CARTESIAN_POINT('',(-30.423115093,56.,-20.990523467));
#12823=DIRECTION('',(0.,-0.962455236,0.27144045));
#12824=VECTOR('',#12823,25.975234019);
#12825=LINE('',#12822,#12824);
#12826=EDGE_CURVE('',#12821,#2190,#12825,.T.);
#12827=ORIENTED_EDGE('',*,*,#12826,.F.);
#12828=CARTESIAN_POINT('',(-30.423115093,56.,-22.237326749));
#12829=DIRECTION('',(0.,-0.,1.));
#12830=VECTOR('',#12829,1.246803281);
#12831=LINE('',#12828,#12830);
#12832=EDGE_CURVE('',#12797,#12821,#12831,.T.);
#12833=ORIENTED_EDGE('',*,*,#12832,.F.);
#12834=EDGE_LOOP('',(#12818,#12819,#12827,#12833));
#12835=FACE_BOUND('',#12834,.T.);
#12836=ADVANCED_FACE('',(#12835),#12817,.T.);
#12837=CARTESIAN_POINT('',(-30.423115093,43.5,-17.465158864));
#12838=DIRECTION('',(0.,-0.27144045,-0.962455236));
#12839=DIRECTION('',(0.,0.962455236,-0.27144045));
#12840=AXIS2_PLACEMENT_3D('',#12837,#12838,#12839);
#12841=PLANE('',#12840);
#12842=CARTESIAN_POINT('',(-38.923115093,56.,-20.990523467));
#12843=VERTEX_POINT('',#12842);
#12844=CARTESIAN_POINT('',(-38.923115093,56.,-20.990523467));
#12845=DIRECTION('',(0.,-0.962455236,0.27144045));
#12846=VECTOR('',#12845,25.975234019);
#12847=LINE('',#12844,#12846);
#12848=EDGE_CURVE('',#12843,#2182,#12847,.T.);
#12849=ORIENTED_EDGE('',*,*,#12848,.F.);
#12850=CARTESIAN_POINT('',(-30.423115093,56.,-20.990523467));
#12851=DIRECTION('',(-1.,0.,0.));
#12852=VECTOR('',#12851,8.5);
#12853=LINE('',#12850,#12852);
#12854=EDGE_CURVE('',#12821,#12843,#12853,.T.);
#12855=ORIENTED_EDGE('',*,*,#12854,.F.);
#12856=ORIENTED_EDGE('',*,*,#12826,.T.);
#12857=ORIENTED_EDGE('',*,*,#2195,.T.);
#12858=EDGE_LOOP('',(#12849,#12855,#12856,#12857));
#12859=FACE_BOUND('',#12858,.T.);
#12860=ADVANCED_FACE('',(#12859),#12841,.T.);
#12861=CARTESIAN_POINT('',(-38.923115093,0.,0.));
#12862=DIRECTION('',(1.,0.,0.));
#12863=DIRECTION('',(0.,1.,0.));
#12864=AXIS2_PLACEMENT_3D('',#12861,#12862,#12863);
#12865=PLANE('',#12864);
#12866=ORIENTED_EDGE('',*,*,#12848,.T.);
#12867=ORIENTED_EDGE('',*,*,#2187,.T.);
#12868=CARTESIAN_POINT('',(-38.923115093,56.,-19.46224328));
#12869=VERTEX_POINT('',#12868);
#12870=CARTESIAN_POINT('',(-38.923115093,56.,-19.46224328));
#12871=DIRECTION('',(0.,-0.97236992,0.233445364));
#12872=VECTOR('',#12871,25.710379842);
#12873=LINE('',#12870,#12872);
#12874=EDGE_CURVE('',#12869,#2174,#12873,.T.);
#12875=ORIENTED_EDGE('',*,*,#12874,.F.);
#12876=CARTESIAN_POINT('',(-38.923115093,56.,-20.990523467));
#12877=DIRECTION('',(0.,-0.,1.));
#12878=VECTOR('',#12877,1.528280187);
#12879=LINE('',#12876,#12878);
#12880=EDGE_CURVE('',#12843,#12869,#12879,.T.);
#12881=ORIENTED_EDGE('',*,*,#12880,.F.);
#12882=EDGE_LOOP('',(#12866,#12867,#12875,#12881));
#12883=FACE_BOUND('',#12882,.T.);
#12884=ADVANCED_FACE('',(#12883),#12865,.F.);
#12885=CARTESIAN_POINT('',(-30.423115093,43.5,-16.461258792));
#12886=DIRECTION('',(0.,-0.233445364,-0.97236992));
#12887=DIRECTION('',(0.,0.97236992,-0.233445364));
#12888=AXIS2_PLACEMENT_3D('',#12885,#12886,#12887);
#12889=PLANE('',#12888);
#12890=ORIENTED_EDGE('',*,*,#12874,.T.);
#12891=ORIENTED_EDGE('',*,*,#2179,.F.);
#12892=CARTESIAN_POINT('',(-30.423115093,56.,-19.46224328));
#12893=VERTEX_POINT('',#12892);
#12894=CARTESIAN_POINT('',(-30.423115093,56.,-19.46224328));
#12895=DIRECTION('',(0.,-0.97236992,0.233445364));
#12896=VECTOR('',#12895,25.710379842);
#12897=LINE('',#12894,#12896);
#12898=EDGE_CURVE('',#12893,#2166,#12897,.T.);
#12899=ORIENTED_EDGE('',*,*,#12898,.F.);
#12900=CARTESIAN_POINT('',(-30.423115093,56.,-19.46224328));
#12901=DIRECTION('',(-1.,0.,0.));
#12902=VECTOR('',#12901,8.5);
#12903=LINE('',#12900,#12902);
#12904=EDGE_CURVE('',#12893,#12869,#12903,.T.);
#12905=ORIENTED_EDGE('',*,*,#12904,.T.);
#12906=EDGE_LOOP('',(#12890,#12891,#12899,#12905));
#12907=FACE_BOUND('',#12906,.T.);
#12908=ADVANCED_FACE('',(#12907),#12889,.F.);
#12909=CARTESIAN_POINT('',(-30.423115093,0.,0.));
#12910=DIRECTION('',(-1.,0.,0.));
#12911=DIRECTION('',(0.,-1.,0.));
#12912=AXIS2_PLACEMENT_3D('',#12909,#12910,#12911);
#12913=PLANE('',#12912);
#12914=ORIENTED_EDGE('',*,*,#12898,.T.);
#12915=ORIENTED_EDGE('',*,*,#2171,.T.);
#12916=CARTESIAN_POINT('',(-30.423115093,56.,-18.228152918));
#12917=VERTEX_POINT('',#12916);
#12918=CARTESIAN_POINT('',(-30.423115093,56.,-18.228152918));
#12919=DIRECTION('',(0.,-0.97236992,0.233445364));
#12920=VECTOR('',#12919,25.710379842);
#12921=LINE('',#12918,#12920);
#12922=EDGE_CURVE('',#12917,#2158,#12921,.T.);
#12923=ORIENTED_EDGE('',*,*,#12922,.F.);
#12924=CARTESIAN_POINT('',(-30.423115093,56.,-19.46224328));
#12925=DIRECTION('',(0.,0.,1.));
#12926=VECTOR('',#12925,1.234090362);
#12927=LINE('',#12924,#12926);
#12928=EDGE_CURVE('',#12893,#12917,#12927,.T.);
#12929=ORIENTED_EDGE('',*,*,#12928,.F.);
#12930=EDGE_LOOP('',(#12914,#12915,#12923,#12929));
#12931=FACE_BOUND('',#12930,.T.);
#12932=ADVANCED_FACE('',(#12931),#12913,.T.);
#12933=CARTESIAN_POINT('',(-30.423115093,43.5,-15.22716843));
#12934=DIRECTION('',(0.,-0.233445364,-0.97236992));
#12935=DIRECTION('',(0.,0.97236992,-0.233445364));
#12936=AXIS2_PLACEMENT_3D('',#12933,#12934,#12935);
#12937=PLANE('',#12936);
#12938=CARTESIAN_POINT('',(-38.923115093,56.,-18.228152918));
#12939=VERTEX_POINT('',#12938);
#12940=CARTESIAN_POINT('',(-38.923115093,56.,-18.228152918));
#12941=DIRECTION('',(0.,-0.97236992,0.233445364));
#12942=VECTOR('',#12941,25.710379842);
#12943=LINE('',#12940,#12942);
#12944=EDGE_CURVE('',#12939,#2150,#12943,.T.);
#12945=ORIENTED_EDGE('',*,*,#12944,.F.);
#12946=CARTESIAN_POINT('',(-30.423115093,56.,-18.228152918));
#12947=DIRECTION('',(-1.,0.,0.));
#12948=VECTOR('',#12947,8.5);
#12949=LINE('',#12946,#12948);
#12950=EDGE_CURVE('',#12917,#12939,#12949,.T.);
#12951=ORIENTED_EDGE('',*,*,#12950,.F.);
#12952=ORIENTED_EDGE('',*,*,#12922,.T.);
#12953=ORIENTED_EDGE('',*,*,#2163,.T.);
#12954=EDGE_LOOP('',(#12945,#12951,#12952,#12953));
#12955=FACE_BOUND('',#12954,.T.);
#12956=ADVANCED_FACE('',(#12955),#12937,.T.);
#12957=CARTESIAN_POINT('',(-38.923115093,0.,0.));
#12958=DIRECTION('',(1.,0.,0.));
#12959=DIRECTION('',(0.,1.,0.));
#12960=AXIS2_PLACEMENT_3D('',#12957,#12958,#12959);
#12961=PLANE('',#12960);
#12962=ORIENTED_EDGE('',*,*,#12944,.T.);
#12963=ORIENTED_EDGE('',*,*,#2155,.T.);
#12964=CARTESIAN_POINT('',(-38.923115093,56.,-16.73996704));
#12965=VERTEX_POINT('',#12964);
#12966=CARTESIAN_POINT('',(-38.923115093,56.,-16.73996704));
#12967=DIRECTION('',(0.,-0.98078528,0.195090322));
#12968=VECTOR('',#12967,25.489778955);
#12969=LINE('',#12966,#12968);
#12970=EDGE_CURVE('',#12965,#2142,#12969,.T.);
#12971=ORIENTED_EDGE('',*,*,#12970,.F.);
#12972=CARTESIAN_POINT('',(-38.923115093,56.,-18.228152918));
#12973=DIRECTION('',(0.,-0.,1.));
#12974=VECTOR('',#12973,1.488185878);
#12975=LINE('',#12972,#12974);
#12976=EDGE_CURVE('',#12939,#12965,#12975,.T.);
#12977=ORIENTED_EDGE('',*,*,#12976,.F.);
#12978=EDGE_LOOP('',(#12962,#12963,#12971,#12977));
#12979=FACE_BOUND('',#12978,.T.);
#12980=ADVANCED_FACE('',(#12979),#12961,.F.);
#12981=CARTESIAN_POINT('',(-30.423115093,43.5,-14.253562448));
#12982=DIRECTION('',(0.,-0.195090322,-0.98078528));
#12983=DIRECTION('',(0.,0.98078528,-0.195090322));
#12984=AXIS2_PLACEMENT_3D('',#12981,#12982,#12983);
#12985=PLANE('',#12984);
#12986=ORIENTED_EDGE('',*,*,#12970,.T.);
#12987=ORIENTED_EDGE('',*,*,#2147,.F.);
#12988=CARTESIAN_POINT('',(-30.423115093,56.,-16.73996704));
#12989=VERTEX_POINT('',#12988);
#12990=CARTESIAN_POINT('',(-30.423115093,56.,-16.73996704));
#12991=DIRECTION('',(0.,-0.98078528,0.195090322));
#12992=VECTOR('',#12991,25.489778955);
#12993=LINE('',#12990,#12992);
#12994=EDGE_CURVE('',#12989,#2134,#12993,.T.);
#12995=ORIENTED_EDGE('',*,*,#12994,.F.);
#12996=CARTESIAN_POINT('',(-30.423115093,56.,-16.73996704));
#12997=DIRECTION('',(-1.,0.,0.));
#12998=VECTOR('',#12997,8.5);
#12999=LINE('',#12996,#12998);
#13000=EDGE_CURVE('',#12989,#12965,#12999,.T.);
#13001=ORIENTED_EDGE('',*,*,#13000,.T.);
#13002=EDGE_LOOP('',(#12986,#12987,#12995,#13001));
#13003=FACE_BOUND('',#13002,.T.);
#13004=ADVANCED_FACE('',(#13003),#12985,.F.);
#13005=CARTESIAN_POINT('',(-30.423115093,0.,0.));
#13006=DIRECTION('',(-1.,0.,0.));
#13007=DIRECTION('',(0.,-1.,0.));
#13008=AXIS2_PLACEMENT_3D('',#13005,#13006,#13007);
#13009=PLANE('',#13008);
#13010=ORIENTED_EDGE('',*,*,#12994,.T.);
#13011=ORIENTED_EDGE('',*,*,#2139,.T.);
#13012=CARTESIAN_POINT('',(-30.423115093,56.,-15.516465454));
#13013=VERTEX_POINT('',#13012);
#13014=CARTESIAN_POINT('',(-30.423115093,56.,-15.516465454));
#13015=DIRECTION('',(0.,-0.98078528,0.195090322));
#13016=VECTOR('',#13015,25.489778955);
#13017=LINE('',#13014,#13016);
#13018=EDGE_CURVE('',#13013,#2126,#13017,.T.);
#13019=ORIENTED_EDGE('',*,*,#13018,.F.);
#13020=CARTESIAN_POINT('',(-30.423115093,56.,-16.73996704));
#13021=DIRECTION('',(0.,0.,1.));
#13022=VECTOR('',#13021,1.223501587);
#13023=LINE('',#13020,#13022);
#13024=EDGE_CURVE('',#12989,#13013,#13023,.T.);
#13025=ORIENTED_EDGE('',*,*,#13024,.F.);
#13026=EDGE_LOOP('',(#13010,#13011,#13019,#13025));
#13027=FACE_BOUND('',#13026,.T.);
#13028=ADVANCED_FACE('',(#13027),#13009,.T.);
#13029=CARTESIAN_POINT('',(-30.423115093,43.5,-13.030060861));
#13030=DIRECTION('',(0.,-0.195090322,-0.98078528));
#13031=DIRECTION('',(0.,0.98078528,-0.195090322));
#13032=AXIS2_PLACEMENT_3D('',#13029,#13030,#13031);
#13033=PLANE('',#13032);
#13034=CARTESIAN_POINT('',(-38.923115093,56.,-15.516465454));
#13035=VERTEX_POINT('',#13034);
#13036=CARTESIAN_POINT('',(-38.923115093,56.,-15.516465454));
#13037=DIRECTION('',(0.,-0.98078528,0.195090322));
#13038=VECTOR('',#13037,25.489778955);
#13039=LINE('',#13036,#13038);
#13040=EDGE_CURVE('',#13035,#2118,#13039,.T.);
#13041=ORIENTED_EDGE('',*,*,#13040,.F.);
#13042=CARTESIAN_POINT('',(-30.423115093,56.,-15.516465454));
#13043=DIRECTION('',(-1.,0.,0.));
#13044=VECTOR('',#13043,8.5);
#13045=LINE('',#13042,#13044);
#13046=EDGE_CURVE('',#13013,#13035,#13045,.T.);
#13047=ORIENTED_EDGE('',*,*,#13046,.F.);
#13048=ORIENTED_EDGE('',*,*,#13018,.T.);
#13049=ORIENTED_EDGE('',*,*,#2131,.T.);
#13050=EDGE_LOOP('',(#13041,#13047,#13048,#13049));
#13051=FACE_BOUND('',#13050,.T.);
#13052=ADVANCED_FACE('',(#13051),#13033,.T.);
#13053=CARTESIAN_POINT('',(-38.923115093,0.,0.));
#13054=DIRECTION('',(1.,0.,0.));
#13055=DIRECTION('',(0.,1.,0.));
#13056=AXIS2_PLACEMENT_3D('',#13053,#13054,#13055);
#13057=PLANE('',#13056);
#13058=ORIENTED_EDGE('',*,*,#13040,.T.);
#13059=ORIENTED_EDGE('',*,*,#2123,.T.);
#13060=CARTESIAN_POINT('',(-38.923115093,56.,-14.060848263));
#13061=VERTEX_POINT('',#13060);
#13062=CARTESIAN_POINT('',(-38.923115093,56.,-14.060848263));
#13063=DIRECTION('',(0.,-0.987688341,0.156434465));
#13064=VECTOR('',#13063,25.311628145);
#13065=LINE('',#13062,#13064);
#13066=EDGE_CURVE('',#13061,#2110,#13065,.T.);
#13067=ORIENTED_EDGE('',*,*,#13066,.F.);
#13068=CARTESIAN_POINT('',(-38.923115093,56.,-15.516465454));
#13069=DIRECTION('',(0.,-0.,1.));
#13070=VECTOR('',#13069,1.455617191);
#13071=LINE('',#13068,#13070);
#13072=EDGE_CURVE('',#13035,#13061,#13071,.T.);
#13073=ORIENTED_EDGE('',*,*,#13072,.F.);
#13074=EDGE_LOOP('',(#13058,#13059,#13067,#13073));
#13075=FACE_BOUND('',#13074,.T.);
#13076=ADVANCED_FACE('',(#13075),#13057,.F.);
#13077=CARTESIAN_POINT('',(-30.423115093,43.5,-12.081042759));
#13078=DIRECTION('',(0.,-0.156434465,-0.987688341));
#13079=DIRECTION('',(0.,0.987688341,-0.156434465));
#13080=AXIS2_PLACEMENT_3D('',#13077,#13078,#13079);
#13081=PLANE('',#13080);
#13082=ORIENTED_EDGE('',*,*,#13066,.T.);
#13083=ORIENTED_EDGE('',*,*,#2115,.F.);
#13084=CARTESIAN_POINT('',(-30.423115093,56.,-14.060848263));
#13085=VERTEX_POINT('',#13084);
#13086=CARTESIAN_POINT('',(-30.423115093,56.,-14.060848263));
#13087=DIRECTION('',(0.,-0.987688341,0.156434465));
#13088=VECTOR('',#13087,25.311628145);
#13089=LINE('',#13086,#13088);
#13090=EDGE_CURVE('',#13085,#2102,#13089,.T.);
#13091=ORIENTED_EDGE('',*,*,#13090,.F.);
#13092=CARTESIAN_POINT('',(-30.423115093,56.,-14.060848263));
#13093=DIRECTION('',(-1.,0.,0.));
#13094=VECTOR('',#13093,8.5);
#13095=LINE('',#13092,#13094);
#13096=EDGE_CURVE('',#13085,#13061,#13095,.T.);
#13097=ORIENTED_EDGE('',*,*,#13096,.T.);
#13098=EDGE_LOOP('',(#13082,#13083,#13091,#13097));
#13099=FACE_BOUND('',#13098,.T.);
#13100=ADVANCED_FACE('',(#13099),#13081,.F.);
#13101=CARTESIAN_POINT('',(-30.423115093,0.,0.));
#13102=DIRECTION('',(-1.,0.,0.));
#13103=DIRECTION('',(0.,-1.,0.));
#13104=AXIS2_PLACEMENT_3D('',#13101,#13102,#13103);
#13105=PLANE('',#13104);
#13106=ORIENTED_EDGE('',*,*,#13090,.T.);
#13107=ORIENTED_EDGE('',*,*,#2107,.T.);
#13108=CARTESIAN_POINT('',(-30.423115093,56.,-12.84589786));
#13109=VERTEX_POINT('',#13108);
#13110=CARTESIAN_POINT('',(-30.423115093,56.,-12.84589786));
#13111=DIRECTION('',(0.,-0.987688341,0.156434465));
#13112=VECTOR('',#13111,25.311628145);
#13113=LINE('',#13110,#13112);
#13114=EDGE_CURVE('',#13109,#2094,#13113,.T.);
#13115=ORIENTED_EDGE('',*,*,#13114,.F.);
#13116=CARTESIAN_POINT('',(-30.423115093,56.,-14.060848263));
#13117=DIRECTION('',(0.,0.,1.));
#13118=VECTOR('',#13117,1.214950402);
#13119=LINE('',#13116,#13118);
#13120=EDGE_CURVE('',#13085,#13109,#13119,.T.);
#13121=ORIENTED_EDGE('',*,*,#13120,.F.);
#13122=EDGE_LOOP('',(#13106,#13107,#13115,#13121));
#13123=FACE_BOUND('',#13122,.T.);
#13124=ADVANCED_FACE('',(#13123),#13105,.T.);
#13125=CARTESIAN_POINT('',(-30.423115093,43.5,-10.866092356));
#13126=DIRECTION('',(0.,-0.156434465,-0.987688341));
#13127=DIRECTION('',(0.,0.987688341,-0.156434465));
#13128=AXIS2_PLACEMENT_3D('',#13125,#13126,#13127);
#13129=PLANE('',#13128);
#13130=CARTESIAN_POINT('',(-38.923115093,56.,-12.84589786));
#13131=VERTEX_POINT('',#13130);
#13132=CARTESIAN_POINT('',(-38.923115093,56.,-12.84589786));
#13133=DIRECTION('',(0.,-0.987688341,0.156434465));
#13134=VECTOR('',#13133,25.311628145);
#13135=LINE('',#13132,#13134);
#13136=EDGE_CURVE('',#13131,#2086,#13135,.T.);
#13137=ORIENTED_EDGE('',*,*,#13136,.F.);
#13138=CARTESIAN_POINT('',(-30.423115093,56.,-12.84589786));
#13139=DIRECTION('',(-1.,0.,0.));
#13140=VECTOR('',#13139,8.5);
#13141=LINE('',#13138,#13140);
#13142=EDGE_CURVE('',#13109,#13131,#13141,.T.);
#13143=ORIENTED_EDGE('',*,*,#13142,.F.);
#13144=ORIENTED_EDGE('',*,*,#13114,.T.);
#13145=ORIENTED_EDGE('',*,*,#2099,.T.);
#13146=EDGE_LOOP('',(#13137,#13143,#13144,#13145));
#13147=FACE_BOUND('',#13146,.T.);
#13148=ADVANCED_FACE('',(#13147),#13129,.T.);
#13149=CARTESIAN_POINT('',(-38.923115093,0.,0.));
#13150=DIRECTION('',(1.,0.,0.));
#13151=DIRECTION('',(0.,1.,0.));
#13152=AXIS2_PLACEMENT_3D('',#13149,#13150,#13151);
#13153=PLANE('',#13152);
#13154=ORIENTED_EDGE('',*,*,#13136,.T.);
#13155=ORIENTED_EDGE('',*,*,#2091,.T.);
#13156=CARTESIAN_POINT('',(-38.923115093,56.,-11.415798878));
#13157=VERTEX_POINT('',#13156);
#13158=CARTESIAN_POINT('',(-38.923115093,56.,-11.415798878));
#13159=DIRECTION('',(0.,-0.993068457,0.117537397));
#13160=VECTOR('',#13159,25.174498117);
#13161=LINE('',#13158,#13160);
#13162=EDGE_CURVE('',#13157,#2078,#13161,.T.);
#13163=ORIENTED_EDGE('',*,*,#13162,.F.);
#13164=CARTESIAN_POINT('',(-38.923115093,56.,-12.84589786));
#13165=DIRECTION('',(0.,-0.,1.));
#13166=VECTOR('',#13165,1.430098982);
#13167=LINE('',#13164,#13166);
#13168=EDGE_CURVE('',#13131,#13157,#13167,.T.);
#13169=ORIENTED_EDGE('',*,*,#13168,.F.);
#13170=EDGE_LOOP('',(#13154,#13155,#13163,#13169));
#13171=FACE_BOUND('',#13170,.T.);
#13172=ADVANCED_FACE('',(#13171),#13153,.F.);
#13173=CARTESIAN_POINT('',(-30.423115093,43.5,-9.936326382));
#13174=DIRECTION('',(0.,-0.117537397,-0.993068457));
#13175=DIRECTION('',(0.,0.993068457,-0.117537397));
#13176=AXIS2_PLACEMENT_3D('',#13173,#13174,#13175);
#13177=PLANE('',#13176);
#13178=ORIENTED_EDGE('',*,*,#13162,.T.);
#13179=ORIENTED_EDGE('',*,*,#2083,.F.);
#13180=CARTESIAN_POINT('',(-30.423115093,56.,-11.415798878));
#13181=VERTEX_POINT('',#13180);
#13182=CARTESIAN_POINT('',(-30.423115093,56.,-11.415798878));
#13183=DIRECTION('',(0.,-0.993068457,0.117537397));
#13184=VECTOR('',#13183,25.174498117);
#13185=LINE('',#13182,#13184);
#13186=EDGE_CURVE('',#13181,#2070,#13185,.T.);
#13187=ORIENTED_EDGE('',*,*,#13186,.F.);
#13188=CARTESIAN_POINT('',(-30.423115093,56.,-11.415798878));
#13189=DIRECTION('',(-1.,0.,0.));
#13190=VECTOR('',#13189,8.5);
#13191=LINE('',#13188,#13190);
#13192=EDGE_CURVE('',#13181,#13157,#13191,.T.);
#13193=ORIENTED_EDGE('',*,*,#13192,.T.);
#13194=EDGE_LOOP('',(#13178,#13179,#13187,#13193));
#13195=FACE_BOUND('',#13194,.T.);
#13196=ADVANCED_FACE('',(#13195),#13177,.F.);
#13197=CARTESIAN_POINT('',(-30.423115093,0.,0.));
#13198=DIRECTION('',(-1.,0.,0.));
#13199=DIRECTION('',(0.,-1.,0.));
#13200=AXIS2_PLACEMENT_3D('',#13197,#13198,#13199);
#13201=PLANE('',#13200);
#13202=ORIENTED_EDGE('',*,*,#13186,.T.);
#13203=ORIENTED_EDGE('',*,*,#2075,.T.);
#13204=CARTESIAN_POINT('',(-30.423115093,56.,-10.207430675));
#13205=VERTEX_POINT('',#13204);
#13206=CARTESIAN_POINT('',(-30.423115093,56.,-10.207430675));
#13207=DIRECTION('',(0.,-0.993068457,0.117537397));
#13208=VECTOR('',#13207,25.174498117);
#13209=LINE('',#13206,#13208);
#13210=EDGE_CURVE('',#13205,#2062,#13209,.T.);
#13211=ORIENTED_EDGE('',*,*,#13210,.F.);
#13212=CARTESIAN_POINT('',(-30.423115093,56.,-11.415798878));
#13213=DIRECTION('',(0.,0.,1.));
#13214=VECTOR('',#13213,1.208368203);
#13215=LINE('',#13212,#13214);
#13216=EDGE_CURVE('',#13181,#13205,#13215,.T.);
#13217=ORIENTED_EDGE('',*,*,#13216,.F.);
#13218=EDGE_LOOP('',(#13202,#13203,#13211,#13217));
#13219=FACE_BOUND('',#13218,.T.);
#13220=ADVANCED_FACE('',(#13219),#13201,.T.);
#13221=CARTESIAN_POINT('',(-30.423115093,43.5,-8.727958179));
#13222=DIRECTION('',(0.,-0.117537397,-0.993068457));
#13223=DIRECTION('',(0.,0.993068457,-0.117537397));
#13224=AXIS2_PLACEMENT_3D('',#13221,#13222,#13223);
#13225=PLANE('',#13224);
#13226=CARTESIAN_POINT('',(-38.923115093,56.,-10.207430675));
#13227=VERTEX_POINT('',#13226);
#13228=CARTESIAN_POINT('',(-38.923115093,56.,-10.207430675));
#13229=DIRECTION('',(0.,-0.993068457,0.117537397));
#13230=VECTOR('',#13229,25.174498117);
#13231=LINE('',#13228,#13230);
#13232=EDGE_CURVE('',#13227,#2054,#13231,.T.);
#13233=ORIENTED_EDGE('',*,*,#13232,.F.);
#13234=CARTESIAN_POINT('',(-30.423115093,56.,-10.207430675));
#13235=DIRECTION('',(-1.,0.,0.));
#13236=VECTOR('',#13235,8.5);
#13237=LINE('',#13234,#13236);
#13238=EDGE_CURVE('',#13205,#13227,#13237,.T.);
#13239=ORIENTED_EDGE('',*,*,#13238,.F.);
#13240=ORIENTED_EDGE('',*,*,#13210,.T.);
#13241=ORIENTED_EDGE('',*,*,#2067,.T.);
#13242=EDGE_LOOP('',(#13233,#13239,#13240,#13241));
#13243=FACE_BOUND('',#13242,.T.);
#13244=ADVANCED_FACE('',(#13243),#13225,.T.);
#13245=CARTESIAN_POINT('',(-38.923115093,0.,0.));
#13246=DIRECTION('',(1.,0.,0.));
#13247=DIRECTION('',(0.,1.,0.));
#13248=AXIS2_PLACEMENT_3D('',#13245,#13246,#13247);
#13249=PLANE('',#13248);
#13250=ORIENTED_EDGE('',*,*,#13232,.T.);
#13251=ORIENTED_EDGE('',*,*,#2059,.T.);
#13252=CARTESIAN_POINT('',(-38.923115093,56.,-8.796164131));
#13253=VERTEX_POINT('',#13252);
#13254=CARTESIAN_POINT('',(-38.923115093,56.,-8.796164131));
#13255=DIRECTION('',(0.,-0.996917334,0.078459096));
#13256=VECTOR('',#13255,25.077304962);
#13257=LINE('',#13254,#13256);
#13258=EDGE_CURVE('',#13253,#2046,#13257,.T.);
#13259=ORIENTED_EDGE('',*,*,#13258,.F.);
#13260=CARTESIAN_POINT('',(-38.923115093,56.,-10.207430675));
#13261=DIRECTION('',(0.,-0.,1.));
#13262=VECTOR('',#13261,1.411266544);
#13263=LINE('',#13260,#13262);
#13264=EDGE_CURVE('',#13227,#13253,#13263,.T.);
#13265=ORIENTED_EDGE('',*,*,#13264,.F.);
#13266=EDGE_LOOP('',(#13250,#13251,#13259,#13265));
#13267=FACE_BOUND('',#13266,.T.);
#13268=ADVANCED_FACE('',(#13267),#13249,.F.);
#13269=CARTESIAN_POINT('',(-30.423115093,43.5,-7.812392796));
#13270=DIRECTION('',(0.,-0.078459096,-0.996917334));
#13271=DIRECTION('',(0.,0.996917334,-0.078459096));
#13272=AXIS2_PLACEMENT_3D('',#13269,#13270,#13271);
#13273=PLANE('',#13272);
#13274=ORIENTED_EDGE('',*,*,#13258,.T.);
#13275=ORIENTED_EDGE('',*,*,#2051,.F.);
#13276=CARTESIAN_POINT('',(-30.423115093,56.,-8.796164131));
#13277=VERTEX_POINT('',#13276);
#13278=CARTESIAN_POINT('',(-30.423115093,56.,-8.796164131));
#13279=DIRECTION('',(0.,-0.996917334,0.078459096));
#13280=VECTOR('',#13279,25.077304962);
#13281=LINE('',#13278,#13280);
#13282=EDGE_CURVE('',#13277,#2038,#13281,.T.);
#13283=ORIENTED_EDGE('',*,*,#13282,.F.);
#13284=CARTESIAN_POINT('',(-30.423115093,56.,-8.796164131));
#13285=DIRECTION('',(-1.,0.,0.));
#13286=VECTOR('',#13285,8.5);
#13287=LINE('',#13284,#13286);
#13288=EDGE_CURVE('',#13277,#13253,#13287,.T.);
#13289=ORIENTED_EDGE('',*,*,#13288,.T.);
#13290=EDGE_LOOP('',(#13274,#13275,#13283,#13289));
#13291=FACE_BOUND('',#13290,.T.);
#13292=ADVANCED_FACE('',(#13291),#13273,.F.);
#13293=CARTESIAN_POINT('',(-30.423115093,0.,0.));
#13294=DIRECTION('',(-1.,0.,0.));
#13295=DIRECTION('',(0.,-1.,0.));
#13296=AXIS2_PLACEMENT_3D('',#13293,#13294,#13295);
#13297=PLANE('',#13296);
#13298=ORIENTED_EDGE('',*,*,#13282,.T.);
#13299=ORIENTED_EDGE('',*,*,#2043,.T.);
#13300=CARTESIAN_POINT('',(-30.423115093,56.,-7.59246117));
#13301=VERTEX_POINT('',#13300);
#13302=CARTESIAN_POINT('',(-30.423115093,56.,-7.59246117));
#13303=DIRECTION('',(0.,-0.996917334,0.078459096));
#13304=VECTOR('',#13303,25.077304962);
#13305=LINE('',#13302,#13304);
#13306=EDGE_CURVE('',#13301,#2030,#13305,.T.);
#13307=ORIENTED_EDGE('',*,*,#13306,.F.);
#13308=CARTESIAN_POINT('',(-30.423115093,56.,-8.796164131));
#13309=DIRECTION('',(0.,0.,1.));
#13310=VECTOR('',#13309,1.203702961);
#13311=LINE('',#13308,#13310);
#13312=EDGE_CURVE('',#13277,#13301,#13311,.T.);
#13313=ORIENTED_EDGE('',*,*,#13312,.F.);
#13314=EDGE_LOOP('',(#13298,#13299,#13307,#13313));
#13315=FACE_BOUND('',#13314,.T.);
#13316=ADVANCED_FACE('',(#13315),#13297,.T.);
#13317=CARTESIAN_POINT('',(-30.423115093,43.5,-6.608689834));
#13318=DIRECTION('',(0.,-0.078459096,-0.996917334));
#13319=DIRECTION('',(0.,0.996917334,-0.078459096));
#13320=AXIS2_PLACEMENT_3D('',#13317,#13318,#13319);
#13321=PLANE('',#13320);
#13322=CARTESIAN_POINT('',(-38.923115093,56.,-7.59246117));
#13323=VERTEX_POINT('',#13322);
#13324=CARTESIAN_POINT('',(-38.923115093,56.,-7.59246117));
#13325=DIRECTION('',(0.,-0.996917334,0.078459096));
#13326=VECTOR('',#13325,25.077304962);
#13327=LINE('',#13324,#13326);
#13328=EDGE_CURVE('',#13323,#2022,#13327,.T.);
#13329=ORIENTED_EDGE('',*,*,#13328,.F.);
#13330=CARTESIAN_POINT('',(-30.423115093,56.,-7.59246117));
#13331=DIRECTION('',(-1.,0.,0.));
#13332=VECTOR('',#13331,8.5);
#13333=LINE('',#13330,#13332);
#13334=EDGE_CURVE('',#13301,#13323,#13333,.T.);
#13335=ORIENTED_EDGE('',*,*,#13334,.F.);
#13336=ORIENTED_EDGE('',*,*,#13306,.T.);
#13337=ORIENTED_EDGE('',*,*,#2035,.T.);
#13338=EDGE_LOOP('',(#13329,#13335,#13336,#13337));
#13339=FACE_BOUND('',#13338,.T.);
#13340=ADVANCED_FACE('',(#13339),#13321,.T.);
#13341=CARTESIAN_POINT('',(-38.923115093,0.,0.));
#13342=DIRECTION('',(1.,0.,0.));
#13343=DIRECTION('',(0.,1.,0.));
#13344=AXIS2_PLACEMENT_3D('',#13341,#13342,#13343);
#13345=PLANE('',#13344);
#13346=CARTESIAN_POINT('',(-38.923115093,56.,-6.193606168));
#13347=VERTEX_POINT('',#13346);
#13348=CARTESIAN_POINT('',(-38.923115093,56.,-6.193606168));
#13349=DIRECTION('',(0.,-0.999229036,0.039259816));
#13350=VECTOR('',#13349,25.019288965);
#13351=LINE('',#13348,#13350);
#13352=EDGE_CURVE('',#13347,#2014,#13351,.T.);
#13353=ORIENTED_EDGE('',*,*,#13352,.F.);
#13354=CARTESIAN_POINT('',(-38.923115093,56.,-7.59246117));
#13355=DIRECTION('',(0.,-0.,1.));
#13356=VECTOR('',#13355,1.398855002);
#13357=LINE('',#13354,#13356);
#13358=EDGE_CURVE('',#13323,#13347,#13357,.T.);
#13359=ORIENTED_EDGE('',*,*,#13358,.F.);
#13360=ORIENTED_EDGE('',*,*,#13328,.T.);
#13361=ORIENTED_EDGE('',*,*,#2027,.T.);
#13362=EDGE_LOOP('',(#13353,#13359,#13360,#13361));
#13363=FACE_BOUND('',#13362,.T.);
#13364=ADVANCED_FACE('',(#13363),#13345,.F.);
#13365=CARTESIAN_POINT('',(-30.423115093,43.5,-5.702479831));
#13366=DIRECTION('',(0.,-0.039259816,-0.999229036));
#13367=DIRECTION('',(0.,0.999229036,-0.039259816));
#13368=AXIS2_PLACEMENT_3D('',#13365,#13366,#13367);
#13369=PLANE('',#13368);
#13370=ORIENTED_EDGE('',*,*,#13352,.T.);
#13371=ORIENTED_EDGE('',*,*,#2019,.F.);
#13372=CARTESIAN_POINT('',(-30.423115093,56.,-6.193606168));
#13373=VERTEX_POINT('',#13372);
#13374=CARTESIAN_POINT('',(-30.423115093,56.,-6.193606168));
#13375=DIRECTION('',(0.,-0.999229036,0.039259816));
#13376=VECTOR('',#13375,25.019288965);
#13377=LINE('',#13374,#13376);
#13378=EDGE_CURVE('',#13373,#2006,#13377,.T.);
#13379=ORIENTED_EDGE('',*,*,#13378,.F.);
#13380=CARTESIAN_POINT('',(-30.423115093,56.,-6.193606168));
#13381=DIRECTION('',(-1.,0.,0.));
#13382=VECTOR('',#13381,8.5);
#13383=LINE('',#13380,#13382);
#13384=EDGE_CURVE('',#13373,#13347,#13383,.T.);
#13385=ORIENTED_EDGE('',*,*,#13384,.T.);
#13386=EDGE_LOOP('',(#13370,#13371,#13379,#13385));
#13387=FACE_BOUND('',#13386,.T.);
#13388=ADVANCED_FACE('',(#13387),#13369,.F.);
#13389=CARTESIAN_POINT('',(-30.423115093,0.,0.));
#13390=DIRECTION('',(-1.,0.,0.));
#13391=DIRECTION('',(0.,-1.,0.));
#13392=AXIS2_PLACEMENT_3D('',#13389,#13390,#13391);
#13393=PLANE('',#13392);
#13394=ORIENTED_EDGE('',*,*,#13378,.T.);
#13395=ORIENTED_EDGE('',*,*,#2011,.T.);
#13396=CARTESIAN_POINT('',(-30.423115093,56.,-4.992687957));
#13397=VERTEX_POINT('',#13396);
#13398=CARTESIAN_POINT('',(-30.423115093,56.,-4.992687957));
#13399=DIRECTION('',(0.,-0.999229036,0.039259816));
#13400=VECTOR('',#13399,25.019288965);
#13401=LINE('',#13398,#13400);
#13402=EDGE_CURVE('',#13397,#1998,#13401,.T.);
#13403=ORIENTED_EDGE('',*,*,#13402,.F.);
#13404=CARTESIAN_POINT('',(-30.423115093,56.,-6.193606168));
#13405=DIRECTION('',(0.,0.,1.));
#13406=VECTOR('',#13405,1.200918211);
#13407=LINE('',#13404,#13406);
#13408=EDGE_CURVE('',#13373,#13397,#13407,.T.);
#13409=ORIENTED_EDGE('',*,*,#13408,.F.);
#13410=EDGE_LOOP('',(#13394,#13395,#13403,#13409));
#13411=FACE_BOUND('',#13410,.T.);
#13412=ADVANCED_FACE('',(#13411),#13393,.T.);
#13413=CARTESIAN_POINT('',(-30.423115093,43.5,-4.501561619));
#13414=DIRECTION('',(0.,-0.039259816,-0.999229036));
#13415=DIRECTION('',(0.,0.999229036,-0.039259816));
#13416=AXIS2_PLACEMENT_3D('',#13413,#13414,#13415);
#13417=PLANE('',#13416);
#13418=CARTESIAN_POINT('',(-38.923115093,56.,-4.992687957));
#13419=VERTEX_POINT('',#13418);
#13420=CARTESIAN_POINT('',(-38.923115093,56.,-4.992687957));
#13421=DIRECTION('',(0.,-0.999229036,0.039259816));
#13422=VECTOR('',#13421,25.019288965);
#13423=LINE('',#13420,#13422);
#13424=EDGE_CURVE('',#13419,#1990,#13423,.T.);
#13425=ORIENTED_EDGE('',*,*,#13424,.F.);
#13426=CARTESIAN_POINT('',(-30.423115093,56.,-4.992687957));
#13427=DIRECTION('',(-1.,0.,0.));
#13428=VECTOR('',#13427,8.5);
#13429=LINE('',#13426,#13428);
#13430=EDGE_CURVE('',#13397,#13419,#13429,.T.);
#13431=ORIENTED_EDGE('',*,*,#13430,.F.);
#13432=ORIENTED_EDGE('',*,*,#13402,.T.);
#13433=ORIENTED_EDGE('',*,*,#2003,.T.);
#13434=EDGE_LOOP('',(#13425,#13431,#13432,#13433));
#13435=FACE_BOUND('',#13434,.T.);
#13436=ADVANCED_FACE('',(#13435),#13417,.T.);
#13437=CARTESIAN_POINT('',(-38.923115093,0.,0.));
#13438=DIRECTION('',(1.,0.,0.));
#13439=DIRECTION('',(0.,1.,0.));
#13440=AXIS2_PLACEMENT_3D('',#13437,#13438,#13439);
#13441=PLANE('',#13440);
#13442=ORIENTED_EDGE('',*,*,#13424,.T.);
#13443=ORIENTED_EDGE('',*,*,#1995,.T.);
#13444=CARTESIAN_POINT('',(-38.923115093,56.,-3.599996173));
#13445=VERTEX_POINT('',#13444);
#13446=CARTESIAN_POINT('',(-38.923115093,56.,-3.599996173));
#13447=DIRECTION('',(0.,-1.,0.));
#13448=VECTOR('',#13447,25.);
#13449=LINE('',#13446,#13448);
#13450=EDGE_CURVE('',#13445,#1982,#13449,.T.);
#13451=ORIENTED_EDGE('',*,*,#13450,.F.);
#13452=CARTESIAN_POINT('',(-38.923115093,56.,-4.992687957));
#13453=DIRECTION('',(0.,-0.,1.));
#13454=VECTOR('',#13453,1.392691783);
#13455=LINE('',#13452,#13454);
#13456=EDGE_CURVE('',#13419,#13445,#13455,.T.);
#13457=ORIENTED_EDGE('',*,*,#13456,.F.);
#13458=EDGE_LOOP('',(#13442,#13443,#13451,#13457));
#13459=FACE_BOUND('',#13458,.T.);
#13460=ADVANCED_FACE('',(#13459),#13441,.F.);
#13461=CARTESIAN_POINT('',(-30.423115093,43.5,-3.599996173));
#13462=DIRECTION('',(0.,-0.,-1.));
#13463=DIRECTION('',(0.,1.,-0.));
#13464=AXIS2_PLACEMENT_3D('',#13461,#13462,#13463);
#13465=PLANE('',#13464);
#13466=ORIENTED_EDGE('',*,*,#13450,.T.);
#13467=ORIENTED_EDGE('',*,*,#1987,.F.);
#13468=CARTESIAN_POINT('',(-30.423115093,56.,-3.599996173));
#13469=VERTEX_POINT('',#13468);
#13470=CARTESIAN_POINT('',(-30.423115093,56.,-3.599996173));
#13471=DIRECTION('',(0.,-1.,0.));
#13472=VECTOR('',#13471,25.);
#13473=LINE('',#13470,#13472);
#13474=EDGE_CURVE('',#13469,#1974,#13473,.T.);
#13475=ORIENTED_EDGE('',*,*,#13474,.F.);
#13476=CARTESIAN_POINT('',(-30.423115093,56.,-3.599996173));
#13477=DIRECTION('',(-1.,0.,0.));
#13478=VECTOR('',#13477,8.5);
#13479=LINE('',#13476,#13478);
#13480=EDGE_CURVE('',#13469,#13445,#13479,.T.);
#13481=ORIENTED_EDGE('',*,*,#13480,.T.);
#13482=EDGE_LOOP('',(#13466,#13467,#13475,#13481));
#13483=FACE_BOUND('',#13482,.T.);
#13484=ADVANCED_FACE('',(#13483),#13465,.F.);
#13485=CARTESIAN_POINT('',(-30.423115093,0.,0.));
#13486=DIRECTION('',(-1.,0.,0.));
#13487=DIRECTION('',(0.,-1.,0.));
#13488=AXIS2_PLACEMENT_3D('',#13485,#13486,#13487);
#13489=PLANE('',#13488);
#13490=ORIENTED_EDGE('',*,*,#13474,.T.);
#13491=ORIENTED_EDGE('',*,*,#1979,.T.);
#13492=CARTESIAN_POINT('',(-30.423115093,56.,-2.400003827));
#13493=VERTEX_POINT('',#13492);
#13494=CARTESIAN_POINT('',(-30.423115093,56.,-2.400003827));
#13495=DIRECTION('',(0.,-1.,-0.));
#13496=VECTOR('',#13495,25.);
#13497=LINE('',#13494,#13496);
#13498=EDGE_CURVE('',#13493,#1966,#13497,.T.);
#13499=ORIENTED_EDGE('',*,*,#13498,.F.);
#13500=CARTESIAN_POINT('',(-30.423115093,56.,-3.599996173));
#13501=DIRECTION('',(0.,0.,1.));
#13502=VECTOR('',#13501,1.199992347);
#13503=LINE('',#13500,#13502);
#13504=EDGE_CURVE('',#13469,#13493,#13503,.T.);
#13505=ORIENTED_EDGE('',*,*,#13504,.F.);
#13506=EDGE_LOOP('',(#13490,#13491,#13499,#13505));
#13507=FACE_BOUND('',#13506,.T.);
#13508=ADVANCED_FACE('',(#13507),#13489,.T.);
#13509=CARTESIAN_POINT('',(-30.423115093,43.5,-2.400003827));
#13510=DIRECTION('',(0.,0.,-1.));
#13511=DIRECTION('',(0.,1.,0.));
#13512=AXIS2_PLACEMENT_3D('',#13509,#13510,#13511);
#13513=PLANE('',#13512);
#13514=CARTESIAN_POINT('',(-38.923115093,56.,-2.400003827));
#13515=VERTEX_POINT('',#13514);
#13516=CARTESIAN_POINT('',(-38.923115093,56.,-2.400003827));
#13517=DIRECTION('',(0.,-1.,-0.));
#13518=VECTOR('',#13517,25.);
#13519=LINE('',#13516,#13518);
#13520=EDGE_CURVE('',#13515,#1958,#13519,.T.);
#13521=ORIENTED_EDGE('',*,*,#13520,.F.);
#13522=CARTESIAN_POINT('',(-30.423115093,56.,-2.400003827));
#13523=DIRECTION('',(-1.,0.,0.));
#13524=VECTOR('',#13523,8.5);
#13525=LINE('',#13522,#13524);
#13526=EDGE_CURVE('',#13493,#13515,#13525,.T.);
#13527=ORIENTED_EDGE('',*,*,#13526,.F.);
#13528=ORIENTED_EDGE('',*,*,#13498,.T.);
#13529=ORIENTED_EDGE('',*,*,#1971,.T.);
#13530=EDGE_LOOP('',(#13521,#13527,#13528,#13529));
#13531=FACE_BOUND('',#13530,.T.);
#13532=ADVANCED_FACE('',(#13531),#13513,.T.);
#13533=CARTESIAN_POINT('',(-38.923115093,0.,0.));
#13534=DIRECTION('',(1.,0.,0.));
#13535=DIRECTION('',(0.,1.,0.));
#13536=AXIS2_PLACEMENT_3D('',#13533,#13534,#13535);
#13537=PLANE('',#13536);
#13538=ORIENTED_EDGE('',*,*,#1963,.T.);
#13539=CARTESIAN_POINT('',(-38.923115093,56.,-1.007312043));
#13540=VERTEX_POINT('',#13539);
#13541=CARTESIAN_POINT('',(-38.923115093,56.,-1.007312043));
#13542=DIRECTION('',(0.,-0.999229036,-0.039259816));
#13543=VECTOR('',#13542,25.019288965);
#13544=LINE('',#13541,#13543);
#13545=EDGE_CURVE('',#13540,#1950,#13544,.T.);
#13546=ORIENTED_EDGE('',*,*,#13545,.F.);
#13547=CARTESIAN_POINT('',(-38.923115093,56.,-2.400003827));
#13548=DIRECTION('',(0.,-0.,1.));
#13549=VECTOR('',#13548,1.392691783);
#13550=LINE('',#13547,#13549);
#13551=EDGE_CURVE('',#13515,#13540,#13550,.T.);
#13552=ORIENTED_EDGE('',*,*,#13551,.F.);
#13553=ORIENTED_EDGE('',*,*,#13520,.T.);
#13554=EDGE_LOOP('',(#13538,#13546,#13552,#13553));
#13555=FACE_BOUND('',#13554,.T.);
#13556=ADVANCED_FACE('',(#13555),#13537,.F.);
#13557=CARTESIAN_POINT('',(-30.423115093,43.5,-1.498438381));
#13558=DIRECTION('',(0.,0.039259816,-0.999229036));
#13559=DIRECTION('',(0.,0.999229036,0.039259816));
#13560=AXIS2_PLACEMENT_3D('',#13557,#13558,#13559);
#13561=PLANE('',#13560);
#13562=ORIENTED_EDGE('',*,*,#13545,.T.);
#13563=ORIENTED_EDGE('',*,*,#1955,.F.);
#13564=CARTESIAN_POINT('',(-30.423115093,56.,-1.007312043));
#13565=VERTEX_POINT('',#13564);
#13566=CARTESIAN_POINT('',(-30.423115093,56.,-1.007312043));
#13567=DIRECTION('',(0.,-0.999229036,-0.039259816));
#13568=VECTOR('',#13567,25.019288965);
#13569=LINE('',#13566,#13568);
#13570=EDGE_CURVE('',#13565,#1942,#13569,.T.);
#13571=ORIENTED_EDGE('',*,*,#13570,.F.);
#13572=CARTESIAN_POINT('',(-30.423115093,56.,-1.007312043));
#13573=DIRECTION('',(-1.,0.,0.));
#13574=VECTOR('',#13573,8.5);
#13575=LINE('',#13572,#13574);
#13576=EDGE_CURVE('',#13565,#13540,#13575,.T.);
#13577=ORIENTED_EDGE('',*,*,#13576,.T.);
#13578=EDGE_LOOP('',(#13562,#13563,#13571,#13577));
#13579=FACE_BOUND('',#13578,.T.);
#13580=ADVANCED_FACE('',(#13579),#13561,.F.);
#13581=CARTESIAN_POINT('',(-30.423115093,0.,0.));
#13582=DIRECTION('',(-1.,0.,0.));
#13583=DIRECTION('',(0.,-1.,0.));
#13584=AXIS2_PLACEMENT_3D('',#13581,#13582,#13583);
#13585=PLANE('',#13584);
#13586=ORIENTED_EDGE('',*,*,#13570,.T.);
#13587=ORIENTED_EDGE('',*,*,#1947,.T.);
#13588=CARTESIAN_POINT('',(-30.423115093,56.,0.193606168));
#13589=VERTEX_POINT('',#13588);
#13590=CARTESIAN_POINT('',(-30.423115093,56.,0.193606168));
#13591=DIRECTION('',(0.,-0.999229036,-0.039259816));
#13592=VECTOR('',#13591,25.019288965);
#13593=LINE('',#13590,#13592);
#13594=EDGE_CURVE('',#13589,#1934,#13593,.T.);
#13595=ORIENTED_EDGE('',*,*,#13594,.F.);
#13596=CARTESIAN_POINT('',(-30.423115093,56.,-1.007312043));
#13597=DIRECTION('',(0.,0.,1.));
#13598=VECTOR('',#13597,1.200918211);
#13599=LINE('',#13596,#13598);
#13600=EDGE_CURVE('',#13565,#13589,#13599,.T.);
#13601=ORIENTED_EDGE('',*,*,#13600,.F.);
#13602=EDGE_LOOP('',(#13586,#13587,#13595,#13601));
#13603=FACE_BOUND('',#13602,.T.);
#13604=ADVANCED_FACE('',(#13603),#13585,.T.);
#13605=CARTESIAN_POINT('',(-30.423115093,43.5,-0.297520169));
#13606=DIRECTION('',(0.,0.039259816,-0.999229036));
#13607=DIRECTION('',(0.,0.999229036,0.039259816));
#13608=AXIS2_PLACEMENT_3D('',#13605,#13606,#13607);
#13609=PLANE('',#13608);
#13610=CARTESIAN_POINT('',(-38.923115093,56.,0.193606168));
#13611=VERTEX_POINT('',#13610);
#13612=CARTESIAN_POINT('',(-38.923115093,56.,0.193606168));
#13613=DIRECTION('',(0.,-0.999229036,-0.039259816));
#13614=VECTOR('',#13613,25.019288965);
#13615=LINE('',#13612,#13614);
#13616=EDGE_CURVE('',#13611,#1926,#13615,.T.);
#13617=ORIENTED_EDGE('',*,*,#13616,.F.);
#13618=CARTESIAN_POINT('',(-30.423115093,56.,0.193606168));
#13619=DIRECTION('',(-1.,0.,0.));
#13620=VECTOR('',#13619,8.5);
#13621=LINE('',#13618,#13620);
#13622=EDGE_CURVE('',#13589,#13611,#13621,.T.);
#13623=ORIENTED_EDGE('',*,*,#13622,.F.);
#13624=ORIENTED_EDGE('',*,*,#13594,.T.);
#13625=ORIENTED_EDGE('',*,*,#1939,.T.);
#13626=EDGE_LOOP('',(#13617,#13623,#13624,#13625));
#13627=FACE_BOUND('',#13626,.T.);
#13628=ADVANCED_FACE('',(#13627),#13609,.T.);
#13629=CARTESIAN_POINT('',(-38.923115093,0.,0.));
#13630=DIRECTION('',(1.,0.,0.));
#13631=DIRECTION('',(0.,1.,0.));
#13632=AXIS2_PLACEMENT_3D('',#13629,#13630,#13631);
#13633=PLANE('',#13632);
#13634=ORIENTED_EDGE('',*,*,#1931,.T.);
#13635=CARTESIAN_POINT('',(-38.923115093,56.,1.59246117));
#13636=VERTEX_POINT('',#13635);
#13637=CARTESIAN_POINT('',(-38.923115093,56.,1.59246117));
#13638=DIRECTION('',(0.,-0.996917334,-0.078459096));
#13639=VECTOR('',#13638,25.077304962);
#13640=LINE('',#13637,#13639);
#13641=EDGE_CURVE('',#13636,#1918,#13640,.T.);
#13642=ORIENTED_EDGE('',*,*,#13641,.F.);
#13643=CARTESIAN_POINT('',(-38.923115093,56.,0.193606168));
#13644=DIRECTION('',(0.,-0.,1.));
#13645=VECTOR('',#13644,1.398855002);
#13646=LINE('',#13643,#13645);
#13647=EDGE_CURVE('',#13611,#13636,#13646,.T.);
#13648=ORIENTED_EDGE('',*,*,#13647,.F.);
#13649=ORIENTED_EDGE('',*,*,#13616,.T.);
#13650=EDGE_LOOP('',(#13634,#13642,#13648,#13649));
#13651=FACE_BOUND('',#13650,.T.);
#13652=ADVANCED_FACE('',(#13651),#13633,.F.);
#13653=CARTESIAN_POINT('',(-30.423115093,43.5,0.608689834));
#13654=DIRECTION('',(0.,0.078459096,-0.996917334));
#13655=DIRECTION('',(0.,0.996917334,0.078459096));
#13656=AXIS2_PLACEMENT_3D('',#13653,#13654,#13655);
#13657=PLANE('',#13656);
#13658=ORIENTED_EDGE('',*,*,#13641,.T.);
#13659=ORIENTED_EDGE('',*,*,#1923,.F.);
#13660=CARTESIAN_POINT('',(-30.423115093,56.,1.59246117));
#13661=VERTEX_POINT('',#13660);
#13662=CARTESIAN_POINT('',(-30.423115093,56.,1.59246117));
#13663=DIRECTION('',(0.,-0.996917334,-0.078459096));
#13664=VECTOR('',#13663,25.077304962);
#13665=LINE('',#13662,#13664);
#13666=EDGE_CURVE('',#13661,#1910,#13665,.T.);
#13667=ORIENTED_EDGE('',*,*,#13666,.F.);
#13668=CARTESIAN_POINT('',(-30.423115093,56.,1.59246117));
#13669=DIRECTION('',(-1.,0.,0.));
#13670=VECTOR('',#13669,8.5);
#13671=LINE('',#13668,#13670);
#13672=EDGE_CURVE('',#13661,#13636,#13671,.T.);
#13673=ORIENTED_EDGE('',*,*,#13672,.T.);
#13674=EDGE_LOOP('',(#13658,#13659,#13667,#13673));
#13675=FACE_BOUND('',#13674,.T.);
#13676=ADVANCED_FACE('',(#13675),#13657,.F.);
#13677=CARTESIAN_POINT('',(-30.423115093,0.,0.));
#13678=DIRECTION('',(-1.,0.,0.));
#13679=DIRECTION('',(0.,-1.,0.));
#13680=AXIS2_PLACEMENT_3D('',#13677,#13678,#13679);
#13681=PLANE('',#13680);
#13682=ORIENTED_EDGE('',*,*,#13666,.T.);
#13683=ORIENTED_EDGE('',*,*,#1915,.T.);
#13684=CARTESIAN_POINT('',(-30.423115093,56.,2.796164131));
#13685=VERTEX_POINT('',#13684);
#13686=CARTESIAN_POINT('',(-30.423115093,56.,2.796164131));
#13687=DIRECTION('',(0.,-0.996917334,-0.078459096));
#13688=VECTOR('',#13687,25.077304962);
#13689=LINE('',#13686,#13688);
#13690=EDGE_CURVE('',#13685,#1902,#13689,.T.);
#13691=ORIENTED_EDGE('',*,*,#13690,.F.);
#13692=CARTESIAN_POINT('',(-30.423115093,56.,1.59246117));
#13693=DIRECTION('',(0.,0.,1.));
#13694=VECTOR('',#13693,1.203702961);
#13695=LINE('',#13692,#13694);
#13696=EDGE_CURVE('',#13661,#13685,#13695,.T.);
#13697=ORIENTED_EDGE('',*,*,#13696,.F.);
#13698=EDGE_LOOP('',(#13682,#13683,#13691,#13697));
#13699=FACE_BOUND('',#13698,.T.);
#13700=ADVANCED_FACE('',(#13699),#13681,.T.);
#13701=CARTESIAN_POINT('',(-30.423115093,43.5,1.812392796));
#13702=DIRECTION('',(0.,0.078459096,-0.996917334));
#13703=DIRECTION('',(0.,0.996917334,0.078459096));
#13704=AXIS2_PLACEMENT_3D('',#13701,#13702,#13703);
#13705=PLANE('',#13704);
#13706=CARTESIAN_POINT('',(-38.923115093,56.,2.796164131));
#13707=VERTEX_POINT('',#13706);
#13708=CARTESIAN_POINT('',(-38.923115093,56.,2.796164131));
#13709=DIRECTION('',(0.,-0.996917334,-0.078459096));
#13710=VECTOR('',#13709,25.077304962);
#13711=LINE('',#13708,#13710);
#13712=EDGE_CURVE('',#13707,#1894,#13711,.T.);
#13713=ORIENTED_EDGE('',*,*,#13712,.F.);
#13714=CARTESIAN_POINT('',(-30.423115093,56.,2.796164131));
#13715=DIRECTION('',(-1.,0.,0.));
#13716=VECTOR('',#13715,8.5);
#13717=LINE('',#13714,#13716);
#13718=EDGE_CURVE('',#13685,#13707,#13717,.T.);
#13719=ORIENTED_EDGE('',*,*,#13718,.F.);
#13720=ORIENTED_EDGE('',*,*,#13690,.T.);
#13721=ORIENTED_EDGE('',*,*,#1907,.T.);
#13722=EDGE_LOOP('',(#13713,#13719,#13720,#13721));
#13723=FACE_BOUND('',#13722,.T.);
#13724=ADVANCED_FACE('',(#13723),#13705,.T.);
#13725=CARTESIAN_POINT('',(-38.923115093,0.,0.));
#13726=DIRECTION('',(1.,0.,0.));
#13727=DIRECTION('',(0.,1.,0.));
#13728=AXIS2_PLACEMENT_3D('',#13725,#13726,#13727);
#13729=PLANE('',#13728);
#13730=ORIENTED_EDGE('',*,*,#1899,.T.);
#13731=CARTESIAN_POINT('',(-38.923115093,56.,4.207430675));
#13732=VERTEX_POINT('',#13731);
#13733=CARTESIAN_POINT('',(-38.923115093,56.,4.207430675));
#13734=DIRECTION('',(0.,-0.993068457,-0.117537397));
#13735=VECTOR('',#13734,25.174498117);
#13736=LINE('',#13733,#13735);
#13737=EDGE_CURVE('',#13732,#1886,#13736,.T.);
#13738=ORIENTED_EDGE('',*,*,#13737,.F.);
#13739=CARTESIAN_POINT('',(-38.923115093,56.,2.796164131));
#13740=DIRECTION('',(0.,-0.,1.));
#13741=VECTOR('',#13740,1.411266544);
#13742=LINE('',#13739,#13741);
#13743=EDGE_CURVE('',#13707,#13732,#13742,.T.);
#13744=ORIENTED_EDGE('',*,*,#13743,.F.);
#13745=ORIENTED_EDGE('',*,*,#13712,.T.);
#13746=EDGE_LOOP('',(#13730,#13738,#13744,#13745));
#13747=FACE_BOUND('',#13746,.T.);
#13748=ADVANCED_FACE('',(#13747),#13729,.F.);
#13749=CARTESIAN_POINT('',(-30.423115093,43.5,2.727958179));
#13750=DIRECTION('',(0.,0.117537397,-0.993068457));
#13751=DIRECTION('',(0.,0.993068457,0.117537397));
#13752=AXIS2_PLACEMENT_3D('',#13749,#13750,#13751);
#13753=PLANE('',#13752);
#13754=ORIENTED_EDGE('',*,*,#13737,.T.);
#13755=ORIENTED_EDGE('',*,*,#1891,.F.);
#13756=CARTESIAN_POINT('',(-30.423115093,56.,4.207430675));
#13757=VERTEX_POINT('',#13756);
#13758=CARTESIAN_POINT('',(-30.423115093,56.,4.207430675));
#13759=DIRECTION('',(0.,-0.993068457,-0.117537397));
#13760=VECTOR('',#13759,25.174498117);
#13761=LINE('',#13758,#13760);
#13762=EDGE_CURVE('',#13757,#1878,#13761,.T.);
#13763=ORIENTED_EDGE('',*,*,#13762,.F.);
#13764=CARTESIAN_POINT('',(-30.423115093,56.,4.207430675));
#13765=DIRECTION('',(-1.,0.,0.));
#13766=VECTOR('',#13765,8.5);
#13767=LINE('',#13764,#13766);
#13768=EDGE_CURVE('',#13757,#13732,#13767,.T.);
#13769=ORIENTED_EDGE('',*,*,#13768,.T.);
#13770=EDGE_LOOP('',(#13754,#13755,#13763,#13769));
#13771=FACE_BOUND('',#13770,.T.);
#13772=ADVANCED_FACE('',(#13771),#13753,.F.);
#13773=CARTESIAN_POINT('',(-30.423115093,0.,0.));
#13774=DIRECTION('',(-1.,0.,0.));
#13775=DIRECTION('',(0.,-1.,0.));
#13776=AXIS2_PLACEMENT_3D('',#13773,#13774,#13775);
#13777=PLANE('',#13776);
#13778=ORIENTED_EDGE('',*,*,#13762,.T.);
#13779=ORIENTED_EDGE('',*,*,#1883,.T.);
#13780=CARTESIAN_POINT('',(-30.423115093,56.,5.415798878));
#13781=VERTEX_POINT('',#13780);
#13782=CARTESIAN_POINT('',(-30.423115093,56.,5.415798878));
#13783=DIRECTION('',(0.,-0.993068457,-0.117537397));
#13784=VECTOR('',#13783,25.174498117);
#13785=LINE('',#13782,#13784);
#13786=EDGE_CURVE('',#13781,#1870,#13785,.T.);
#13787=ORIENTED_EDGE('',*,*,#13786,.F.);
#13788=CARTESIAN_POINT('',(-30.423115093,56.,4.207430675));
#13789=DIRECTION('',(0.,0.,1.));
#13790=VECTOR('',#13789,1.208368203);
#13791=LINE('',#13788,#13790);
#13792=EDGE_CURVE('',#13757,#13781,#13791,.T.);
#13793=ORIENTED_EDGE('',*,*,#13792,.F.);
#13794=EDGE_LOOP('',(#13778,#13779,#13787,#13793));
#13795=FACE_BOUND('',#13794,.T.);
#13796=ADVANCED_FACE('',(#13795),#13777,.T.);
#13797=CARTESIAN_POINT('',(-30.423115093,43.5,3.936326382));
#13798=DIRECTION('',(0.,0.117537397,-0.993068457));
#13799=DIRECTION('',(0.,0.993068457,0.117537397));
#13800=AXIS2_PLACEMENT_3D('',#13797,#13798,#13799);
#13801=PLANE('',#13800);
#13802=CARTESIAN_POINT('',(-38.923115093,56.,5.415798878));
#13803=VERTEX_POINT('',#13802);
#13804=CARTESIAN_POINT('',(-38.923115093,56.,5.415798878));
#13805=DIRECTION('',(0.,-0.993068457,-0.117537397));
#13806=VECTOR('',#13805,25.174498117);
#13807=LINE('',#13804,#13806);
#13808=EDGE_CURVE('',#13803,#1862,#13807,.T.);
#13809=ORIENTED_EDGE('',*,*,#13808,.F.);
#13810=CARTESIAN_POINT('',(-30.423115093,56.,5.415798878));
#13811=DIRECTION('',(-1.,0.,0.));
#13812=VECTOR('',#13811,8.5);
#13813=LINE('',#13810,#13812);
#13814=EDGE_CURVE('',#13781,#13803,#13813,.T.);
#13815=ORIENTED_EDGE('',*,*,#13814,.F.);
#13816=ORIENTED_EDGE('',*,*,#13786,.T.);
#13817=ORIENTED_EDGE('',*,*,#1875,.T.);
#13818=EDGE_LOOP('',(#13809,#13815,#13816,#13817));
#13819=FACE_BOUND('',#13818,.T.);
#13820=ADVANCED_FACE('',(#13819),#13801,.T.);
#13821=CARTESIAN_POINT('',(-38.923115093,0.,0.));
#13822=DIRECTION('',(1.,0.,0.));
#13823=DIRECTION('',(0.,1.,0.));
#13824=AXIS2_PLACEMENT_3D('',#13821,#13822,#13823);
#13825=PLANE('',#13824);
#13826=ORIENTED_EDGE('',*,*,#13808,.T.);
#13827=ORIENTED_EDGE('',*,*,#1867,.T.);
#13828=CARTESIAN_POINT('',(-38.923115093,56.,6.84589786));
#13829=VERTEX_POINT('',#13828);
#13830=CARTESIAN_POINT('',(-38.923115093,56.,6.84589786));
#13831=DIRECTION('',(0.,-0.987688341,-0.156434465));
#13832=VECTOR('',#13831,25.311628145);
#13833=LINE('',#13830,#13832);
#13834=EDGE_CURVE('',#13829,#1854,#13833,.T.);
#13835=ORIENTED_EDGE('',*,*,#13834,.F.);
#13836=CARTESIAN_POINT('',(-38.923115093,56.,5.415798878));
#13837=DIRECTION('',(0.,-0.,1.));
#13838=VECTOR('',#13837,1.430098982);
#13839=LINE('',#13836,#13838);
#13840=EDGE_CURVE('',#13803,#13829,#13839,.T.);
#13841=ORIENTED_EDGE('',*,*,#13840,.F.);
#13842=EDGE_LOOP('',(#13826,#13827,#13835,#13841));
#13843=FACE_BOUND('',#13842,.T.);
#13844=ADVANCED_FACE('',(#13843),#13825,.F.);
#13845=CARTESIAN_POINT('',(-30.423115093,43.5,4.866092356));
#13846=DIRECTION('',(0.,0.156434465,-0.987688341));
#13847=DIRECTION('',(0.,0.987688341,0.156434465));
#13848=AXIS2_PLACEMENT_3D('',#13845,#13846,#13847);
#13849=PLANE('',#13848);
#13850=ORIENTED_EDGE('',*,*,#13834,.T.);
#13851=ORIENTED_EDGE('',*,*,#1859,.F.);
#13852=CARTESIAN_POINT('',(-30.423115093,56.,6.84589786));
#13853=VERTEX_POINT('',#13852);
#13854=CARTESIAN_POINT('',(-30.423115093,56.,6.84589786));
#13855=DIRECTION('',(0.,-0.987688341,-0.156434465));
#13856=VECTOR('',#13855,25.311628145);
#13857=LINE('',#13854,#13856);
#13858=EDGE_CURVE('',#13853,#1846,#13857,.T.);
#13859=ORIENTED_EDGE('',*,*,#13858,.F.);
#13860=CARTESIAN_POINT('',(-30.423115093,56.,6.84589786));
#13861=DIRECTION('',(-1.,0.,0.));
#13862=VECTOR('',#13861,8.5);
#13863=LINE('',#13860,#13862);
#13864=EDGE_CURVE('',#13853,#13829,#13863,.T.);
#13865=ORIENTED_EDGE('',*,*,#13864,.T.);
#13866=EDGE_LOOP('',(#13850,#13851,#13859,#13865));
#13867=FACE_BOUND('',#13866,.T.);
#13868=ADVANCED_FACE('',(#13867),#13849,.F.);
#13869=CARTESIAN_POINT('',(-30.423115093,0.,0.));
#13870=DIRECTION('',(-1.,0.,0.));
#13871=DIRECTION('',(0.,-1.,0.));
#13872=AXIS2_PLACEMENT_3D('',#13869,#13870,#13871);
#13873=PLANE('',#13872);
#13874=ORIENTED_EDGE('',*,*,#13858,.T.);
#13875=ORIENTED_EDGE('',*,*,#1851,.T.);
#13876=CARTESIAN_POINT('',(-30.423115093,56.,8.060848263));
#13877=VERTEX_POINT('',#13876);
#13878=CARTESIAN_POINT('',(-30.423115093,56.,8.060848263));
#13879=DIRECTION('',(0.,-0.987688341,-0.156434465));
#13880=VECTOR('',#13879,25.311628145);
#13881=LINE('',#13878,#13880);
#13882=EDGE_CURVE('',#13877,#1838,#13881,.T.);
#13883=ORIENTED_EDGE('',*,*,#13882,.F.);
#13884=CARTESIAN_POINT('',(-30.423115093,56.,6.84589786));
#13885=DIRECTION('',(0.,0.,1.));
#13886=VECTOR('',#13885,1.214950402);
#13887=LINE('',#13884,#13886);
#13888=EDGE_CURVE('',#13853,#13877,#13887,.T.);
#13889=ORIENTED_EDGE('',*,*,#13888,.F.);
#13890=EDGE_LOOP('',(#13874,#13875,#13883,#13889));
#13891=FACE_BOUND('',#13890,.T.);
#13892=ADVANCED_FACE('',(#13891),#13873,.T.);
#13893=CARTESIAN_POINT('',(-30.423115093,43.5,6.081042759));
#13894=DIRECTION('',(0.,0.156434465,-0.987688341));
#13895=DIRECTION('',(0.,0.987688341,0.156434465));
#13896=AXIS2_PLACEMENT_3D('',#13893,#13894,#13895);
#13897=PLANE('',#13896);
#13898=CARTESIAN_POINT('',(-38.923115093,56.,8.060848263));
#13899=VERTEX_POINT('',#13898);
#13900=CARTESIAN_POINT('',(-38.923115093,56.,8.060848263));
#13901=DIRECTION('',(0.,-0.987688341,-0.156434465));
#13902=VECTOR('',#13901,25.311628145);
#13903=LINE('',#13900,#13902);
#13904=EDGE_CURVE('',#13899,#1830,#13903,.T.);
#13905=ORIENTED_EDGE('',*,*,#13904,.F.);
#13906=CARTESIAN_POINT('',(-30.423115093,56.,8.060848263));
#13907=DIRECTION('',(-1.,0.,0.));
#13908=VECTOR('',#13907,8.5);
#13909=LINE('',#13906,#13908);
#13910=EDGE_CURVE('',#13877,#13899,#13909,.T.);
#13911=ORIENTED_EDGE('',*,*,#13910,.F.);
#13912=ORIENTED_EDGE('',*,*,#13882,.T.);
#13913=ORIENTED_EDGE('',*,*,#1843,.T.);
#13914=EDGE_LOOP('',(#13905,#13911,#13912,#13913));
#13915=FACE_BOUND('',#13914,.T.);
#13916=ADVANCED_FACE('',(#13915),#13897,.T.);
#13917=CARTESIAN_POINT('',(-38.923115093,0.,0.));
#13918=DIRECTION('',(1.,0.,0.));
#13919=DIRECTION('',(0.,1.,0.));
#13920=AXIS2_PLACEMENT_3D('',#13917,#13918,#13919);
#13921=PLANE('',#13920);
#13922=ORIENTED_EDGE('',*,*,#13904,.T.);
#13923=ORIENTED_EDGE('',*,*,#1835,.T.);
#13924=CARTESIAN_POINT('',(-38.923115093,56.,9.516465454));
#13925=VERTEX_POINT('',#13924);
#13926=CARTESIAN_POINT('',(-38.923115093,56.,9.516465454));
#13927=DIRECTION('',(0.,-0.98078528,-0.195090322));
#13928=VECTOR('',#13927,25.489778955);
#13929=LINE('',#13926,#13928);
#13930=EDGE_CURVE('',#13925,#1822,#13929,.T.);
#13931=ORIENTED_EDGE('',*,*,#13930,.F.);
#13932=CARTESIAN_POINT('',(-38.923115093,56.,8.060848263));
#13933=DIRECTION('',(0.,-0.,1.));
#13934=VECTOR('',#13933,1.455617191);
#13935=LINE('',#13932,#13934);
#13936=EDGE_CURVE('',#13899,#13925,#13935,.T.);
#13937=ORIENTED_EDGE('',*,*,#13936,.F.);
#13938=EDGE_LOOP('',(#13922,#13923,#13931,#13937));
#13939=FACE_BOUND('',#13938,.T.);
#13940=ADVANCED_FACE('',(#13939),#13921,.F.);
#13941=CARTESIAN_POINT('',(-30.423115093,43.5,7.030060861));
#13942=DIRECTION('',(0.,0.195090322,-0.98078528));
#13943=DIRECTION('',(0.,0.98078528,0.195090322));
#13944=AXIS2_PLACEMENT_3D('',#13941,#13942,#13943);
#13945=PLANE('',#13944);
#13946=ORIENTED_EDGE('',*,*,#13930,.T.);
#13947=ORIENTED_EDGE('',*,*,#1827,.F.);
#13948=CARTESIAN_POINT('',(-30.423115093,56.,9.516465454));
#13949=VERTEX_POINT('',#13948);
#13950=CARTESIAN_POINT('',(-30.423115093,56.,9.516465454));
#13951=DIRECTION('',(0.,-0.98078528,-0.195090322));
#13952=VECTOR('',#13951,25.489778955);
#13953=LINE('',#13950,#13952);
#13954=EDGE_CURVE('',#13949,#1814,#13953,.T.);
#13955=ORIENTED_EDGE('',*,*,#13954,.F.);
#13956=CARTESIAN_POINT('',(-30.423115093,56.,9.516465454));
#13957=DIRECTION('',(-1.,0.,0.));
#13958=VECTOR('',#13957,8.5);
#13959=LINE('',#13956,#13958);
#13960=EDGE_CURVE('',#13949,#13925,#13959,.T.);
#13961=ORIENTED_EDGE('',*,*,#13960,.T.);
#13962=EDGE_LOOP('',(#13946,#13947,#13955,#13961));
#13963=FACE_BOUND('',#13962,.T.);
#13964=ADVANCED_FACE('',(#13963),#13945,.F.);
#13965=CARTESIAN_POINT('',(-30.423115093,0.,0.));
#13966=DIRECTION('',(-1.,0.,0.));
#13967=DIRECTION('',(0.,-1.,0.));
#13968=AXIS2_PLACEMENT_3D('',#13965,#13966,#13967);
#13969=PLANE('',#13968);
#13970=ORIENTED_EDGE('',*,*,#13954,.T.);
#13971=ORIENTED_EDGE('',*,*,#1819,.T.);
#13972=CARTESIAN_POINT('',(-30.423115093,56.,10.73996704));
#13973=VERTEX_POINT('',#13972);
#13974=CARTESIAN_POINT('',(-30.423115093,56.,10.73996704));
#13975=DIRECTION('',(0.,-0.98078528,-0.195090322));
#13976=VECTOR('',#13975,25.489778955);
#13977=LINE('',#13974,#13976);
#13978=EDGE_CURVE('',#13973,#1806,#13977,.T.);
#13979=ORIENTED_EDGE('',*,*,#13978,.F.);
#13980=CARTESIAN_POINT('',(-30.423115093,56.,9.516465454));
#13981=DIRECTION('',(0.,0.,1.));
#13982=VECTOR('',#13981,1.223501587);
#13983=LINE('',#13980,#13982);
#13984=EDGE_CURVE('',#13949,#13973,#13983,.T.);
#13985=ORIENTED_EDGE('',*,*,#13984,.F.);
#13986=EDGE_LOOP('',(#13970,#13971,#13979,#13985));
#13987=FACE_BOUND('',#13986,.T.);
#13988=ADVANCED_FACE('',(#13987),#13969,.T.);
#13989=CARTESIAN_POINT('',(-30.423115093,43.5,8.253562448));
#13990=DIRECTION('',(0.,0.195090322,-0.98078528));
#13991=DIRECTION('',(0.,0.98078528,0.195090322));
#13992=AXIS2_PLACEMENT_3D('',#13989,#13990,#13991);
#13993=PLANE('',#13992);
#13994=CARTESIAN_POINT('',(-38.923115093,56.,10.73996704));
#13995=VERTEX_POINT('',#13994);
#13996=CARTESIAN_POINT('',(-38.923115093,56.,10.73996704));
#13997=DIRECTION('',(0.,-0.98078528,-0.195090322));
#13998=VECTOR('',#13997,25.489778955);
#13999=LINE('',#13996,#13998);
#14000=EDGE_CURVE('',#13995,#1798,#13999,.T.);
#14001=ORIENTED_EDGE('',*,*,#14000,.F.);
#14002=CARTESIAN_POINT('',(-30.423115093,56.,10.73996704));
#14003=DIRECTION('',(-1.,0.,0.));
#14004=VECTOR('',#14003,8.5);
#14005=LINE('',#14002,#14004);
#14006=EDGE_CURVE('',#13973,#13995,#14005,.T.);
#14007=ORIENTED_EDGE('',*,*,#14006,.F.);
#14008=ORIENTED_EDGE('',*,*,#13978,.T.);
#14009=ORIENTED_EDGE('',*,*,#1811,.T.);
#14010=EDGE_LOOP('',(#14001,#14007,#14008,#14009));
#14011=FACE_BOUND('',#14010,.T.);
#14012=ADVANCED_FACE('',(#14011),#13993,.T.);
#14013=CARTESIAN_POINT('',(-38.923115093,0.,0.));
#14014=DIRECTION('',(1.,0.,0.));
#14015=DIRECTION('',(0.,1.,0.));
#14016=AXIS2_PLACEMENT_3D('',#14013,#14014,#14015);
#14017=PLANE('',#14016);
#14018=ORIENTED_EDGE('',*,*,#1803,.T.);
#14019=CARTESIAN_POINT('',(-38.923115093,56.,12.228152918));
#14020=VERTEX_POINT('',#14019);
#14021=CARTESIAN_POINT('',(-38.923115093,56.,12.228152918));
#14022=DIRECTION('',(0.,-0.97236992,-0.233445364));
#14023=VECTOR('',#14022,25.710379842);
#14024=LINE('',#14021,#14023);
#14025=EDGE_CURVE('',#14020,#1790,#14024,.T.);
#14026=ORIENTED_EDGE('',*,*,#14025,.F.);
#14027=CARTESIAN_POINT('',(-38.923115093,56.,10.73996704));
#14028=DIRECTION('',(0.,-0.,1.));
#14029=VECTOR('',#14028,1.488185878);
#14030=LINE('',#14027,#14029);
#14031=EDGE_CURVE('',#13995,#14020,#14030,.T.);
#14032=ORIENTED_EDGE('',*,*,#14031,.F.);
#14033=ORIENTED_EDGE('',*,*,#14000,.T.);
#14034=EDGE_LOOP('',(#14018,#14026,#14032,#14033));
#14035=FACE_BOUND('',#14034,.T.);
#14036=ADVANCED_FACE('',(#14035),#14017,.F.);
#14037=CARTESIAN_POINT('',(-30.423115093,43.5,9.22716843));
#14038=DIRECTION('',(0.,0.233445364,-0.97236992));
#14039=DIRECTION('',(0.,0.97236992,0.233445364));
#14040=AXIS2_PLACEMENT_3D('',#14037,#14038,#14039);
#14041=PLANE('',#14040);
#14042=ORIENTED_EDGE('',*,*,#14025,.T.);
#14043=ORIENTED_EDGE('',*,*,#1795,.F.);
#14044=CARTESIAN_POINT('',(-30.423115093,56.,12.228152918));
#14045=VERTEX_POINT('',#14044);
#14046=CARTESIAN_POINT('',(-30.423115093,56.,12.228152918));
#14047=DIRECTION('',(0.,-0.97236992,-0.233445364));
#14048=VECTOR('',#14047,25.710379842);
#14049=LINE('',#14046,#14048);
#14050=EDGE_CURVE('',#14045,#1782,#14049,.T.);
#14051=ORIENTED_EDGE('',*,*,#14050,.F.);
#14052=CARTESIAN_POINT('',(-30.423115093,56.,12.228152918));
#14053=DIRECTION('',(-1.,0.,0.));
#14054=VECTOR('',#14053,8.5);
#14055=LINE('',#14052,#14054);
#14056=EDGE_CURVE('',#14045,#14020,#14055,.T.);
#14057=ORIENTED_EDGE('',*,*,#14056,.T.);
#14058=EDGE_LOOP('',(#14042,#14043,#14051,#14057));
#14059=FACE_BOUND('',#14058,.T.);
#14060=ADVANCED_FACE('',(#14059),#14041,.F.);
#14061=CARTESIAN_POINT('',(-30.423115093,0.,0.));
#14062=DIRECTION('',(-1.,0.,0.));
#14063=DIRECTION('',(0.,-1.,0.));
#14064=AXIS2_PLACEMENT_3D('',#14061,#14062,#14063);
#14065=PLANE('',#14064);
#14066=ORIENTED_EDGE('',*,*,#14050,.T.);
#14067=ORIENTED_EDGE('',*,*,#1787,.T.);
#14068=CARTESIAN_POINT('',(-30.423115093,56.,13.46224328));
#14069=VERTEX_POINT('',#14068);
#14070=CARTESIAN_POINT('',(-30.423115093,56.,13.46224328));
#14071=DIRECTION('',(0.,-0.97236992,-0.233445364));
#14072=VECTOR('',#14071,25.710379842);
#14073=LINE('',#14070,#14072);
#14074=EDGE_CURVE('',#14069,#1774,#14073,.T.);
#14075=ORIENTED_EDGE('',*,*,#14074,.F.);
#14076=CARTESIAN_POINT('',(-30.423115093,56.,12.228152918));
#14077=DIRECTION('',(0.,0.,1.));
#14078=VECTOR('',#14077,1.234090362);
#14079=LINE('',#14076,#14078);
#14080=EDGE_CURVE('',#14045,#14069,#14079,.T.);
#14081=ORIENTED_EDGE('',*,*,#14080,.F.);
#14082=EDGE_LOOP('',(#14066,#14067,#14075,#14081));
#14083=FACE_BOUND('',#14082,.T.);
#14084=ADVANCED_FACE('',(#14083),#14065,.T.);
#14085=CARTESIAN_POINT('',(-30.423115093,43.5,10.461258792));
#14086=DIRECTION('',(0.,0.233445364,-0.97236992));
#14087=DIRECTION('',(0.,0.97236992,0.233445364));
#14088=AXIS2_PLACEMENT_3D('',#14085,#14086,#14087);
#14089=PLANE('',#14088);
#14090=CARTESIAN_POINT('',(-38.923115093,56.,13.46224328));
#14091=VERTEX_POINT('',#14090);
#14092=CARTESIAN_POINT('',(-38.923115093,56.,13.46224328));
#14093=DIRECTION('',(0.,-0.97236992,-0.233445364));
#14094=VECTOR('',#14093,25.710379842);
#14095=LINE('',#14092,#14094);
#14096=EDGE_CURVE('',#14091,#1766,#14095,.T.);
#14097=ORIENTED_EDGE('',*,*,#14096,.F.);
#14098=CARTESIAN_POINT('',(-30.423115093,56.,13.46224328));
#14099=DIRECTION('',(-1.,0.,0.));
#14100=VECTOR('',#14099,8.5);
#14101=LINE('',#14098,#14100);
#14102=EDGE_CURVE('',#14069,#14091,#14101,.T.);
#14103=ORIENTED_EDGE('',*,*,#14102,.F.);
#14104=ORIENTED_EDGE('',*,*,#14074,.T.);
#14105=ORIENTED_EDGE('',*,*,#1779,.T.);
#14106=EDGE_LOOP('',(#14097,#14103,#14104,#14105));
#14107=FACE_BOUND('',#14106,.T.);
#14108=ADVANCED_FACE('',(#14107),#14089,.T.);
#14109=CARTESIAN_POINT('',(-38.923115093,0.,0.));
#14110=DIRECTION('',(1.,0.,0.));
#14111=DIRECTION('',(0.,1.,0.));
#14112=AXIS2_PLACEMENT_3D('',#14109,#14110,#14111);
#14113=PLANE('',#14112);
#14114=ORIENTED_EDGE('',*,*,#14096,.T.);
#14115=ORIENTED_EDGE('',*,*,#1771,.T.);
#14116=CARTESIAN_POINT('',(-38.923115093,56.,14.990523467));
#14117=VERTEX_POINT('',#14116);
#14118=CARTESIAN_POINT('',(-38.923115093,56.,14.990523467));
#14119=DIRECTION('',(0.,-0.962455236,-0.27144045));
#14120=VECTOR('',#14119,25.975234019);
#14121=LINE('',#14118,#14120);
#14122=EDGE_CURVE('',#14117,#1758,#14121,.T.);
#14123=ORIENTED_EDGE('',*,*,#14122,.F.);
#14124=CARTESIAN_POINT('',(-38.923115093,56.,13.46224328));
#14125=DIRECTION('',(0.,-0.,1.));
#14126=VECTOR('',#14125,1.528280187);
#14127=LINE('',#14124,#14126);
#14128=EDGE_CURVE('',#14091,#14117,#14127,.T.);
#14129=ORIENTED_EDGE('',*,*,#14128,.F.);
#14130=EDGE_LOOP('',(#14114,#14115,#14123,#14129));
#14131=FACE_BOUND('',#14130,.T.);
#14132=ADVANCED_FACE('',(#14131),#14113,.F.);
#14133=CARTESIAN_POINT('',(-30.423115093,43.5,11.465158864));
#14134=DIRECTION('',(0.,0.27144045,-0.962455236));
#14135=DIRECTION('',(0.,0.962455236,0.27144045));
#14136=AXIS2_PLACEMENT_3D('',#14133,#14134,#14135);
#14137=PLANE('',#14136);
#14138=ORIENTED_EDGE('',*,*,#14122,.T.);
#14139=ORIENTED_EDGE('',*,*,#1763,.F.);
#14140=CARTESIAN_POINT('',(-30.423115093,56.,14.990523467));
#14141=VERTEX_POINT('',#14140);
#14142=CARTESIAN_POINT('',(-30.423115093,56.,14.990523467));
#14143=DIRECTION('',(0.,-0.962455236,-0.27144045));
#14144=VECTOR('',#14143,25.975234019);
#14145=LINE('',#14142,#14144);
#14146=EDGE_CURVE('',#14141,#1750,#14145,.T.);
#14147=ORIENTED_EDGE('',*,*,#14146,.F.);
#14148=CARTESIAN_POINT('',(-30.423115093,56.,14.990523467));
#14149=DIRECTION('',(-1.,0.,0.));
#14150=VECTOR('',#14149,8.5);
#14151=LINE('',#14148,#14150);
#14152=EDGE_CURVE('',#14141,#14117,#14151,.T.);
#14153=ORIENTED_EDGE('',*,*,#14152,.T.);
#14154=EDGE_LOOP('',(#14138,#14139,#14147,#14153));
#14155=FACE_BOUND('',#14154,.T.);
#14156=ADVANCED_FACE('',(#14155),#14137,.F.);
#14157=CARTESIAN_POINT('',(-30.423115093,0.,0.));
#14158=DIRECTION('',(-1.,0.,0.));
#14159=DIRECTION('',(0.,-1.,0.));
#14160=AXIS2_PLACEMENT_3D('',#14157,#14158,#14159);
#14161=PLANE('',#14160);
#14162=ORIENTED_EDGE('',*,*,#14146,.T.);
#14163=ORIENTED_EDGE('',*,*,#1755,.T.);
#14164=CARTESIAN_POINT('',(-30.423115093,56.,16.237326749));
#14165=VERTEX_POINT('',#14164);
#14166=CARTESIAN_POINT('',(-30.423115093,56.,16.237326749));
#14167=DIRECTION('',(0.,-0.962455236,-0.27144045));
#14168=VECTOR('',#14167,25.975234019);
#14169=LINE('',#14166,#14168);
#14170=EDGE_CURVE('',#14165,#1742,#14169,.T.);
#14171=ORIENTED_EDGE('',*,*,#14170,.F.);
#14172=CARTESIAN_POINT('',(-30.423115093,56.,14.990523467));
#14173=DIRECTION('',(0.,-0.,1.));
#14174=VECTOR('',#14173,1.246803281);
#14175=LINE('',#14172,#14174);
#14176=EDGE_CURVE('',#14141,#14165,#14175,.T.);
#14177=ORIENTED_EDGE('',*,*,#14176,.F.);
#14178=EDGE_LOOP('',(#14162,#14163,#14171,#14177));
#14179=FACE_BOUND('',#14178,.T.);
#14180=ADVANCED_FACE('',(#14179),#14161,.T.);
#14181=CARTESIAN_POINT('',(-30.423115093,43.5,12.711962145));
#14182=DIRECTION('',(0.,0.27144045,-0.962455236));
#14183=DIRECTION('',(0.,0.962455236,0.27144045));
#14184=AXIS2_PLACEMENT_3D('',#14181,#14182,#14183);
#14185=PLANE('',#14184);
#14186=CARTESIAN_POINT('',(-38.923115093,56.,16.237326749));
#14187=VERTEX_POINT('',#14186);
#14188=CARTESIAN_POINT('',(-38.923115093,56.,16.237326749));
#14189=DIRECTION('',(0.,-0.962455236,-0.27144045));
#14190=VECTOR('',#14189,25.975234019);
#14191=LINE('',#14188,#14190);
#14192=EDGE_CURVE('',#14187,#1734,#14191,.T.);
#14193=ORIENTED_EDGE('',*,*,#14192,.F.);
#14194=CARTESIAN_POINT('',(-30.423115093,56.,16.237326749));
#14195=DIRECTION('',(-1.,0.,0.));
#14196=VECTOR('',#14195,8.5);
#14197=LINE('',#14194,#14196);
#14198=EDGE_CURVE('',#14165,#14187,#14197,.T.);
#14199=ORIENTED_EDGE('',*,*,#14198,.F.);
#14200=ORIENTED_EDGE('',*,*,#14170,.T.);
#14201=ORIENTED_EDGE('',*,*,#1747,.T.);
#14202=EDGE_LOOP('',(#14193,#14199,#14200,#14201));
#14203=FACE_BOUND('',#14202,.T.);
#14204=ADVANCED_FACE('',(#14203),#14185,.T.);
#14205=CARTESIAN_POINT('',(-38.923115093,0.,0.));
#14206=DIRECTION('',(1.,0.,0.));
#14207=DIRECTION('',(0.,1.,0.));
#14208=AXIS2_PLACEMENT_3D('',#14205,#14206,#14207);
#14209=PLANE('',#14208);
#14210=ORIENTED_EDGE('',*,*,#1739,.T.);
#14211=CARTESIAN_POINT('',(-38.923115093,56.,17.81382664));
#14212=VERTEX_POINT('',#14211);
#14213=CARTESIAN_POINT('',(-38.923115093,56.,17.81382664));
#14214=DIRECTION('',(0.,-0.951056516,-0.309016994));
#14215=VECTOR('',#14214,26.286555606);
#14216=LINE('',#14213,#14215);
#14217=EDGE_CURVE('',#14212,#1726,#14216,.T.);
#14218=ORIENTED_EDGE('',*,*,#14217,.F.);
#14219=CARTESIAN_POINT('',(-38.923115093,56.,16.237326749));
#14220=DIRECTION('',(0.,-0.,1.));
#14221=VECTOR('',#14220,1.576499892);
#14222=LINE('',#14219,#14221);
#14223=EDGE_CURVE('',#14187,#14212,#14222,.T.);
#14224=ORIENTED_EDGE('',*,*,#14223,.F.);
#14225=ORIENTED_EDGE('',*,*,#14192,.T.);
#14226=EDGE_LOOP('',(#14210,#14218,#14224,#14225));
#14227=FACE_BOUND('',#14226,.T.);
#14228=ADVANCED_FACE('',(#14227),#14209,.F.);
#14229=CARTESIAN_POINT('',(-30.423115093,43.5,13.752330437));
#14230=DIRECTION('',(0.,0.309016994,-0.951056516));
#14231=DIRECTION('',(0.,0.951056516,0.309016994));
#14232=AXIS2_PLACEMENT_3D('',#14229,#14230,#14231);
#14233=PLANE('',#14232);
#14234=ORIENTED_EDGE('',*,*,#14217,.T.);
#14235=ORIENTED_EDGE('',*,*,#1731,.F.);
#14236=CARTESIAN_POINT('',(-30.423115093,56.,17.81382664));
#14237=VERTEX_POINT('',#14236);
#14238=CARTESIAN_POINT('',(-30.423115093,56.,17.81382664));
#14239=DIRECTION('',(0.,-0.951056516,-0.309016994));
#14240=VECTOR('',#14239,26.286555606);
#14241=LINE('',#14238,#14240);
#14242=EDGE_CURVE('',#14237,#1718,#14241,.T.);
#14243=ORIENTED_EDGE('',*,*,#14242,.F.);
#14244=CARTESIAN_POINT('',(-30.423115093,56.,17.81382664));
#14245=DIRECTION('',(-1.,0.,0.));
#14246=VECTOR('',#14245,8.5);
#14247=LINE('',#14244,#14246);
#14248=EDGE_CURVE('',#14237,#14212,#14247,.T.);
#14249=ORIENTED_EDGE('',*,*,#14248,.T.);
#14250=EDGE_LOOP('',(#14234,#14235,#14243,#14249));
#14251=FACE_BOUND('',#14250,.T.);
#14252=ADVANCED_FACE('',(#14251),#14233,.F.);
#14253=CARTESIAN_POINT('',(-30.423115093,0.,0.));
#14254=DIRECTION('',(-1.,0.,0.));
#14255=DIRECTION('',(0.,-1.,0.));
#14256=AXIS2_PLACEMENT_3D('',#14253,#14254,#14255);
#14257=PLANE('',#14256);
#14258=ORIENTED_EDGE('',*,*,#14242,.T.);
#14259=ORIENTED_EDGE('',*,*,#1723,.T.);
#14260=CARTESIAN_POINT('',(-30.423115093,56.,19.075573262));
#14261=VERTEX_POINT('',#14260);
#14262=CARTESIAN_POINT('',(-30.423115093,56.,19.075573262));
#14263=DIRECTION('',(0.,-0.951056516,-0.309016994));
#14264=VECTOR('',#14263,26.286555606);
#14265=LINE('',#14262,#14264);
#14266=EDGE_CURVE('',#14261,#1710,#14265,.T.);
#14267=ORIENTED_EDGE('',*,*,#14266,.F.);
#14268=CARTESIAN_POINT('',(-30.423115093,56.,17.81382664));
#14269=DIRECTION('',(0.,-0.,1.));
#14270=VECTOR('',#14269,1.261746622);
#14271=LINE('',#14268,#14270);
#14272=EDGE_CURVE('',#14237,#14261,#14271,.T.);
#14273=ORIENTED_EDGE('',*,*,#14272,.F.);
#14274=EDGE_LOOP('',(#14258,#14259,#14267,#14273));
#14275=FACE_BOUND('',#14274,.T.);
#14276=ADVANCED_FACE('',(#14275),#14257,.T.);
#14277=CARTESIAN_POINT('',(-30.423115093,43.5,15.01407706));
#14278=DIRECTION('',(0.,0.309016994,-0.951056516));
#14279=DIRECTION('',(0.,0.951056516,0.309016994));
#14280=AXIS2_PLACEMENT_3D('',#14277,#14278,#14279);
#14281=PLANE('',#14280);
#14282=CARTESIAN_POINT('',(-38.923115093,56.,19.075573262));
#14283=VERTEX_POINT('',#14282);
#14284=CARTESIAN_POINT('',(-38.923115093,56.,19.075573262));
#14285=DIRECTION('',(0.,-0.951056516,-0.309016994));
#14286=VECTOR('',#14285,26.286555606);
#14287=LINE('',#14284,#14286);
#14288=EDGE_CURVE('',#14283,#1702,#14287,.T.);
#14289=ORIENTED_EDGE('',*,*,#14288,.F.);
#14290=CARTESIAN_POINT('',(-30.423115093,56.,19.075573262));
#14291=DIRECTION('',(-1.,0.,0.));
#14292=VECTOR('',#14291,8.5);
#14293=LINE('',#14290,#14292);
#14294=EDGE_CURVE('',#14261,#14283,#14293,.T.);
#14295=ORIENTED_EDGE('',*,*,#14294,.F.);
#14296=ORIENTED_EDGE('',*,*,#14266,.T.);
#14297=ORIENTED_EDGE('',*,*,#1715,.T.);
#14298=EDGE_LOOP('',(#14289,#14295,#14296,#14297));
#14299=FACE_BOUND('',#14298,.T.);
#14300=ADVANCED_FACE('',(#14299),#14281,.T.);
#14301=CARTESIAN_POINT('',(-38.923115093,0.,0.));
#14302=DIRECTION('',(1.,0.,0.));
#14303=DIRECTION('',(0.,1.,0.));
#14304=AXIS2_PLACEMENT_3D('',#14301,#14302,#14303);
#14305=PLANE('',#14304);
#14306=ORIENTED_EDGE('',*,*,#1707,.T.);
#14307=CARTESIAN_POINT('',(-38.923115093,56.,20.709161172));
#14308=VERTEX_POINT('',#14307);
#14309=CARTESIAN_POINT('',(-38.923115093,56.,20.709161172));
#14310=DIRECTION('',(0.,-0.938191336,-0.346117057));
#14311=VECTOR('',#14310,26.647016491);
#14312=LINE('',#14309,#14311);
#14313=EDGE_CURVE('',#14308,#1694,#14312,.T.);
#14314=ORIENTED_EDGE('',*,*,#14313,.F.);
#14315=CARTESIAN_POINT('',(-38.923115093,56.,19.075573262));
#14316=DIRECTION('',(0.,-0.,1.));
#14317=VECTOR('',#14316,1.63358791);
#14318=LINE('',#14315,#14317);
#14319=EDGE_CURVE('',#14283,#14308,#14318,.T.);
#14320=ORIENTED_EDGE('',*,*,#14319,.F.);
#14321=ORIENTED_EDGE('',*,*,#14288,.T.);
#14322=EDGE_LOOP('',(#14306,#14314,#14320,#14321));
#14323=FACE_BOUND('',#14322,.T.);
#14324=ADVANCED_FACE('',(#14323),#14305,.F.);
#14325=CARTESIAN_POINT('',(-30.423115093,43.5,16.097667708));
#14326=DIRECTION('',(0.,0.346117057,-0.938191336));
#14327=DIRECTION('',(0.,0.938191336,0.346117057));
#14328=AXIS2_PLACEMENT_3D('',#14325,#14326,#14327);
#14329=PLANE('',#14328);
#14330=ORIENTED_EDGE('',*,*,#14313,.T.);
#14331=ORIENTED_EDGE('',*,*,#1699,.F.);
#14332=CARTESIAN_POINT('',(-30.423115093,56.,20.709161172));
#14333=VERTEX_POINT('',#14332);
#14334=CARTESIAN_POINT('',(-30.423115093,56.,20.709161172));
#14335=DIRECTION('',(0.,-0.938191336,-0.346117057));
#14336=VECTOR('',#14335,26.647016491);
#14337=LINE('',#14334,#14336);
#14338=EDGE_CURVE('',#14333,#1686,#14337,.T.);
#14339=ORIENTED_EDGE('',*,*,#14338,.F.);
#14340=CARTESIAN_POINT('',(-30.423115093,56.,20.709161172));
#14341=DIRECTION('',(-1.,0.,0.));
#14342=VECTOR('',#14341,8.5);
#14343=LINE('',#14340,#14342);
#14344=EDGE_CURVE('',#14333,#14308,#14343,.T.);
#14345=ORIENTED_EDGE('',*,*,#14344,.T.);
#14346=EDGE_LOOP('',(#14330,#14331,#14339,#14345));
#14347=FACE_BOUND('',#14346,.T.);
#14348=ADVANCED_FACE('',(#14347),#14329,.F.);
#14349=CARTESIAN_POINT('',(-30.423115093,0.,0.));
#14350=DIRECTION('',(-1.,0.,0.));
#14351=DIRECTION('',(0.,-1.,0.));
#14352=AXIS2_PLACEMENT_3D('',#14349,#14350,#14351);
#14353=PLANE('',#14352);
#14354=ORIENTED_EDGE('',*,*,#14338,.T.);
#14355=ORIENTED_EDGE('',*,*,#1691,.T.);
#14356=CARTESIAN_POINT('',(-30.423115093,56.,21.988209806));
#14357=VERTEX_POINT('',#14356);
#14358=CARTESIAN_POINT('',(-30.423115093,56.,21.988209806));
#14359=DIRECTION('',(0.,-0.938191336,-0.346117057));
#14360=VECTOR('',#14359,26.647016491);
#14361=LINE('',#14358,#14360);
#14362=EDGE_CURVE('',#14357,#1678,#14361,.T.);
#14363=ORIENTED_EDGE('',*,*,#14362,.F.);
#14364=CARTESIAN_POINT('',(-30.423115093,56.,20.709161172));
#14365=DIRECTION('',(0.,-0.,1.));
#14366=VECTOR('',#14365,1.279048634);
#14367=LINE('',#14364,#14366);
#14368=EDGE_CURVE('',#14333,#14357,#14367,.T.);
#14369=ORIENTED_EDGE('',*,*,#14368,.F.);
#14370=EDGE_LOOP('',(#14354,#14355,#14363,#14369));
#14371=FACE_BOUND('',#14370,.T.);
#14372=ADVANCED_FACE('',(#14371),#14353,.T.);
#14373=CARTESIAN_POINT('',(-30.423115093,43.5,17.376716343));
#14374=DIRECTION('',(0.,0.346117057,-0.938191336));
#14375=DIRECTION('',(0.,0.938191336,0.346117057));
#14376=AXIS2_PLACEMENT_3D('',#14373,#14374,#14375);
#14377=PLANE('',#14376);
#14378=CARTESIAN_POINT('',(-38.923115093,56.,21.988209806));
#14379=VERTEX_POINT('',#14378);
#14380=CARTESIAN_POINT('',(-38.923115093,56.,21.988209806));
#14381=DIRECTION('',(0.,-0.938191336,-0.346117057));
#14382=VECTOR('',#14381,26.647016491);
#14383=LINE('',#14380,#14382);
#14384=EDGE_CURVE('',#14379,#1670,#14383,.T.);
#14385=ORIENTED_EDGE('',*,*,#14384,.F.);
#14386=CARTESIAN_POINT('',(-30.423115093,56.,21.988209806));
#14387=DIRECTION('',(-1.,0.,0.));
#14388=VECTOR('',#14387,8.5);
#14389=LINE('',#14386,#14388);
#14390=EDGE_CURVE('',#14357,#14379,#14389,.T.);
#14391=ORIENTED_EDGE('',*,*,#14390,.F.);
#14392=ORIENTED_EDGE('',*,*,#14362,.T.);
#14393=ORIENTED_EDGE('',*,*,#1683,.T.);
#14394=EDGE_LOOP('',(#14385,#14391,#14392,#14393));
#14395=FACE_BOUND('',#14394,.T.);
#14396=ADVANCED_FACE('',(#14395),#14377,.T.);
#14397=CARTESIAN_POINT('',(-38.923115093,0.,0.));
#14398=DIRECTION('',(1.,0.,0.));
#14399=DIRECTION('',(0.,1.,0.));
#14400=AXIS2_PLACEMENT_3D('',#14397,#14398,#14399);
#14401=PLANE('',#14400);
#14402=ORIENTED_EDGE('',*,*,#1675,.T.);
#14403=CARTESIAN_POINT('',(-38.923115093,56.,23.688663938));
#14404=VERTEX_POINT('',#14403);
#14405=CARTESIAN_POINT('',(-38.923115093,56.,23.688663938));
#14406=DIRECTION('',(0.,-0.923879533,-0.382683432));
#14407=VECTOR('',#14406,27.059805007);
#14408=LINE('',#14405,#14407);
#14409=EDGE_CURVE('',#14404,#1662,#14408,.T.);
#14410=ORIENTED_EDGE('',*,*,#14409,.F.);
#14411=CARTESIAN_POINT('',(-38.923115093,56.,21.988209806));
#14412=DIRECTION('',(0.,-0.,1.));
#14413=VECTOR('',#14412,1.700454132);
#14414=LINE('',#14411,#14413);
#14415=EDGE_CURVE('',#14379,#14404,#14414,.T.);
#14416=ORIENTED_EDGE('',*,*,#14415,.F.);
#14417=ORIENTED_EDGE('',*,*,#14384,.T.);
#14418=EDGE_LOOP('',(#14402,#14410,#14416,#14417));
#14419=FACE_BOUND('',#14418,.T.);
#14420=ADVANCED_FACE('',(#14419),#14401,.F.);
#14421=CARTESIAN_POINT('',(-30.423115093,43.5,18.510994409));
#14422=DIRECTION('',(0.,0.382683432,-0.923879533));
#14423=DIRECTION('',(0.,0.923879533,0.382683432));
#14424=AXIS2_PLACEMENT_3D('',#14421,#14422,#14423);
#14425=PLANE('',#14424);
#14426=ORIENTED_EDGE('',*,*,#14409,.T.);
#14427=ORIENTED_EDGE('',*,*,#1667,.F.);
#14428=CARTESIAN_POINT('',(-30.423115093,56.,23.688663938));
#14429=VERTEX_POINT('',#14428);
#14430=CARTESIAN_POINT('',(-30.423115093,56.,23.688663938));
#14431=DIRECTION('',(0.,-0.923879533,-0.382683432));
#14432=VECTOR('',#14431,27.059805007);
#14433=LINE('',#14430,#14432);
#14434=EDGE_CURVE('',#14429,#1654,#14433,.T.);
#14435=ORIENTED_EDGE('',*,*,#14434,.F.);
#14436=CARTESIAN_POINT('',(-30.423115093,56.,23.688663938));
#14437=DIRECTION('',(-1.,0.,0.));
#14438=VECTOR('',#14437,8.5);
#14439=LINE('',#14436,#14438);
#14440=EDGE_CURVE('',#14429,#14404,#14439,.T.);
#14441=ORIENTED_EDGE('',*,*,#14440,.T.);
#14442=EDGE_LOOP('',(#14426,#14427,#14435,#14441));
#14443=FACE_BOUND('',#14442,.T.);
#14444=ADVANCED_FACE('',(#14443),#14425,.F.);
#14445=CARTESIAN_POINT('',(-30.423115093,0.,0.));
#14446=DIRECTION('',(-1.,0.,0.));
#14447=DIRECTION('',(0.,-1.,0.));
#14448=AXIS2_PLACEMENT_3D('',#14445,#14446,#14447);
#14449=PLANE('',#14448);
#14450=ORIENTED_EDGE('',*,*,#14434,.T.);
#14451=ORIENTED_EDGE('',*,*,#1659,.T.);
#14452=ORIENTED_EDGE('',*,*,#10939,.F.);
#14453=CARTESIAN_POINT('',(-30.423115093,56.,23.688663938));
#14454=DIRECTION('',(0.,-0.,1.));
#14455=VECTOR('',#14454,1.298862357);
#14456=LINE('',#14453,#14455);
#14457=EDGE_CURVE('',#14429,#10928,#14456,.T.);
#14458=ORIENTED_EDGE('',*,*,#14457,.F.);
#14459=EDGE_LOOP('',(#14450,#14451,#14452,#14458));
#14460=FACE_BOUND('',#14459,.T.);
#14461=ADVANCED_FACE('',(#14460),#14449,.T.);
#14462=CARTESIAN_POINT('',(-28.923115093,50.,50.));
#14463=DIRECTION('',(-1.,0.,0.));
#14464=DIRECTION('',(0.,0.,1.));
#14465=AXIS2_PLACEMENT_3D('',#14462,#14463,#14464);
#14466=TOROIDAL_SURFACE('',#14465,15.,9.7);
#14467=ORIENTED_EDGE('',*,*,#5613,.T.);
#14468=CARTESIAN_POINT('',(-32.541125596,50.,50.));
#14469=DIRECTION('',(-1.,-0.,-0.));
#14470=DIRECTION('',(0.,0.,-1.));
#14471=AXIS2_PLACEMENT_3D('',#14468,#14469,#14470);
#14472=CIRCLE('',#14471,6.);
#14473=EDGE_CURVE('',#5709,#5572,#14472,.T.);
#14474=ORIENTED_EDGE('',*,*,#14473,.F.);
#14475=ORIENTED_EDGE('',*,*,#5739,.F.);
#14476=ORIENTED_EDGE('',*,*,#6102,.T.);
#14477=EDGE_LOOP('',(#14467,#14474,#14475,#14476));
#14478=FACE_BOUND('',#14477,.T.);
#14479=ADVANCED_FACE('',(#14478),#14466,.T.);
#14480=CARTESIAN_POINT('',(-28.923115093,50.,50.));
#14481=DIRECTION('',(-1.,0.,0.));
#14482=DIRECTION('',(0.,0.,1.));
#14483=AXIS2_PLACEMENT_3D('',#14480,#14481,#14482);
#14484=TOROIDAL_SURFACE('',#14483,15.,9.7);
#14485=ORIENTED_EDGE('',*,*,#6151,.T.);
#14486=ORIENTED_EDGE('',*,*,#5461,.T.);
#14487=CARTESIAN_POINT('',(-32.541125596,45.14673705,53.527866031));
#14488=VERTEX_POINT('',#14487);
#14489=CARTESIAN_POINT('',(-32.541125596,45.14673705,53.527866031));
#14490=CARTESIAN_POINT('',(-32.541125596,45.191452026,53.589380141));
#14491=CARTESIAN_POINT('',(-32.556326329,45.232904785,53.65415483));
#14492=CARTESIAN_POINT('',(-32.582576105,45.268330146,53.716567316));
#14493=CARTESIAN_POINT('',(-32.608825881,45.303755507,53.778979803));
#14494=CARTESIAN_POINT('',(-32.646062236,45.334083906,53.840330213));
#14495=CARTESIAN_POINT('',(-32.688181134,45.359570028,53.898246948));
#14496=CARTESIAN_POINT('',(-32.772418931,45.410542272,54.014080418));
#14497=CARTESIAN_POINT('',(-32.876433804,45.444738738,54.119942846));
#14498=CARTESIAN_POINT('',(-32.986950107,45.470050493,54.221891969));
#14499=CARTESIAN_POINT('',(-33.097466411,45.495362247,54.323841091));
#14500=CARTESIAN_POINT('',(-33.213414099,45.510981382,54.419958758));
#14501=CARTESIAN_POINT('',(-33.331658695,45.519940415,54.513854254));
#14502=CARTESIAN_POINT('',(-33.449903292,45.528899449,54.60774975));
#14503=CARTESIAN_POINT('',(-33.570595088,45.531030433,54.699252164));
#14504=CARTESIAN_POINT('',(-33.692512483,45.527133604,54.789804489));
#14505=CARTESIAN_POINT('',(-33.936347274,45.519339947,54.97090914));
#14506=CARTESIAN_POINT('',(-34.18345168,45.487481484,55.147378701));
#14507=CARTESIAN_POINT('',(-34.424722727,45.432080244,55.3188172));
#14508=CARTESIAN_POINT('',(-34.665993774,45.376679004,55.490255699));
#14509=CARTESIAN_POINT('',(-34.903136532,45.297660375,55.657613531));
#14510=CARTESIAN_POINT('',(-35.135525893,45.189040779,55.819261775));
#14511=B_SPLINE_CURVE_WITH_KNOTS('',3,(#14489,#14490,#14491,#14492,#14493,#14494,#14495,#14496,#14497,#14498,#14499,#14500,#14501,#14502,#14503,#14504,#14505,#14506,#14507,#14508,#14509,#14510),.UNSPECIFIED.,.F.,.F.,(4,3,3,3,3,3,3,4),(0.00287468,0.003101294,0.003327908,0.003781136,0.004234364,0.004687593,0.005594049,0.006500505),.UNSPECIFIED.);
#14512=EDGE_CURVE('',#14488,#5426,#14511,.T.);
#14513=ORIENTED_EDGE('',*,*,#14512,.F.);
#14514=CARTESIAN_POINT('',(-32.541125596,50.,50.));
#14515=DIRECTION('',(-1.,-0.,-0.));
#14516=DIRECTION('',(0.,0.,-1.));
#14517=AXIS2_PLACEMENT_3D('',#14514,#14515,#14516);
#14518=CIRCLE('',#14517,6.);
#14519=EDGE_CURVE('',#5158,#14488,#14518,.T.);
#14520=ORIENTED_EDGE('',*,*,#14519,.F.);
#14521=ORIENTED_EDGE('',*,*,#5185,.F.);
#14522=EDGE_LOOP('',(#14485,#14486,#14513,#14520,#14521));
#14523=FACE_BOUND('',#14522,.T.);
#14524=ADVANCED_FACE('',(#14523),#14484,.T.);
#14525=CARTESIAN_POINT('',(-28.923115093,50.,50.));
#14526=DIRECTION('',(-1.,0.,0.));
#14527=DIRECTION('',(0.,0.,1.));
#14528=AXIS2_PLACEMENT_3D('',#14525,#14526,#14527);
#14529=TOROIDAL_SURFACE('',#14528,15.,9.7);
#14530=ORIENTED_EDGE('',*,*,#5266,.T.);
#14531=CARTESIAN_POINT('',(-32.541125596,50.,50.));
#14532=DIRECTION('',(-1.,-0.,-0.));
#14533=DIRECTION('',(0.,0.,-1.));
#14534=AXIS2_PLACEMENT_3D('',#14531,#14532,#14533);
#14535=CIRCLE('',#14534,6.);
#14536=EDGE_CURVE('',#5496,#5228,#14535,.T.);
#14537=ORIENTED_EDGE('',*,*,#14536,.F.);
#14538=ORIENTED_EDGE('',*,*,#5529,.F.);
#14539=ORIENTED_EDGE('',*,*,#6490,.T.);
#14540=EDGE_LOOP('',(#14530,#14537,#14538,#14539));
#14541=FACE_BOUND('',#14540,.T.);
#14542=ADVANCED_FACE('',(#14541),#14529,.T.);
#14543=CARTESIAN_POINT('',(-28.923115093,50.,-50.));
#14544=DIRECTION('',(-1.,0.,0.));
#14545=DIRECTION('',(0.,0.,1.));
#14546=AXIS2_PLACEMENT_3D('',#14543,#14544,#14545);
#14547=TOROIDAL_SURFACE('',#14546,15.,9.7);
#14548=CARTESIAN_POINT('',(-38.623115093,36.485588884,-43.491490786));
#14549=VERTEX_POINT('',#14548);
#14550=CARTESIAN_POINT('',(-32.541125596,44.000675324,-49.909980964));
#14551=VERTEX_POINT('',#14550);
#14552=CARTESIAN_POINT('',(-38.623115093,36.485588884,-43.491490786));
#14553=CARTESIAN_POINT('',(-38.623115093,36.875190458,-43.824241966));
#14554=CARTESIAN_POINT('',(-38.585382983,37.259535232,-44.152503414));
#14555=CARTESIAN_POINT('',(-38.512449219,37.638975747,-44.476576229));
#14556=CARTESIAN_POINT('',(-38.439515456,38.018416262,-44.800649044));
#14557=CARTESIAN_POINT('',(-38.331379501,38.392952443,-45.120533161));
#14558=CARTESIAN_POINT('',(-38.188414576,38.762636286,-45.436272991));
#14559=CARTESIAN_POINT('',(-38.045449651,39.132320129,-45.752012821));
#14560=CARTESIAN_POINT('',(-37.865991651,39.499311333,-46.065452921));
#14561=CARTESIAN_POINT('',(-37.656964762,39.851180918,-46.365977937));
#14562=CARTESIAN_POINT('',(-37.447937873,40.203050503,-46.666502954));
#14563=CARTESIAN_POINT('',(-37.20897584,40.541962802,-46.955961402));
#14564=CARTESIAN_POINT('',(-36.941232856,40.868417402,-47.234779971));
#14565=CARTESIAN_POINT('',(-36.807361364,41.031644702,-47.374189255));
#14566=CARTESIAN_POINT('',(-36.666279943,41.191751218,-47.510933138));
#14567=CARTESIAN_POINT('',(-36.517966428,41.348727357,-47.645003426));
#14568=CARTESIAN_POINT('',(-36.369652913,41.505703495,-47.779073714));
#14569=CARTESIAN_POINT('',(-36.21359376,41.660025051,-47.910876775));
#14570=CARTESIAN_POINT('',(-36.051506081,41.809964124,-48.03893684));
#14571=CARTESIAN_POINT('',(-35.727330721,42.109842268,-48.295056972));
#14572=CARTESIAN_POINT('',(-35.380906987,42.390982695,-48.53517358));
#14573=CARTESIAN_POINT('',(-35.012983713,42.654016077,-48.759825311));
#14574=CARTESIAN_POINT('',(-34.645060438,42.917049458,-48.984477042));
#14575=CARTESIAN_POINT('',(-34.255705459,43.162032926,-49.19371269));
#14576=CARTESIAN_POINT('',(-33.84352813,43.387795271,-49.386531948));
#14577=CARTESIAN_POINT('',(-33.4313508,43.613557616,-49.579351206));
#14578=CARTESIAN_POINT('',(-32.995090818,43.820469633,-49.756070764));
#14579=CARTESIAN_POINT('',(-32.541125596,44.000675324,-49.909980964));
#14580=B_SPLINE_CURVE_WITH_KNOTS('',3,(#14552,#14553,#14554,#14555,#14556,#14557,#14558,#14559,#14560,#14561,#14562,#14563,#14564,#14565,#14566,#14567,#14568,#14569,#14570,#14571,#14572,#14573,#14574,#14575,#14576,#14577,
#14578,#14579),.UNSPECIFIED.,.F.,.F.,(4,3,3,3,3,3,3,3,3,4),(0.,0.001511913,0.003023826,0.004535739,0.006047653,0.006803609,0.007559566,0.009071479,0.010583392,0.012095305),.UNSPECIFIED.);
#14581=EDGE_CURVE('',#14549,#14551,#14580,.T.);
#14582=ORIENTED_EDGE('',*,*,#14581,.T.);
#14583=CARTESIAN_POINT('',(-32.541125596,44.63555443,-52.687512554));
#14584=VERTEX_POINT('',#14583);
#14585=CARTESIAN_POINT('',(-32.541125596,50.,-50.));
#14586=DIRECTION('',(-1.,-0.,-0.));
#14587=DIRECTION('',(0.,0.,-1.));
#14588=AXIS2_PLACEMENT_3D('',#14585,#14586,#14587);
#14589=CIRCLE('',#14588,6.);
#14590=EDGE_CURVE('',#14584,#14551,#14589,.T.);
#14591=ORIENTED_EDGE('',*,*,#14590,.F.);
#14592=CARTESIAN_POINT('',(-38.623115093,35.974580449,-44.681390557));
#14593=VERTEX_POINT('',#14592);
#14594=CARTESIAN_POINT('',(-38.623115093,35.974580449,-44.681390557));
#14595=CARTESIAN_POINT('',(-38.62311218,36.183033931,-44.874082974));
#14596=CARTESIAN_POINT('',(-38.612411776,36.391972134,-45.067223463));
#14597=CARTESIAN_POINT('',(-38.591059408,36.601392995,-45.260810115));
#14598=CARTESIAN_POINT('',(-38.56970704,36.810813856,-45.454396768));
#14599=CARTESIAN_POINT('',(-38.537682794,37.020162109,-45.647916303));
#14600=CARTESIAN_POINT('',(-38.495815488,37.226974458,-45.839091671));
#14601=CARTESIAN_POINT('',(-38.412080875,37.640599154,-46.221442407));
#14602=CARTESIAN_POINT('',(-38.28886315,38.047013212,-46.597127698));
#14603=CARTESIAN_POINT('',(-38.129389939,38.446806082,-46.966692425));
#14604=CARTESIAN_POINT('',(-38.049653334,38.646702516,-47.151474789));
#14605=CARTESIAN_POINT('',(-37.960827214,38.84493897,-47.334722682));
#14606=CARTESIAN_POINT('',(-37.863182481,39.041564918,-47.516481838));
#14607=CARTESIAN_POINT('',(-37.765537747,39.238190865,-47.698240994));
#14608=CARTESIAN_POINT('',(-37.658795725,39.43364875,-47.878920405));
#14609=CARTESIAN_POINT('',(-37.544446617,39.625963891,-48.056694693));
#14610=CARTESIAN_POINT('',(-37.315748401,40.010594174,-48.412243269));
#14611=CARTESIAN_POINT('',(-37.056454329,40.38349365,-48.756947999));
#14612=CARTESIAN_POINT('',(-36.770430978,40.746144809,-49.092179282));
#14613=CARTESIAN_POINT('',(-36.69892514,40.836807599,-49.175987103));
#14614=CARTESIAN_POINT('',(-36.625749968,40.926830346,-49.259203275));
#14615=CARTESIAN_POINT('',(-36.550961217,41.016234429,-49.341847559));
#14616=CARTESIAN_POINT('',(-36.476172466,41.105638512,-49.424491843));
#14617=CARTESIAN_POINT('',(-36.399606986,41.194597255,-49.506724459));
#14618=CARTESIAN_POINT('',(-36.322547136,41.281794893,-49.587329127));
#14619=CARTESIAN_POINT('',(-36.168427436,41.45619017,-49.748538462));
#14620=CARTESIAN_POINT('',(-36.008872922,41.627548722,-49.906940679));
#14621=CARTESIAN_POINT('',(-35.844460985,41.796193171,-50.062834004));
#14622=CARTESIAN_POINT('',(-35.515637113,42.133482069,-50.374620654));
#14623=CARTESIAN_POINT('',(-35.167267597,42.459849763,-50.676311847));
#14624=CARTESIAN_POINT('',(-34.80476793,42.778322178,-50.97070472));
#14625=CARTESIAN_POINT('',(-34.442268263,43.096794594,-51.265097593));
#14626=CARTESIAN_POINT('',(-34.06539733,43.407175789,-51.552011018));
#14627=CARTESIAN_POINT('',(-33.68375861,43.713921699,-51.83556402));
#14628=CARTESIAN_POINT('',(-33.492939251,43.867294653,-51.977340521));
#14629=CARTESIAN_POINT('',(-33.300915551,44.019866359,-52.118376355));
#14630=CARTESIAN_POINT('',(-33.109600164,44.172909306,-52.2598478));
#14631=CARTESIAN_POINT('',(-32.918284777,44.325952253,-52.401319245));
#14632=CARTESIAN_POINT('',(-32.727590101,44.479400723,-52.543165552));
#14633=CARTESIAN_POINT('',(-32.541125596,44.63555443,-52.687512554));
#14634=B_SPLINE_CURVE_WITH_KNOTS('',3,(#14594,#14595,#14596,#14597,#14598,#14599,#14600,#14601,#14602,#14603,#14604,#14605,#14606,#14607,#14608,#14609,#14610,#14611,#14612,#14613,#14614,#14615,#14616,#14617,#14618,#14619,
#14620,#14621,#14622,#14623,#14624,#14625,#14626,#14627,#14628,#14629,#14630,#14631,#14632,#14633),.UNSPECIFIED.,.F.,.F.,(4,3,3,3,3,3,3,3,3,3,3,3,3,4),(0.119201295,0.120048269,0.120895244,0.122589192,0.123436166,0.124283141,0.125977089,0.126400576,0.126824064,0.127671038,0.129364986,0.131058935,0.131905909,0.132752883),.UNSPECIFIED.);
#14635=EDGE_CURVE('',#14593,#14584,#14634,.T.);
#14636=ORIENTED_EDGE('',*,*,#14635,.F.);
#14637=CARTESIAN_POINT('',(-38.623115093,50.,-50.));
#14638=DIRECTION('',(-1.,0.,0.));
#14639=DIRECTION('',(0.,0.,1.));
#14640=AXIS2_PLACEMENT_3D('',#14637,#14638,#14639);
#14641=CIRCLE('',#14640,15.);
#14642=EDGE_CURVE('',#14593,#14549,#14641,.T.);
#14643=ORIENTED_EDGE('',*,*,#14642,.T.);
#14644=EDGE_LOOP('',(#14582,#14591,#14636,#14643));
#14645=FACE_BOUND('',#14644,.T.);
#14646=ADVANCED_FACE('',(#14645),#14547,.T.);
#14647=CARTESIAN_POINT('',(-28.923115093,50.,50.));
#14648=DIRECTION('',(-1.,0.,0.));
#14649=DIRECTION('',(0.,0.,1.));
#14650=AXIS2_PLACEMENT_3D('',#14647,#14648,#14649);
#14651=TOROIDAL_SURFACE('',#14650,15.,9.7);
#14652=ORIENTED_EDGE('',*,*,#5006,.T.);
#14653=ORIENTED_EDGE('',*,*,#5650,.F.);
#14654=ORIENTED_EDGE('',*,*,#6607,.T.);
#14655=EDGE_LOOP('',(#14652,#14653,#14654));
#14656=FACE_BOUND('',#14655,.T.);
#14657=ADVANCED_FACE('',(#14656),#14651,.T.);
#14658=CARTESIAN_POINT('',(-30.923115093,52.320964338,42.344079119));
#14659=DIRECTION('',(1.,0.,0.));
#14660=DIRECTION('',(0.,0.,-1.));
#14661=AXIS2_PLACEMENT_3D('',#14658,#14659,#14660);
#14662=CYLINDRICAL_SURFACE('',#14661,2.);
#14663=ORIENTED_EDGE('',*,*,#11429,.T.);
#14664=ORIENTED_EDGE('',*,*,#10214,.T.);
#14665=CARTESIAN_POINT('',(-28.923115093,51.740723254,44.258059339));
#14666=DIRECTION('',(-1.,0.,0.));
#14667=VECTOR('',#14666,3.618010503);
#14668=LINE('',#14665,#14667);
#14669=EDGE_CURVE('',#3275,#10181,#14668,.T.);
#14670=ORIENTED_EDGE('',*,*,#14669,.F.);
#14671=ORIENTED_EDGE('',*,*,#3281,.F.);
#14672=ORIENTED_EDGE('',*,*,#3157,.F.);
#14673=ORIENTED_EDGE('',*,*,#11399,.F.);
#14674=EDGE_LOOP('',(#14663,#14664,#14670,#14671,#14672,#14673));
#14675=FACE_BOUND('',#14674,.T.);
#14676=ADVANCED_FACE('',(#14675),#14662,.T.);
#14677=CARTESIAN_POINT('',(-30.923115093,56.,-32.375));
#14678=DIRECTION('',(0.,-1.,-0.));
#14679=DIRECTION('',(0.,0.,-1.));
#14680=AXIS2_PLACEMENT_3D('',#14677,#14678,#14679);
#14681=PLANE('',#14680);
#14682=CARTESIAN_POINT('',(-29.673115093,56.,30.95));
#14683=VERTEX_POINT('',#14682);
#14684=CARTESIAN_POINT('',(-29.673115093,56.,30.95));
#14685=DIRECTION('',(0.,-0.,1.));
#14686=VECTOR('',#14685,1.8);
#14687=LINE('',#14684,#14686);
#14688=EDGE_CURVE('',#14683,#2996,#14687,.T.);
#14689=ORIENTED_EDGE('',*,*,#14688,.F.);
#14690=CARTESIAN_POINT('',(-29.673115093,56.,30.95));
#14691=DIRECTION('',(1.,0.,-0.));
#14692=VECTOR('',#14691,0.75);
#14693=LINE('',#14690,#14692);
#14694=EDGE_CURVE('',#14683,#3244,#14693,.T.);
#14695=ORIENTED_EDGE('',*,*,#14694,.T.);
#14696=ORIENTED_EDGE('',*,*,#3249,.F.);
#14697=CARTESIAN_POINT('',(-29.673115093,56.,-24.9));
#14698=VERTEX_POINT('',#14697);
#14699=CARTESIAN_POINT('',(-29.673115093,56.,-24.9));
#14700=DIRECTION('',(1.,0.,-0.));
#14701=VECTOR('',#14700,0.75);
#14702=LINE('',#14699,#14701);
#14703=EDGE_CURVE('',#14698,#3236,#14702,.T.);
#14704=ORIENTED_EDGE('',*,*,#14703,.F.);
#14705=CARTESIAN_POINT('',(-29.673115093,56.,-34.9));
#14706=VERTEX_POINT('',#14705);
#14707=CARTESIAN_POINT('',(-29.673115093,56.,-34.9));
#14708=DIRECTION('',(0.,-0.,1.));
#14709=VECTOR('',#14708,10.);
#14710=LINE('',#14707,#14709);
#14711=EDGE_CURVE('',#14706,#14698,#14710,.T.);
#14712=ORIENTED_EDGE('',*,*,#14711,.F.);
#14713=CARTESIAN_POINT('',(-29.673115093,56.,-34.9));
#14714=DIRECTION('',(1.,0.,-0.));
#14715=VECTOR('',#14714,0.75);
#14716=LINE('',#14713,#14715);
#14717=EDGE_CURVE('',#14706,#971,#14716,.T.);
#14718=ORIENTED_EDGE('',*,*,#14717,.T.);
#14719=ORIENTED_EDGE('',*,*,#976,.F.);
#14720=CARTESIAN_POINT('',(-28.923115093,56.,-38.75));
#14721=DIRECTION('',(-1.,-0.,0.));
#14722=VECTOR('',#14721,9.435439282);
#14723=LINE('',#14720,#14722);
#14724=EDGE_CURVE('',#962,#9651,#14723,.T.);
#14725=ORIENTED_EDGE('',*,*,#14724,.T.);
#14726=ORIENTED_EDGE('',*,*,#9657,.F.);
#14727=ORIENTED_EDGE('',*,*,#12328,.F.);
#14728=ORIENTED_EDGE('',*,*,#12352,.T.);
#14729=ORIENTED_EDGE('',*,*,#12374,.T.);
#14730=ORIENTED_EDGE('',*,*,#12398,.T.);
#14731=ORIENTED_EDGE('',*,*,#12424,.F.);
#14732=ORIENTED_EDGE('',*,*,#12448,.T.);
#14733=ORIENTED_EDGE('',*,*,#12470,.T.);
#14734=ORIENTED_EDGE('',*,*,#12495,.T.);
#14735=ORIENTED_EDGE('',*,*,#12520,.F.);
#14736=ORIENTED_EDGE('',*,*,#12544,.T.);
#14737=ORIENTED_EDGE('',*,*,#12566,.T.);
#14738=ORIENTED_EDGE('',*,*,#12592,.T.);
#14739=ORIENTED_EDGE('',*,*,#12616,.F.);
#14740=ORIENTED_EDGE('',*,*,#12640,.T.);
#14741=ORIENTED_EDGE('',*,*,#12662,.T.);
#14742=ORIENTED_EDGE('',*,*,#12688,.T.);
#14743=ORIENTED_EDGE('',*,*,#12712,.F.);
#14744=ORIENTED_EDGE('',*,*,#12736,.T.);
#14745=ORIENTED_EDGE('',*,*,#12758,.T.);
#14746=ORIENTED_EDGE('',*,*,#12784,.T.);
#14747=ORIENTED_EDGE('',*,*,#12808,.F.);
#14748=ORIENTED_EDGE('',*,*,#12832,.T.);
#14749=ORIENTED_EDGE('',*,*,#12854,.T.);
#14750=ORIENTED_EDGE('',*,*,#12880,.T.);
#14751=ORIENTED_EDGE('',*,*,#12904,.F.);
#14752=ORIENTED_EDGE('',*,*,#12928,.T.);
#14753=ORIENTED_EDGE('',*,*,#12950,.T.);
#14754=ORIENTED_EDGE('',*,*,#12976,.T.);
#14755=ORIENTED_EDGE('',*,*,#13000,.F.);
#14756=ORIENTED_EDGE('',*,*,#13024,.T.);
#14757=ORIENTED_EDGE('',*,*,#13046,.T.);
#14758=ORIENTED_EDGE('',*,*,#13072,.T.);
#14759=ORIENTED_EDGE('',*,*,#13096,.F.);
#14760=ORIENTED_EDGE('',*,*,#13120,.T.);
#14761=ORIENTED_EDGE('',*,*,#13142,.T.);
#14762=ORIENTED_EDGE('',*,*,#13168,.T.);
#14763=ORIENTED_EDGE('',*,*,#13192,.F.);
#14764=ORIENTED_EDGE('',*,*,#13216,.T.);
#14765=ORIENTED_EDGE('',*,*,#13238,.T.);
#14766=ORIENTED_EDGE('',*,*,#13264,.T.);
#14767=ORIENTED_EDGE('',*,*,#13288,.F.);
#14768=ORIENTED_EDGE('',*,*,#13312,.T.);
#14769=ORIENTED_EDGE('',*,*,#13334,.T.);
#14770=ORIENTED_EDGE('',*,*,#13358,.T.);
#14771=ORIENTED_EDGE('',*,*,#13384,.F.);
#14772=ORIENTED_EDGE('',*,*,#13408,.T.);
#14773=ORIENTED_EDGE('',*,*,#13430,.T.);
#14774=ORIENTED_EDGE('',*,*,#13456,.T.);
#14775=ORIENTED_EDGE('',*,*,#13480,.F.);
#14776=ORIENTED_EDGE('',*,*,#13504,.T.);
#14777=ORIENTED_EDGE('',*,*,#13526,.T.);
#14778=ORIENTED_EDGE('',*,*,#13551,.T.);
#14779=ORIENTED_EDGE('',*,*,#13576,.F.);
#14780=ORIENTED_EDGE('',*,*,#13600,.T.);
#14781=ORIENTED_EDGE('',*,*,#13622,.T.);
#14782=ORIENTED_EDGE('',*,*,#13647,.T.);
#14783=ORIENTED_EDGE('',*,*,#13672,.F.);
#14784=ORIENTED_EDGE('',*,*,#13696,.T.);
#14785=ORIENTED_EDGE('',*,*,#13718,.T.);
#14786=ORIENTED_EDGE('',*,*,#13743,.T.);
#14787=ORIENTED_EDGE('',*,*,#13768,.F.);
#14788=ORIENTED_EDGE('',*,*,#13792,.T.);
#14789=ORIENTED_EDGE('',*,*,#13814,.T.);
#14790=ORIENTED_EDGE('',*,*,#13840,.T.);
#14791=ORIENTED_EDGE('',*,*,#13864,.F.);
#14792=ORIENTED_EDGE('',*,*,#13888,.T.);
#14793=ORIENTED_EDGE('',*,*,#13910,.T.);
#14794=ORIENTED_EDGE('',*,*,#13936,.T.);
#14795=ORIENTED_EDGE('',*,*,#13960,.F.);
#14796=ORIENTED_EDGE('',*,*,#13984,.T.);
#14797=ORIENTED_EDGE('',*,*,#14006,.T.);
#14798=ORIENTED_EDGE('',*,*,#14031,.T.);
#14799=ORIENTED_EDGE('',*,*,#14056,.F.);
#14800=ORIENTED_EDGE('',*,*,#14080,.T.);
#14801=ORIENTED_EDGE('',*,*,#14102,.T.);
#14802=ORIENTED_EDGE('',*,*,#14128,.T.);
#14803=ORIENTED_EDGE('',*,*,#14152,.F.);
#14804=ORIENTED_EDGE('',*,*,#14176,.T.);
#14805=ORIENTED_EDGE('',*,*,#14198,.T.);
#14806=ORIENTED_EDGE('',*,*,#14223,.T.);
#14807=ORIENTED_EDGE('',*,*,#14248,.F.);
#14808=ORIENTED_EDGE('',*,*,#14272,.T.);
#14809=ORIENTED_EDGE('',*,*,#14294,.T.);
#14810=ORIENTED_EDGE('',*,*,#14319,.T.);
#14811=ORIENTED_EDGE('',*,*,#14344,.F.);
#14812=ORIENTED_EDGE('',*,*,#14368,.T.);
#14813=ORIENTED_EDGE('',*,*,#14390,.T.);
#14814=ORIENTED_EDGE('',*,*,#14415,.T.);
#14815=ORIENTED_EDGE('',*,*,#14440,.F.);
#14816=ORIENTED_EDGE('',*,*,#14457,.T.);
#14817=ORIENTED_EDGE('',*,*,#10933,.T.);
#14818=ORIENTED_EDGE('',*,*,#10963,.T.);
#14819=ORIENTED_EDGE('',*,*,#10988,.F.);
#14820=ORIENTED_EDGE('',*,*,#11012,.T.);
#14821=ORIENTED_EDGE('',*,*,#11034,.T.);
#14822=ORIENTED_EDGE('',*,*,#11059,.T.);
#14823=ORIENTED_EDGE('',*,*,#11084,.F.);
#14824=ORIENTED_EDGE('',*,*,#11108,.T.);
#14825=ORIENTED_EDGE('',*,*,#11130,.T.);
#14826=ORIENTED_EDGE('',*,*,#11154,.T.);
#14827=ORIENTED_EDGE('',*,*,#3012,.F.);
#14828=EDGE_LOOP('',(#14689,#14695,#14696,#14704,#14712,#14718,#14719,#14725,#14726,#14727,#14728,#14729,#14730,#14731,#14732,#14733,#14734,#14735,#14736,#14737,#14738,#14739,#14740,#14741,#14742,#14743,
#14744,#14745,#14746,#14747,#14748,#14749,#14750,#14751,#14752,#14753,#14754,#14755,#14756,#14757,#14758,#14759,#14760,#14761,#14762,#14763,#14764,#14765,#14766,#14767,#14768,
#14769,#14770,#14771,#14772,#14773,#14774,#14775,#14776,#14777,#14778,#14779,#14780,#14781,#14782,#14783,#14784,#14785,#14786,#14787,#14788,#14789,#14790,#14791,#14792,#14793,
#14794,#14795,#14796,#14797,#14798,#14799,#14800,#14801,#14802,#14803,#14804,#14805,#14806,#14807,#14808,#14809,#14810,#14811,#14812,#14813,#14814,#14815,#14816,#14817,#14818,
#14819,#14820,#14821,#14822,#14823,#14824,#14825,#14826,#14827));
#14829=FACE_BOUND('',#14828,.T.);
#14830=ADVANCED_FACE('',(#14829),#14681,.F.);
#14831=CARTESIAN_POINT('',(-30.923115093,25.75,-38.75));
#14832=DIRECTION('',(-1.,0.,0.));
#14833=DIRECTION('',(0.,0.,1.));
#14834=AXIS2_PLACEMENT_3D('',#14831,#14832,#14833);
#14835=CYLINDRICAL_SURFACE('',#14834,30.25);
#14836=ORIENTED_EDGE('',*,*,#9666,.F.);
#14837=ORIENTED_EDGE('',*,*,#14724,.F.);
#14838=ORIENTED_EDGE('',*,*,#968,.F.);
#14839=CARTESIAN_POINT('',(-28.923115093,55.671274927,-43.197449464));
#14840=DIRECTION('',(-1.,-0.,0.));
#14841=VECTOR('',#14840,1.5);
#14842=LINE('',#14839,#14841);
#14843=EDGE_CURVE('',#953,#12085,#14842,.T.);
#14844=ORIENTED_EDGE('',*,*,#14843,.T.);
#14845=ORIENTED_EDGE('',*,*,#12091,.F.);
#14846=ORIENTED_EDGE('',*,*,#12145,.T.);
#14847=ORIENTED_EDGE('',*,*,#9586,.F.);
#14848=ORIENTED_EDGE('',*,*,#12216,.F.);
#14849=ORIENTED_EDGE('',*,*,#12239,.F.);
#14850=ORIENTED_EDGE('',*,*,#12277,.T.);
#14851=EDGE_LOOP('',(#14836,#14837,#14838,#14844,#14845,#14846,#14847,#14848,#14849,#14850));
#14852=FACE_BOUND('',#14851,.T.);
#14853=ADVANCED_FACE('',(#14852),#14835,.T.);
#14854=CARTESIAN_POINT('',(-30.923115093,53.693008816,-42.903403218));
#14855=DIRECTION('',(1.,0.,0.));
#14856=DIRECTION('',(0.,0.,-1.));
#14857=AXIS2_PLACEMENT_3D('',#14854,#14855,#14856);
#14858=CYLINDRICAL_SURFACE('',#14857,2.);
#14859=CARTESIAN_POINT('',(-28.923115093,53.693008816,-44.903403218));
#14860=DIRECTION('',(-1.,-0.,0.));
#14861=VECTOR('',#14860,1.5);
#14862=LINE('',#14859,#14861);
#14863=EDGE_CURVE('',#944,#11916,#14862,.T.);
#14864=ORIENTED_EDGE('',*,*,#14863,.T.);
#14865=ORIENTED_EDGE('',*,*,#11922,.F.);
#14866=ORIENTED_EDGE('',*,*,#11986,.T.);
#14867=ORIENTED_EDGE('',*,*,#9749,.T.);
#14868=ORIENTED_EDGE('',*,*,#12066,.F.);
#14869=ORIENTED_EDGE('',*,*,#12098,.F.);
#14870=ORIENTED_EDGE('',*,*,#14843,.F.);
#14871=ORIENTED_EDGE('',*,*,#959,.F.);
#14872=EDGE_LOOP('',(#14864,#14865,#14866,#14867,#14868,#14869,#14870,#14871));
#14873=FACE_BOUND('',#14872,.T.);
#14874=ADVANCED_FACE('',(#14873),#14858,.T.);
#14875=CARTESIAN_POINT('',(-23.923115093,49.368996984,-36.033503016));
#14876=DIRECTION('',(-1.,0.,0.));
#14877=DIRECTION('',(0.,0.,1.));
#14878=AXIS2_PLACEMENT_3D('',#14875,#14876,#14877);
#14879=CYLINDRICAL_SURFACE('',#14878,1.);
#14880=CARTESIAN_POINT('',(-26.523115093,50.368996984,-36.033503016));
#14881=VERTEX_POINT('',#14880);
#14882=CARTESIAN_POINT('',(-26.523115093,50.368996984,-36.033503016));
#14883=DIRECTION('',(1.,-0.,-0.));
#14884=VECTOR('',#14883,2.6);
#14885=LINE('',#14882,#14884);
#14886=EDGE_CURVE('',#14881,#9796,#14885,.T.);
#14887=ORIENTED_EDGE('',*,*,#14886,.F.);
#14888=CARTESIAN_POINT('',(-26.523115093,49.368996984,-35.033503016));
#14889=VERTEX_POINT('',#14888);
#14890=CARTESIAN_POINT('',(-26.523115093,49.368996984,-36.033503016));
#14891=DIRECTION('',(1.,0.,0.));
#14892=DIRECTION('',(0.,0.,-1.));
#14893=AXIS2_PLACEMENT_3D('',#14890,#14891,#14892);
#14894=CIRCLE('',#14893,1.);
#14895=EDGE_CURVE('',#14881,#14889,#14894,.T.);
#14896=ORIENTED_EDGE('',*,*,#14895,.T.);
#14897=CARTESIAN_POINT('',(-23.923115093,49.368996984,-35.033503016));
#14898=DIRECTION('',(-1.,0.,0.));
#14899=VECTOR('',#14898,2.6);
#14900=LINE('',#14897,#14899);
#14901=EDGE_CURVE('',#9804,#14889,#14900,.T.);
#14902=ORIENTED_EDGE('',*,*,#14901,.F.);
#14903=ORIENTED_EDGE('',*,*,#9810,.F.);
#14904=EDGE_LOOP('',(#14887,#14896,#14902,#14903));
#14905=FACE_BOUND('',#14904,.T.);
#14906=ADVANCED_FACE('',(#14905),#14879,.T.);
#14907=CARTESIAN_POINT('',(-23.923115093,45.,-35.033503016));
#14908=DIRECTION('',(0.,0.,-1.));
#14909=DIRECTION('',(-1.,0.,0.));
#14910=AXIS2_PLACEMENT_3D('',#14907,#14908,#14909);
#14911=PLANE('',#14910);
#14912=ORIENTED_EDGE('',*,*,#14901,.T.);
#14913=CARTESIAN_POINT('',(-26.523115093,40.631003016,-35.033503016));
#14914=VERTEX_POINT('',#14913);
#14915=CARTESIAN_POINT('',(-26.523115093,49.368996984,-35.033503016));
#14916=DIRECTION('',(0.,-1.,0.));
#14917=VECTOR('',#14916,8.737993968);
#14918=LINE('',#14915,#14917);
#14919=EDGE_CURVE('',#14889,#14914,#14918,.T.);
#14920=ORIENTED_EDGE('',*,*,#14919,.T.);
#14921=CARTESIAN_POINT('',(-26.523115093,40.631003016,-35.033503016));
#14922=DIRECTION('',(1.,-0.,-0.));
#14923=VECTOR('',#14922,2.6);
#14924=LINE('',#14921,#14923);
#14925=EDGE_CURVE('',#14914,#9813,#14924,.T.);
#14926=ORIENTED_EDGE('',*,*,#14925,.T.);
#14927=ORIENTED_EDGE('',*,*,#9818,.F.);
#14928=EDGE_LOOP('',(#14912,#14920,#14926,#14927));
#14929=FACE_BOUND('',#14928,.T.);
#14930=ADVANCED_FACE('',(#14929),#14911,.F.);
#14931=CARTESIAN_POINT('',(-23.923115093,40.631003016,-36.033503016));
#14932=DIRECTION('',(1.,0.,0.));
#14933=DIRECTION('',(0.,0.,-1.));
#14934=AXIS2_PLACEMENT_3D('',#14931,#14932,#14933);
#14935=CYLINDRICAL_SURFACE('',#14934,1.);
#14936=ORIENTED_EDGE('',*,*,#14925,.F.);
#14937=CARTESIAN_POINT('',(-26.523115093,39.631003016,-36.033503016));
#14938=VERTEX_POINT('',#14937);
#14939=CARTESIAN_POINT('',(-26.523115093,40.631003016,-36.033503016));
#14940=DIRECTION('',(1.,0.,0.));
#14941=DIRECTION('',(0.,0.,-1.));
#14942=AXIS2_PLACEMENT_3D('',#14939,#14940,#14941);
#14943=CIRCLE('',#14942,1.);
#14944=EDGE_CURVE('',#14914,#14938,#14943,.T.);
#14945=ORIENTED_EDGE('',*,*,#14944,.T.);
#14946=CARTESIAN_POINT('',(-23.923115093,39.631003016,-36.033503016));
#14947=DIRECTION('',(-1.,0.,0.));
#14948=VECTOR('',#14947,2.6);
#14949=LINE('',#14946,#14948);
#14950=EDGE_CURVE('',#9821,#14938,#14949,.T.);
#14951=ORIENTED_EDGE('',*,*,#14950,.F.);
#14952=ORIENTED_EDGE('',*,*,#9827,.F.);
#14953=EDGE_LOOP('',(#14936,#14945,#14951,#14952));
#14954=FACE_BOUND('',#14953,.T.);
#14955=ADVANCED_FACE('',(#14954),#14935,.T.);
#14956=CARTESIAN_POINT('',(-23.923115093,39.631003016,-37.9525));
#14957=DIRECTION('',(0.,-1.,0.));
#14958=DIRECTION('',(0.,0.,-1.));
#14959=AXIS2_PLACEMENT_3D('',#14956,#14957,#14958);
#14960=PLANE('',#14959);
#14961=ORIENTED_EDGE('',*,*,#14950,.T.);
#14962=CARTESIAN_POINT('',(-26.523115093,39.631003016,-36.517685595));
#14963=VERTEX_POINT('',#14962);
#14964=CARTESIAN_POINT('',(-26.523115093,39.631003016,-36.033503016));
#14965=DIRECTION('',(-0.,-0.,-1.));
#14966=VECTOR('',#14965,0.484182579);
#14967=LINE('',#14964,#14966);
#14968=EDGE_CURVE('',#14938,#14963,#14967,.T.);
#14969=ORIENTED_EDGE('',*,*,#14968,.T.);
#14970=CARTESIAN_POINT('',(-26.62959591,39.631003016,-39.871496984));
#14971=VERTEX_POINT('',#14970);
#14972=CARTESIAN_POINT('',(-26.523115093,39.631003016,-36.517685595));
#14973=CARTESIAN_POINT('',(-26.523115093,39.631003016,-37.07814882));
#14974=CARTESIAN_POINT('',(-26.60734196,39.631003189,-37.633791878));
#14975=CARTESIAN_POINT('',(-26.653989088,39.631003016,-38.191585608));
#14976=CARTESIAN_POINT('',(-26.677312652,39.63100293,-38.470482473));
#14977=CARTESIAN_POINT('',(-26.689796709,39.631003016,-38.749999633));
#14978=CARTESIAN_POINT('',(-26.684798456,39.631003016,-39.030517285));
#14979=CARTESIAN_POINT('',(-26.679800203,39.631003016,-39.311034938));
#14980=CARTESIAN_POINT('',(-26.657590165,39.63100299,-39.591690907));
#14981=CARTESIAN_POINT('',(-26.62959591,39.631003016,-39.871496984));
#14982=B_SPLINE_CURVE_WITH_KNOTS('',3,(#14972,#14973,#14974,#14975,#14976,#14977,#14978,#14979,#14980,#14981),.UNSPECIFIED.,.F.,.F.,(4,3,3,4),(0.003843361,0.005524482,0.006365042,0.007205602),.UNSPECIFIED.);
#14983=EDGE_CURVE('',#14963,#14971,#14982,.T.);
#14984=ORIENTED_EDGE('',*,*,#14983,.T.);
#14985=CARTESIAN_POINT('',(-26.62959591,39.631003016,-39.871496984));
#14986=DIRECTION('',(1.,-0.,-0.));
#14987=VECTOR('',#14986,2.706480818);
#14988=LINE('',#14985,#14987);
#14989=EDGE_CURVE('',#14971,#9830,#14988,.T.);
#14990=ORIENTED_EDGE('',*,*,#14989,.T.);
#14991=ORIENTED_EDGE('',*,*,#9835,.T.);
#14992=EDGE_LOOP('',(#14961,#14969,#14984,#14990,#14991));
#14993=FACE_BOUND('',#14992,.T.);
#14994=ADVANCED_FACE('',(#14993),#14960,.T.);
#14995=CARTESIAN_POINT('',(-23.923115093,40.631003016,-39.871496984));
#14996=DIRECTION('',(-1.,0.,0.));
#14997=DIRECTION('',(0.,0.,1.));
#14998=AXIS2_PLACEMENT_3D('',#14995,#14996,#14997);
#14999=CYLINDRICAL_SURFACE('',#14998,1.);
#15000=ORIENTED_EDGE('',*,*,#14989,.F.);
#15001=CARTESIAN_POINT('',(-26.523115093,39.689939845,-40.209727836));
#15002=VERTEX_POINT('',#15001);
#15003=CARTESIAN_POINT('',(-26.62959591,39.631003016,-39.871496984));
#15004=CARTESIAN_POINT('',(-26.610116767,39.631003016,-39.928760989));
#15005=CARTESIAN_POINT('',(-26.582929572,39.63600308,-39.98662994));
#15006=CARTESIAN_POINT('',(-26.561201581,39.645829197,-40.04305615));
#15007=CARTESIAN_POINT('',(-26.53947359,39.655655315,-40.099482359));
#15008=CARTESIAN_POINT('',(-26.523117095,39.670260706,-40.154974085));
#15009=CARTESIAN_POINT('',(-26.523115093,39.689939845,-40.209727836));
#15010=B_SPLINE_CURVE_WITH_KNOTS('',3,(#15003,#15004,#15005,#15006,#15007,#15008,#15009),.UNSPECIFIED.,.F.,.F.,(4,3,4),(0.004082311,0.004670942,0.005259574),.UNSPECIFIED.);
#15011=EDGE_CURVE('',#14971,#15002,#15010,.T.);
#15012=ORIENTED_EDGE('',*,*,#15011,.T.);
#15013=CARTESIAN_POINT('',(-26.523115093,40.631003016,-40.871496984));
#15014=VERTEX_POINT('',#15013);
#15015=CARTESIAN_POINT('',(-26.523115093,40.631003016,-39.871496984));
#15016=DIRECTION('',(1.,0.,0.));
#15017=DIRECTION('',(0.,0.,-1.));
#15018=AXIS2_PLACEMENT_3D('',#15015,#15016,#15017);
#15019=CIRCLE('',#15018,1.);
#15020=EDGE_CURVE('',#15002,#15014,#15019,.T.);
#15021=ORIENTED_EDGE('',*,*,#15020,.T.);
#15022=CARTESIAN_POINT('',(-23.923115093,40.631003016,-40.871496984));
#15023=DIRECTION('',(-1.,0.,0.));
#15024=VECTOR('',#15023,2.6);
#15025=LINE('',#15022,#15024);
#15026=EDGE_CURVE('',#9838,#15014,#15025,.T.);
#15027=ORIENTED_EDGE('',*,*,#15026,.F.);
#15028=ORIENTED_EDGE('',*,*,#9844,.F.);
#15029=EDGE_LOOP('',(#15000,#15012,#15021,#15027,#15028));
#15030=FACE_BOUND('',#15029,.T.);
#15031=ADVANCED_FACE('',(#15030),#14999,.T.);
#15032=CARTESIAN_POINT('',(-23.923115093,45.,-40.871496984));
#15033=DIRECTION('',(0.,0.,-1.));
#15034=DIRECTION('',(-1.,0.,0.));
#15035=AXIS2_PLACEMENT_3D('',#15032,#15033,#15034);
#15036=PLANE('',#15035);
#15037=ORIENTED_EDGE('',*,*,#15026,.T.);
#15038=CARTESIAN_POINT('',(-26.523115093,49.368996984,-40.871496984));
#15039=VERTEX_POINT('',#15038);
#15040=CARTESIAN_POINT('',(-26.523115093,40.631003016,-40.871496984));
#15041=DIRECTION('',(-0.,1.,-0.));
#15042=VECTOR('',#15041,8.737993968);
#15043=LINE('',#15040,#15042);
#15044=EDGE_CURVE('',#15014,#15039,#15043,.T.);
#15045=ORIENTED_EDGE('',*,*,#15044,.T.);
#15046=CARTESIAN_POINT('',(-26.523115093,49.368996984,-40.871496984));
#15047=DIRECTION('',(1.,-0.,-0.));
#15048=VECTOR('',#15047,2.6);
#15049=LINE('',#15046,#15048);
#15050=EDGE_CURVE('',#15039,#9847,#15049,.T.);
#15051=ORIENTED_EDGE('',*,*,#15050,.T.);
#15052=ORIENTED_EDGE('',*,*,#9852,.T.);
#15053=EDGE_LOOP('',(#15037,#15045,#15051,#15052));
#15054=FACE_BOUND('',#15053,.T.);
#15055=ADVANCED_FACE('',(#15054),#15036,.T.);
#15056=CARTESIAN_POINT('',(-23.923115093,49.368996984,-39.871496984));
#15057=DIRECTION('',(1.,0.,0.));
#15058=DIRECTION('',(0.,0.,-1.));
#15059=AXIS2_PLACEMENT_3D('',#15056,#15057,#15058);
#15060=CYLINDRICAL_SURFACE('',#15059,1.);
#15061=ORIENTED_EDGE('',*,*,#15050,.F.);
#15062=CARTESIAN_POINT('',(-26.523115093,50.368996984,-39.871496984));
#15063=VERTEX_POINT('',#15062);
#15064=CARTESIAN_POINT('',(-26.523115093,49.368996984,-39.871496984));
#15065=DIRECTION('',(1.,0.,0.));
#15066=DIRECTION('',(0.,0.,-1.));
#15067=AXIS2_PLACEMENT_3D('',#15064,#15065,#15066);
#15068=CIRCLE('',#15067,1.);
#15069=EDGE_CURVE('',#15039,#15063,#15068,.T.);
#15070=ORIENTED_EDGE('',*,*,#15069,.T.);
#15071=CARTESIAN_POINT('',(-23.923115093,50.368996984,-39.871496984));
#15072=DIRECTION('',(-1.,0.,0.));
#15073=VECTOR('',#15072,2.6);
#15074=LINE('',#15071,#15073);
#15075=EDGE_CURVE('',#9794,#15063,#15074,.T.);
#15076=ORIENTED_EDGE('',*,*,#15075,.F.);
#15077=ORIENTED_EDGE('',*,*,#9859,.F.);
#15078=EDGE_LOOP('',(#15061,#15070,#15076,#15077));
#15079=FACE_BOUND('',#15078,.T.);
#15080=ADVANCED_FACE('',(#15079),#15060,.T.);
#15081=CARTESIAN_POINT('',(-23.923115093,50.368996984,-37.9525));
#15082=DIRECTION('',(0.,-1.,0.));
#15083=DIRECTION('',(0.,0.,-1.));
#15084=AXIS2_PLACEMENT_3D('',#15081,#15082,#15083);
#15085=PLANE('',#15084);
#15086=ORIENTED_EDGE('',*,*,#15075,.T.);
#15087=CARTESIAN_POINT('',(-26.523115093,50.368996984,-39.871496984));
#15088=DIRECTION('',(0.,0.,1.));
#15089=VECTOR('',#15088,3.837993968);
#15090=LINE('',#15087,#15089);
#15091=EDGE_CURVE('',#15063,#14881,#15090,.T.);
#15092=ORIENTED_EDGE('',*,*,#15091,.T.);
#15093=ORIENTED_EDGE('',*,*,#14886,.T.);
#15094=ORIENTED_EDGE('',*,*,#9801,.F.);
#15095=EDGE_LOOP('',(#15086,#15092,#15093,#15094));
#15096=FACE_BOUND('',#15095,.T.);
#15097=ADVANCED_FACE('',(#15096),#15085,.F.);
#15098=CARTESIAN_POINT('',(-30.423115093,37.595894483,-42.861687018));
#15099=DIRECTION('',(0.,-0.649448048,-0.760405966));
#15100=DIRECTION('',(0.,0.760405966,-0.649448048));
#15101=AXIS2_PLACEMENT_3D('',#15098,#15099,#15100);
#15102=PLANE('',#15101);
#15103=CARTESIAN_POINT('',(-32.923115093,36.513321828,-41.937082622));
#15104=VERTEX_POINT('',#15103);
#15105=CARTESIAN_POINT('',(-32.923115093,36.513321828,-41.937082622));
#15106=DIRECTION('',(0.,-0.760405966,0.649448048));
#15107=VECTOR('',#15106,7.250497862);
#15108=LINE('',#15105,#15107);
#15109=EDGE_CURVE('',#15104,#2533,#15108,.T.);
#15110=ORIENTED_EDGE('',*,*,#15109,.T.);
#15111=ORIENTED_EDGE('',*,*,#2538,.T.);
#15112=ORIENTED_EDGE('',*,*,#11560,.F.);
#15113=ORIENTED_EDGE('',*,*,#10129,.T.);
#15114=CARTESIAN_POINT('',(-30.423115093,44.191788966,-48.495113099));
#15115=DIRECTION('',(-1.,0.,0.));
#15116=VECTOR('',#15115,2.118010503);
#15117=LINE('',#15114,#15116);
#15118=EDGE_CURVE('',#2616,#10083,#15117,.T.);
#15119=ORIENTED_EDGE('',*,*,#15118,.F.);
#15120=ORIENTED_EDGE('',*,*,#2621,.T.);
#15121=CARTESIAN_POINT('',(-32.923115093,36.513321828,-41.937082622));
#15122=DIRECTION('',(1.,0.,-0.));
#15123=VECTOR('',#15122,2.5);
#15124=LINE('',#15121,#15123);
#15125=EDGE_CURVE('',#15104,#2605,#15124,.T.);
#15126=ORIENTED_EDGE('',*,*,#15125,.F.);
#15127=EDGE_LOOP('',(#15110,#15111,#15112,#15113,#15119,#15120,#15126));
#15128=FACE_BOUND('',#15127,.T.);
#15129=ADVANCED_FACE('',(#15128),#15102,.T.);
#15130=CARTESIAN_POINT('',(-30.923115093,43.528982733,54.703821375));
#15131=DIRECTION('',(1.,0.,0.));
#15132=DIRECTION('',(0.,0.,-1.));
#15133=AXIS2_PLACEMENT_3D('',#15130,#15131,#15132);
#15134=CYLINDRICAL_SURFACE('',#15133,2.);
#15135=CARTESIAN_POINT('',(-32.541125596,45.14673705,53.527866031));
#15136=DIRECTION('',(1.,-0.,-0.));
#15137=VECTOR('',#15136,3.618010503);
#15138=LINE('',#15135,#15137);
#15139=EDGE_CURVE('',#14488,#3284,#15138,.T.);
#15140=ORIENTED_EDGE('',*,*,#15139,.F.);
#15141=ORIENTED_EDGE('',*,*,#14512,.T.);
#15142=ORIENTED_EDGE('',*,*,#5431,.F.);
#15143=ORIENTED_EDGE('',*,*,#8746,.F.);
#15144=ORIENTED_EDGE('',*,*,#4912,.F.);
#15145=ORIENTED_EDGE('',*,*,#3299,.F.);
#15146=EDGE_LOOP('',(#15140,#15141,#15142,#15143,#15144,#15145));
#15147=FACE_BOUND('',#15146,.T.);
#15148=ADVANCED_FACE('',(#15147),#15134,.T.);
#15149=CARTESIAN_POINT('',(-30.923115093,48.307588495,-56.372268384));
#15150=DIRECTION('',(-1.,0.,0.));
#15151=DIRECTION('',(0.,0.,1.));
#15152=AXIS2_PLACEMENT_3D('',#15149,#15150,#15151);
#15153=CYLINDRICAL_SURFACE('',#15152,0.6);
#15154=CARTESIAN_POINT('',(-30.423115093,48.543162808,-55.8204489));
#15155=VERTEX_POINT('',#15154);
#15156=CARTESIAN_POINT('',(-30.423115093,48.307588495,-56.972268384));
#15157=VERTEX_POINT('',#15156);
#15158=CARTESIAN_POINT('',(-30.423115093,48.307588495,-56.372268384));
#15159=DIRECTION('',(-1.,0.,0.));
#15160=DIRECTION('',(0.,0.927614013,-0.373540148));
#15161=AXIS2_PLACEMENT_3D('',#15158,#15159,#15160);
#15162=CIRCLE('',#15161,0.6);
#15163=EDGE_CURVE('',#15155,#15157,#15162,.T.);
#15164=ORIENTED_EDGE('',*,*,#15163,.F.);
#15165=CARTESIAN_POINT('',(-28.923115093,48.543162808,-55.8204489));
#15166=DIRECTION('',(-1.,0.,0.));
#15167=VECTOR('',#15166,1.5);
#15168=LINE('',#15165,#15167);
#15169=EDGE_CURVE('',#917,#15155,#15168,.T.);
#15170=ORIENTED_EDGE('',*,*,#15169,.F.);
#15171=ORIENTED_EDGE('',*,*,#923,.F.);
#15172=CARTESIAN_POINT('',(-30.423115093,48.307588495,-56.972268384));
#15173=DIRECTION('',(1.,0.,-0.));
#15174=VECTOR('',#15173,1.5);
#15175=LINE('',#15172,#15174);
#15176=EDGE_CURVE('',#15157,#909,#15175,.T.);
#15177=ORIENTED_EDGE('',*,*,#15176,.F.);
#15178=EDGE_LOOP('',(#15164,#15170,#15171,#15177));
#15179=FACE_BOUND('',#15178,.T.);
#15180=ADVANCED_FACE('',(#15179),#15153,.T.);
#15181=CARTESIAN_POINT('',(-30.923115093,50.,-50.));
#15182=DIRECTION('',(-1.,0.,0.));
#15183=DIRECTION('',(0.,0.,1.));
#15184=AXIS2_PLACEMENT_3D('',#15181,#15182,#15183);
#15185=CYLINDRICAL_SURFACE('',#15184,6.);
#15186=CARTESIAN_POINT('',(-32.541125596,50.,-44.));
#15187=DIRECTION('',(1.,-0.,-0.));
#15188=VECTOR('',#15187,3.618010503);
#15189=LINE('',#15186,#15188);
#15190=EDGE_CURVE('',#9870,#926,#15189,.T.);
#15191=ORIENTED_EDGE('',*,*,#15190,.F.);
#15192=ORIENTED_EDGE('',*,*,#9921,.T.);
#15193=ORIENTED_EDGE('',*,*,#11886,.F.);
#15194=ORIENTED_EDGE('',*,*,#11903,.T.);
#15195=CARTESIAN_POINT('',(-30.423115093,52.769756612,-44.677552414));
#15196=DIRECTION('',(1.,-0.,-0.));
#15197=VECTOR('',#15196,1.5);
#15198=LINE('',#15195,#15197);
#15199=EDGE_CURVE('',#11897,#935,#15198,.T.);
#15200=ORIENTED_EDGE('',*,*,#15199,.T.);
#15201=ORIENTED_EDGE('',*,*,#941,.T.);
#15202=EDGE_LOOP('',(#15191,#15192,#15193,#15194,#15200,#15201));
#15203=FACE_BOUND('',#15202,.T.);
#15204=ADVANCED_FACE('',(#15203),#15185,.F.);
#15205=CARTESIAN_POINT('',(-30.423115093,38.968841464,38.034294516));
#15206=DIRECTION('',(0.,0.649448048,-0.760405966));
#15207=DIRECTION('',(0.,0.760405966,0.649448048));
#15208=AXIS2_PLACEMENT_3D('',#15205,#15206,#15207);
#15209=PLANE('',#15208);
#15210=ORIENTED_EDGE('',*,*,#10303,.F.);
#15211=ORIENTED_EDGE('',*,*,#11536,.T.);
#15212=ORIENTED_EDGE('',*,*,#1411,.F.);
#15213=ORIENTED_EDGE('',*,*,#9231,.F.);
#15214=CARTESIAN_POINT('',(-30.423115093,46.937682928,44.840328096));
#15215=DIRECTION('',(-1.,0.,0.));
#15216=VECTOR('',#15215,2.118010503);
#15217=LINE('',#15214,#15216);
#15218=EDGE_CURVE('',#9219,#10270,#15217,.T.);
#15219=ORIENTED_EDGE('',*,*,#15218,.T.);
#15220=EDGE_LOOP('',(#15210,#15211,#15212,#15213,#15219));
#15221=FACE_BOUND('',#15220,.T.);
#15222=ADVANCED_FACE('',(#15221),#15209,.F.);
#15223=CARTESIAN_POINT('',(-30.923115093,50.,50.));
#15224=DIRECTION('',(-1.,0.,0.));
#15225=DIRECTION('',(0.,0.,1.));
#15226=AXIS2_PLACEMENT_3D('',#15223,#15224,#15225);
#15227=CYLINDRICAL_SURFACE('',#15226,6.);
#15228=ORIENTED_EDGE('',*,*,#11519,.T.);
#15229=ORIENTED_EDGE('',*,*,#10312,.T.);
#15230=ORIENTED_EDGE('',*,*,#15218,.F.);
#15231=ORIENTED_EDGE('',*,*,#9225,.T.);
#15232=ORIENTED_EDGE('',*,*,#5747,.T.);
#15233=ORIENTED_EDGE('',*,*,#14473,.T.);
#15234=ORIENTED_EDGE('',*,*,#5577,.F.);
#15235=ORIENTED_EDGE('',*,*,#8810,.T.);
#15236=ORIENTED_EDGE('',*,*,#5537,.T.);
#15237=ORIENTED_EDGE('',*,*,#14536,.T.);
#15238=ORIENTED_EDGE('',*,*,#5233,.F.);
#15239=ORIENTED_EDGE('',*,*,#7977,.T.);
#15240=ORIENTED_EDGE('',*,*,#5193,.T.);
#15241=ORIENTED_EDGE('',*,*,#14519,.T.);
#15242=ORIENTED_EDGE('',*,*,#15139,.T.);
#15243=ORIENTED_EDGE('',*,*,#3290,.T.);
#15244=ORIENTED_EDGE('',*,*,#14669,.T.);
#15245=ORIENTED_EDGE('',*,*,#10187,.T.);
#15246=ORIENTED_EDGE('',*,*,#11473,.F.);
#15247=ORIENTED_EDGE('',*,*,#11490,.T.);
#15248=EDGE_LOOP('',(#15228,#15229,#15230,#15231,#15232,#15233,#15234,#15235,#15236,#15237,#15238,#15239,#15240,#15241,#15242,#15243,#15244,#15245,#15246,#15247));
#15249=FACE_BOUND('',#15248,.T.);
#15250=ADVANCED_FACE('',(#15249),#15227,.F.);
#15251=CARTESIAN_POINT('',(-30.423115093,0.,0.));
#15252=DIRECTION('',(-1.,0.,0.));
#15253=DIRECTION('',(0.,-1.,0.));
#15254=AXIS2_PLACEMENT_3D('',#15251,#15252,#15253);
#15255=PLANE('',#15254);
#15256=CARTESIAN_POINT('',(-30.423115093,33.3123235,-56.972268384));
#15257=VERTEX_POINT('',#15256);
#15258=CARTESIAN_POINT('',(-30.423115093,33.,-56.972268384));
#15259=VERTEX_POINT('',#15258);
#15260=CARTESIAN_POINT('',(-30.423115093,33.3123235,-56.972268384));
#15261=DIRECTION('',(0.,-1.,0.));
#15262=VECTOR('',#15261,0.3123235);
#15263=LINE('',#15260,#15262);
#15264=EDGE_CURVE('',#15257,#15259,#15263,.T.);
#15265=ORIENTED_EDGE('',*,*,#15264,.T.);
#15266=CARTESIAN_POINT('',(-30.423115093,33.,-54.972268384));
#15267=DIRECTION('',(-1.,0.,0.));
#15268=DIRECTION('',(0.,0.,1.));
#15269=AXIS2_PLACEMENT_3D('',#15266,#15267,#15268);
#15270=CIRCLE('',#15269,2.);
#15271=EDGE_CURVE('',#15259,#2768,#15270,.T.);
#15272=ORIENTED_EDGE('',*,*,#15271,.T.);
#15273=ORIENTED_EDGE('',*,*,#2773,.T.);
#15274=CARTESIAN_POINT('',(-30.423115093,33.3123235,-56.972268384));
#15275=DIRECTION('',(0.,-0.619093949,0.785316931));
#15276=VECTOR('',#15275,3.735012275);
#15277=LINE('',#15274,#15276);
#15278=EDGE_CURVE('',#15257,#2760,#15277,.T.);
#15279=ORIENTED_EDGE('',*,*,#15278,.F.);
#15280=EDGE_LOOP('',(#15265,#15272,#15273,#15279));
#15281=FACE_BOUND('',#15280,.T.);
#15282=ADVANCED_FACE('',(#15281),#15255,.T.);
#15283=CARTESIAN_POINT('',(-30.423115093,28.199067597,-50.486134192));
#15284=DIRECTION('',(0.,-0.785316931,-0.619093949));
#15285=DIRECTION('',(0.,0.619093949,-0.785316931));
#15286=AXIS2_PLACEMENT_3D('',#15283,#15284,#15285);
#15287=PLANE('',#15286);
#15288=ORIENTED_EDGE('',*,*,#15278,.T.);
#15289=ORIENTED_EDGE('',*,*,#2765,.T.);
#15290=CARTESIAN_POINT('',(-38.923115093,33.3123235,-56.972268384));
#15291=VERTEX_POINT('',#15290);
#15292=CARTESIAN_POINT('',(-38.923115093,33.3123235,-56.972268384));
#15293=DIRECTION('',(0.,-0.619093949,0.785316931));
#15294=VECTOR('',#15293,3.735012275);
#15295=LINE('',#15292,#15294);
#15296=EDGE_CURVE('',#15291,#2752,#15295,.T.);
#15297=ORIENTED_EDGE('',*,*,#15296,.F.);
#15298=CARTESIAN_POINT('',(-30.423115093,33.3123235,-56.972268384));
#15299=DIRECTION('',(-1.,0.,0.));
#15300=VECTOR('',#15299,8.5);
#15301=LINE('',#15298,#15300);
#15302=EDGE_CURVE('',#15257,#15291,#15301,.T.);
#15303=ORIENTED_EDGE('',*,*,#15302,.F.);
#15304=EDGE_LOOP('',(#15288,#15289,#15297,#15303));
#15305=FACE_BOUND('',#15304,.T.);
#15306=ADVANCED_FACE('',(#15305),#15287,.T.);
#15307=CARTESIAN_POINT('',(-30.423115093,0.,0.));
#15308=DIRECTION('',(-1.,0.,0.));
#15309=DIRECTION('',(0.,-1.,0.));
#15310=AXIS2_PLACEMENT_3D('',#15307,#15308,#15309);
#15311=PLANE('',#15310);
#15312=CARTESIAN_POINT('',(-30.423115093,35.30762481,-56.972268384));
#15313=VERTEX_POINT('',#15312);
#15314=CARTESIAN_POINT('',(-30.423115093,35.30762481,-56.972268384));
#15315=DIRECTION('',(0.,-0.649448048,0.760405966));
#15316=VECTOR('',#15315,6.632747332);
#15317=LINE('',#15314,#15316);
#15318=EDGE_CURVE('',#15313,#2736,#15317,.T.);
#15319=ORIENTED_EDGE('',*,*,#15318,.T.);
#15320=ORIENTED_EDGE('',*,*,#2741,.T.);
#15321=CARTESIAN_POINT('',(-30.423115093,36.885719145,-56.972268384));
#15322=VERTEX_POINT('',#15321);
#15323=CARTESIAN_POINT('',(-30.423115093,36.885719145,-56.972268384));
#15324=DIRECTION('',(0.,-0.649448048,0.760405966));
#15325=VECTOR('',#15324,9.062648137);
#15326=LINE('',#15323,#15325);
#15327=EDGE_CURVE('',#15322,#2728,#15326,.T.);
#15328=ORIENTED_EDGE('',*,*,#15327,.F.);
#15329=CARTESIAN_POINT('',(-30.423115093,36.885719145,-56.972268384));
#15330=DIRECTION('',(0.,-1.,0.));
#15331=VECTOR('',#15330,1.578094335);
#15332=LINE('',#15329,#15331);
#15333=EDGE_CURVE('',#15322,#15313,#15332,.T.);
#15334=ORIENTED_EDGE('',*,*,#15333,.T.);
#15335=EDGE_LOOP('',(#15319,#15320,#15328,#15334));
#15336=FACE_BOUND('',#15335,.T.);
#15337=ADVANCED_FACE('',(#15336),#15311,.T.);
#15338=CARTESIAN_POINT('',(-30.423115093,29.767942873,-50.486134192));
#15339=DIRECTION('',(0.,-0.760405966,-0.649448048));
#15340=DIRECTION('',(0.,0.649448048,-0.760405966));
#15341=AXIS2_PLACEMENT_3D('',#15338,#15339,#15340);
#15342=PLANE('',#15341);
#15343=ORIENTED_EDGE('',*,*,#2749,.F.);
#15344=ORIENTED_EDGE('',*,*,#15318,.F.);
#15345=CARTESIAN_POINT('',(-38.923115093,35.30762481,-56.972268384));
#15346=VERTEX_POINT('',#15345);
#15347=CARTESIAN_POINT('',(-30.423115093,35.30762481,-56.972268384));
#15348=DIRECTION('',(-1.,0.,0.));
#15349=VECTOR('',#15348,8.5);
#15350=LINE('',#15347,#15349);
#15351=EDGE_CURVE('',#15313,#15346,#15350,.T.);
#15352=ORIENTED_EDGE('',*,*,#15351,.T.);
#15353=CARTESIAN_POINT('',(-38.923115093,35.30762481,-56.972268384));
#15354=DIRECTION('',(0.,-0.649448048,0.760405966));
#15355=VECTOR('',#15354,6.632747332);
#15356=LINE('',#15353,#15355);
#15357=EDGE_CURVE('',#15346,#2744,#15356,.T.);
#15358=ORIENTED_EDGE('',*,*,#15357,.T.);
#15359=EDGE_LOOP('',(#15343,#15344,#15352,#15358));
#15360=FACE_BOUND('',#15359,.T.);
#15361=ADVANCED_FACE('',(#15360),#15342,.F.);
#15362=CARTESIAN_POINT('',(-38.923115093,0.,0.));
#15363=DIRECTION('',(1.,0.,0.));
#15364=DIRECTION('',(0.,1.,0.));
#15365=AXIS2_PLACEMENT_3D('',#15362,#15363,#15364);
#15366=PLANE('',#15365);
#15367=ORIENTED_EDGE('',*,*,#2757,.F.);
#15368=ORIENTED_EDGE('',*,*,#15357,.F.);
#15369=CARTESIAN_POINT('',(-38.923115093,35.30762481,-56.972268384));
#15370=DIRECTION('',(0.,-1.,0.));
#15371=VECTOR('',#15370,1.995301309);
#15372=LINE('',#15369,#15371);
#15373=EDGE_CURVE('',#15346,#15291,#15372,.T.);
#15374=ORIENTED_EDGE('',*,*,#15373,.T.);
#15375=ORIENTED_EDGE('',*,*,#15296,.T.);
#15376=EDGE_LOOP('',(#15367,#15368,#15374,#15375));
#15377=FACE_BOUND('',#15376,.T.);
#15378=ADVANCED_FACE('',(#15377),#15366,.F.);
#15379=CARTESIAN_POINT('',(-30.423115093,31.345909209,-50.485984324));
#15380=DIRECTION('',(0.,-0.760405966,-0.649448048));
#15381=DIRECTION('',(0.,0.649448048,-0.760405966));
#15382=AXIS2_PLACEMENT_3D('',#15379,#15380,#15381);
#15383=PLANE('',#15382);
#15384=ORIENTED_EDGE('',*,*,#15327,.T.);
#15385=ORIENTED_EDGE('',*,*,#2733,.T.);
#15386=CARTESIAN_POINT('',(-38.623115093,36.480374437,-56.497670708));
#15387=DIRECTION('',(0.,-0.649448048,0.760405966));
#15388=VECTOR('',#15387,8.438510903);
#15389=LINE('',#15386,#15388);
#15390=EDGE_CURVE('',#10389,#2720,#15389,.T.);
#15391=ORIENTED_EDGE('',*,*,#15390,.F.);
#15392=ORIENTED_EDGE('',*,*,#10395,.T.);
#15393=CARTESIAN_POINT('',(-30.423115093,36.885719145,-56.972268384));
#15394=DIRECTION('',(-1.,0.,0.));
#15395=VECTOR('',#15394,8.198878547);
#15396=LINE('',#15393,#15395);
#15397=EDGE_CURVE('',#15322,#10380,#15396,.T.);
#15398=ORIENTED_EDGE('',*,*,#15397,.F.);
#15399=EDGE_LOOP('',(#15384,#15385,#15391,#15392,#15398));
#15400=FACE_BOUND('',#15399,.T.);
#15401=ADVANCED_FACE('',(#15400),#15383,.T.);
#15402=CARTESIAN_POINT('',(-30.423115093,0.,0.));
#15403=DIRECTION('',(-1.,0.,0.));
#15404=DIRECTION('',(0.,-1.,0.));
#15405=AXIS2_PLACEMENT_3D('',#15402,#15403,#15404);
#15406=PLANE('',#15405);
#15407=CARTESIAN_POINT('',(-30.423115093,39.07437724,-56.972268384));
#15408=VERTEX_POINT('',#15407);
#15409=CARTESIAN_POINT('',(-30.423115093,39.07437724,-56.972268384));
#15410=DIRECTION('',(0.,-0.678800746,0.734322509));
#15411=VECTOR('',#15410,11.895062421);
#15412=LINE('',#15409,#15411);
#15413=EDGE_CURVE('',#15408,#2704,#15412,.T.);
#15414=ORIENTED_EDGE('',*,*,#15413,.T.);
#15415=ORIENTED_EDGE('',*,*,#2709,.T.);
#15416=CARTESIAN_POINT('',(-30.423115093,40.708526175,-56.972268384));
#15417=VERTEX_POINT('',#15416);
#15418=CARTESIAN_POINT('',(-30.423115093,40.708526175,-56.972268384));
#15419=DIRECTION('',(0.,-0.678800746,0.734322509));
#15420=VECTOR('',#15419,14.302468344);
#15421=LINE('',#15418,#15420);
#15422=EDGE_CURVE('',#15417,#2696,#15421,.T.);
#15423=ORIENTED_EDGE('',*,*,#15422,.F.);
#15424=CARTESIAN_POINT('',(-30.423115093,40.708526175,-56.972268384));
#15425=DIRECTION('',(0.,-1.,0.));
#15426=VECTOR('',#15425,1.634148935);
#15427=LINE('',#15424,#15426);
#15428=EDGE_CURVE('',#15417,#15408,#15427,.T.);
#15429=ORIENTED_EDGE('',*,*,#15428,.T.);
#15430=EDGE_LOOP('',(#15414,#15415,#15423,#15429));
#15431=FACE_BOUND('',#15430,.T.);
#15432=ADVANCED_FACE('',(#15431),#15406,.T.);
#15433=CARTESIAN_POINT('',(-30.423115093,33.014021073,-50.416212018));
#15434=DIRECTION('',(0.,-0.734322509,-0.678800746));
#15435=DIRECTION('',(0.,0.678800746,-0.734322509));
#15436=AXIS2_PLACEMENT_3D('',#15433,#15434,#15435);
#15437=PLANE('',#15436);
#15438=ORIENTED_EDGE('',*,*,#2717,.F.);
#15439=ORIENTED_EDGE('',*,*,#15413,.F.);
#15440=CARTESIAN_POINT('',(-30.423115093,39.07437724,-56.972268384));
#15441=DIRECTION('',(-1.,0.,0.));
#15442=VECTOR('',#15441,7.983225849);
#15443=LINE('',#15440,#15442);
#15444=EDGE_CURVE('',#15408,#10368,#15443,.T.);
#15445=ORIENTED_EDGE('',*,*,#15444,.T.);
#15446=ORIENTED_EDGE('',*,*,#10377,.F.);
#15447=CARTESIAN_POINT('',(-38.623115093,35.27574759,-52.862933981));
#15448=DIRECTION('',(0.,-0.678800746,0.734322509));
#15449=VECTOR('',#15448,6.298973032);
#15450=LINE('',#15447,#15449);
#15451=EDGE_CURVE('',#10366,#2712,#15450,.T.);
#15452=ORIENTED_EDGE('',*,*,#15451,.T.);
#15453=EDGE_LOOP('',(#15438,#15439,#15445,#15446,#15452));
#15454=FACE_BOUND('',#15453,.T.);
#15455=ADVANCED_FACE('',(#15454),#15437,.F.);
#15456=CARTESIAN_POINT('',(-30.423115093,34.439517067,-50.190492538));
#15457=DIRECTION('',(0.,-0.734322509,-0.678800746));
#15458=DIRECTION('',(0.,0.678800746,-0.734322509));
#15459=AXIS2_PLACEMENT_3D('',#15456,#15457,#15458);
#15460=PLANE('',#15459);
#15461=ORIENTED_EDGE('',*,*,#15422,.T.);
#15462=ORIENTED_EDGE('',*,*,#2701,.T.);
#15463=CARTESIAN_POINT('',(-38.623115093,35.022493253,-50.821152623));
#15464=DIRECTION('',(0.,-0.678800746,0.734322509));
#15465=VECTOR('',#15464,5.925882196);
#15466=LINE('',#15463,#15465);
#15467=EDGE_CURVE('',#10753,#2688,#15466,.T.);
#15468=ORIENTED_EDGE('',*,*,#15467,.F.);
#15469=ORIENTED_EDGE('',*,*,#10795,.T.);
#15470=ORIENTED_EDGE('',*,*,#10897,.T.);
#15471=CARTESIAN_POINT('',(-30.423115093,40.708526175,-56.972268384));
#15472=DIRECTION('',(-1.,0.,0.));
#15473=VECTOR('',#15472,7.656148915);
#15474=LINE('',#15471,#15473);
#15475=EDGE_CURVE('',#15417,#10881,#15474,.T.);
#15476=ORIENTED_EDGE('',*,*,#15475,.F.);
#15477=EDGE_LOOP('',(#15461,#15462,#15468,#15469,#15470,#15476));
#15478=FACE_BOUND('',#15477,.T.);
#15479=ADVANCED_FACE('',(#15478),#15460,.T.);
#15480=CARTESIAN_POINT('',(-38.623115093,0.,0.));
#15481=DIRECTION('',(1.,0.,0.));
#15482=DIRECTION('',(0.,1.,0.));
#15483=AXIS2_PLACEMENT_3D('',#15480,#15481,#15482);
#15484=PLANE('',#15483);
#15485=ORIENTED_EDGE('',*,*,#2725,.F.);
#15486=ORIENTED_EDGE('',*,*,#15451,.F.);
#15487=ORIENTED_EDGE('',*,*,#10402,.F.);
#15488=ORIENTED_EDGE('',*,*,#15390,.T.);
#15489=EDGE_LOOP('',(#15485,#15486,#15487,#15488));
#15490=FACE_BOUND('',#15489,.T.);
#15491=ADVANCED_FACE('',(#15490),#15484,.F.);
#15492=CARTESIAN_POINT('',(-30.423115093,0.,0.));
#15493=DIRECTION('',(-1.,0.,0.));
#15494=DIRECTION('',(0.,-1.,0.));
#15495=AXIS2_PLACEMENT_3D('',#15492,#15493,#15494);
#15496=PLANE('',#15495);
#15497=CARTESIAN_POINT('',(-30.423115093,43.123745658,-56.972268384));
#15498=VERTEX_POINT('',#15497);
#15499=CARTESIAN_POINT('',(-30.423115093,43.123745658,-56.972268384));
#15500=DIRECTION('',(0.,-0.707106781,0.707106781));
#15501=VECTOR('',#15500,17.145565536);
#15502=LINE('',#15499,#15501);
#15503=EDGE_CURVE('',#15498,#2672,#15502,.T.);
#15504=ORIENTED_EDGE('',*,*,#15503,.T.);
#15505=ORIENTED_EDGE('',*,*,#2677,.T.);
#15506=CARTESIAN_POINT('',(-30.423115093,44.82079111,-56.972268384));
#15507=VERTEX_POINT('',#15506);
#15508=CARTESIAN_POINT('',(-30.423115093,44.82079111,-56.972268384));
#15509=DIRECTION('',(0.,-0.707106781,0.707106781));
#15510=VECTOR('',#15509,19.54555023);
#15511=LINE('',#15508,#15510);
#15512=EDGE_CURVE('',#15507,#2664,#15511,.T.);
#15513=ORIENTED_EDGE('',*,*,#15512,.F.);
#15514=CARTESIAN_POINT('',(-30.423115093,44.82079111,-56.972268384));
#15515=DIRECTION('',(0.,-1.,0.));
#15516=VECTOR('',#15515,1.697045452);
#15517=LINE('',#15514,#15516);
#15518=EDGE_CURVE('',#15507,#15498,#15517,.T.);
#15519=ORIENTED_EDGE('',*,*,#15518,.T.);
#15520=EDGE_LOOP('',(#15504,#15505,#15513,#15519));
#15521=FACE_BOUND('',#15520,.T.);
#15522=ADVANCED_FACE('',(#15521),#15496,.T.);
#15523=CARTESIAN_POINT('',(-30.423115093,36.068735931,-49.917258657));
#15524=DIRECTION('',(0.,-0.707106781,-0.707106781));
#15525=DIRECTION('',(0.,0.707106781,-0.707106781));
#15526=AXIS2_PLACEMENT_3D('',#15523,#15524,#15525);
#15527=PLANE('',#15526);
#15528=ORIENTED_EDGE('',*,*,#2685,.F.);
#15529=ORIENTED_EDGE('',*,*,#15503,.F.);
#15530=CARTESIAN_POINT('',(-30.423115093,43.123745658,-56.972268384));
#15531=DIRECTION('',(-1.,0.,0.));
#15532=VECTOR('',#15531,7.239254448);
#15533=LINE('',#15530,#15532);
#15534=EDGE_CURVE('',#15498,#10863,#15533,.T.);
#15535=ORIENTED_EDGE('',*,*,#15534,.T.);
#15536=ORIENTED_EDGE('',*,*,#10878,.F.);
#15537=ORIENTED_EDGE('',*,*,#10779,.F.);
#15538=CARTESIAN_POINT('',(-38.623115093,35.041150622,-48.889673348));
#15539=DIRECTION('',(0.,-0.707106781,0.707106781));
#15540=VECTOR('',#15539,5.715050017);
#15541=LINE('',#15538,#15540);
#15542=EDGE_CURVE('',#10755,#2680,#15541,.T.);
#15543=ORIENTED_EDGE('',*,*,#15542,.T.);
#15544=EDGE_LOOP('',(#15528,#15529,#15535,#15536,#15537,#15543));
#15545=FACE_BOUND('',#15544,.T.);
#15546=ADVANCED_FACE('',(#15545),#15527,.F.);
#15547=CARTESIAN_POINT('',(-30.423115093,37.34152002,-49.492997294));
#15548=DIRECTION('',(0.,-0.707106781,-0.707106781));
#15549=DIRECTION('',(0.,0.707106781,-0.707106781));
#15550=AXIS2_PLACEMENT_3D('',#15547,#15548,#15549);
#15551=PLANE('',#15550);
#15552=ORIENTED_EDGE('',*,*,#15512,.T.);
#15553=ORIENTED_EDGE('',*,*,#2669,.T.);
#15554=CARTESIAN_POINT('',(-38.623115093,35.230274935,-47.381752209));
#15555=DIRECTION('',(0.,-0.707106781,0.707106781));
#15556=VECTOR('',#15555,5.982512185);
#15557=LINE('',#15554,#15556);
#15558=EDGE_CURVE('',#10717,#2656,#15557,.T.);
#15559=ORIENTED_EDGE('',*,*,#15558,.F.);
#15560=ORIENTED_EDGE('',*,*,#10735,.T.);
#15561=ORIENTED_EDGE('',*,*,#10671,.T.);
#15562=CARTESIAN_POINT('',(-30.423115093,44.82079111,-56.972268384));
#15563=DIRECTION('',(-1.,0.,0.));
#15564=VECTOR('',#15563,6.967838413);
#15565=LINE('',#15562,#15564);
#15566=EDGE_CURVE('',#15507,#10641,#15565,.T.);
#15567=ORIENTED_EDGE('',*,*,#15566,.F.);
#15568=EDGE_LOOP('',(#15552,#15553,#15559,#15560,#15561,#15567));
#15569=FACE_BOUND('',#15568,.T.);
#15570=ADVANCED_FACE('',(#15569),#15551,.T.);
#15571=CARTESIAN_POINT('',(-38.623115093,0.,0.));
#15572=DIRECTION('',(1.,0.,0.));
#15573=DIRECTION('',(0.,1.,0.));
#15574=AXIS2_PLACEMENT_3D('',#15571,#15572,#15573);
#15575=PLANE('',#15574);
#15576=ORIENTED_EDGE('',*,*,#1171,.F.);
#15577=CARTESIAN_POINT('',(-38.623115093,36.485588884,-43.491490786));
#15578=DIRECTION('',(0.,-0.760405966,0.649448048));
#15579=VECTOR('',#15578,7.214026628);
#15580=LINE('',#15577,#15579);
#15581=EDGE_CURVE('',#14549,#1160,#15580,.T.);
#15582=ORIENTED_EDGE('',*,*,#15581,.F.);
#15583=ORIENTED_EDGE('',*,*,#14642,.F.);
#15584=CARTESIAN_POINT('',(-38.623115093,35.974580449,-44.681390557));
#15585=DIRECTION('',(0.,-0.734322509,0.678800746));
#15586=VECTOR('',#15585,6.77438099);
#15587=LINE('',#15584,#15586);
#15588=EDGE_CURVE('',#14593,#1144,#15587,.T.);
#15589=ORIENTED_EDGE('',*,*,#15588,.T.);
#15590=EDGE_LOOP('',(#15576,#15582,#15583,#15589));
#15591=FACE_BOUND('',#15590,.T.);
#15592=ADVANCED_FACE('',(#15591),#15575,.F.);
#15593=CARTESIAN_POINT('',(-30.423115093,0.,0.));
#15594=DIRECTION('',(-1.,0.,0.));
#15595=DIRECTION('',(0.,-1.,0.));
#15596=AXIS2_PLACEMENT_3D('',#15593,#15594,#15595);
#15597=PLANE('',#15596);
#15598=CARTESIAN_POINT('',(-30.423115093,47.502964814,-56.972268384));
#15599=VERTEX_POINT('',#15598);
#15600=CARTESIAN_POINT('',(-30.423115093,31.036422284,-41.750753039));
#15601=VERTEX_POINT('',#15600);
#15602=CARTESIAN_POINT('',(-30.423115093,47.502964814,-56.972268384));
#15603=DIRECTION('',(0.,-0.734322509,0.678800746));
#15604=VECTOR('',#15603,22.424128797);
#15605=LINE('',#15602,#15604);
#15606=EDGE_CURVE('',#15599,#15601,#15605,.T.);
#15607=ORIENTED_EDGE('',*,*,#15606,.T.);
#15608=CARTESIAN_POINT('',(-30.423115093,31.845238095,-41.576413946));
#15609=VERTEX_POINT('',#15608);
#15610=CARTESIAN_POINT('',(-30.423115093,31.5,-41.938091506));
#15611=DIRECTION('',(-1.,0.,0.));
#15612=DIRECTION('',(0.,0.,1.));
#15613=AXIS2_PLACEMENT_3D('',#15610,#15611,#15612);
#15614=CIRCLE('',#15613,0.5);
#15615=EDGE_CURVE('',#15601,#15609,#15614,.T.);
#15616=ORIENTED_EDGE('',*,*,#15615,.T.);
#15617=CARTESIAN_POINT('',(-30.423115093,33.636888523,-42.520450369));
#15618=VERTEX_POINT('',#15617);
#15619=CARTESIAN_POINT('',(-30.423115093,34.4,-38.9));
#15620=DIRECTION('',(-1.,0.,0.));
#15621=DIRECTION('',(0.,0.,1.));
#15622=AXIS2_PLACEMENT_3D('',#15619,#15620,#15621);
#15623=CIRCLE('',#15622,3.7);
#15624=EDGE_CURVE('',#15618,#15609,#15623,.T.);
#15625=ORIENTED_EDGE('',*,*,#15624,.F.);
#15626=CARTESIAN_POINT('',(-30.423115093,44.63555443,-52.687512554));
#15627=VERTEX_POINT('',#15626);
#15628=CARTESIAN_POINT('',(-30.423115093,44.63555443,-52.687512554));
#15629=DIRECTION('',(0.,-0.734322509,0.678800746));
#15630=VECTOR('',#15629,14.97797734);
#15631=LINE('',#15628,#15630);
#15632=EDGE_CURVE('',#15627,#15618,#15631,.T.);
#15633=ORIENTED_EDGE('',*,*,#15632,.F.);
#15634=CARTESIAN_POINT('',(-30.423115093,50.,-50.));
#15635=DIRECTION('',(-1.,-0.,0.));
#15636=DIRECTION('',(0.,-0.376389717,-0.92646143));
#15637=AXIS2_PLACEMENT_3D('',#15634,#15635,#15636);
#15638=CIRCLE('',#15637,6.);
#15639=EDGE_CURVE('',#15155,#15627,#15638,.T.);
#15640=ORIENTED_EDGE('',*,*,#15639,.F.);
#15641=ORIENTED_EDGE('',*,*,#15163,.T.);
#15642=CARTESIAN_POINT('',(-30.423115093,48.307588495,-56.972268384));
#15643=DIRECTION('',(0.,-1.,0.));
#15644=VECTOR('',#15643,0.804623681);
#15645=LINE('',#15642,#15644);
#15646=EDGE_CURVE('',#15157,#15599,#15645,.T.);
#15647=ORIENTED_EDGE('',*,*,#15646,.T.);
#15648=EDGE_LOOP('',(#15607,#15616,#15625,#15633,#15640,#15641,#15647));
#15649=FACE_BOUND('',#15648,.T.);
#15650=ADVANCED_FACE('',(#15649),#15597,.T.);
#15651=CARTESIAN_POINT('',(-30.423115093,38.955840753,-49.071388171));
#15652=DIRECTION('',(0.,-0.678800746,-0.734322509));
#15653=DIRECTION('',(0.,0.734322509,-0.678800746));
#15654=AXIS2_PLACEMENT_3D('',#15651,#15652,#15653);
#15655=PLANE('',#15654);
#15656=CARTESIAN_POINT('',(-38.623115093,31.036422284,-41.750753039));
#15657=VERTEX_POINT('',#15656);
#15658=CARTESIAN_POINT('',(-38.623115093,35.561641346,-45.933822512));
#15659=DIRECTION('',(0.,-0.734322509,0.678800746));
#15660=VECTOR('',#15659,6.162440894);
#15661=LINE('',#15658,#15660);
#15662=EDGE_CURVE('',#10689,#15657,#15661,.T.);
#15663=ORIENTED_EDGE('',*,*,#15662,.T.);
#15664=CARTESIAN_POINT('',(-38.623115093,31.036422284,-41.750753039));
#15665=DIRECTION('',(1.,0.,-0.));
#15666=VECTOR('',#15665,8.2);
#15667=LINE('',#15664,#15666);
#15668=EDGE_CURVE('',#15657,#15601,#15667,.T.);
#15669=ORIENTED_EDGE('',*,*,#15668,.T.);
#15670=ORIENTED_EDGE('',*,*,#15606,.F.);
#15671=CARTESIAN_POINT('',(-30.423115093,47.502964814,-56.972268384));
#15672=DIRECTION('',(-1.,0.,0.));
#15673=VECTOR('',#15672,6.604850631);
#15674=LINE('',#15671,#15673);
#15675=EDGE_CURVE('',#15599,#10611,#15674,.T.);
#15676=ORIENTED_EDGE('',*,*,#15675,.T.);
#15677=ORIENTED_EDGE('',*,*,#10638,.F.);
#15678=ORIENTED_EDGE('',*,*,#10713,.F.);
#15679=EDGE_LOOP('',(#15663,#15669,#15670,#15676,#15677,#15678));
#15680=FACE_BOUND('',#15679,.T.);
#15681=ADVANCED_FACE('',(#15680),#15655,.F.);
#15682=CARTESIAN_POINT('',(-30.423115093,37.747855041,-46.32058873));
#15683=DIRECTION('',(0.,-0.678800746,-0.734322509));
#15684=DIRECTION('',(0.,0.734322509,-0.678800746));
#15685=AXIS2_PLACEMENT_3D('',#15682,#15683,#15684);
#15686=PLANE('',#15685);
#15687=CARTESIAN_POINT('',(-32.923115093,33.636888523,-42.520450369));
#15688=VERTEX_POINT('',#15687);
#15689=CARTESIAN_POINT('',(-32.923115093,33.636888523,-42.520450369));
#15690=DIRECTION('',(1.,0.,-0.));
#15691=VECTOR('',#15690,2.5);
#15692=LINE('',#15689,#15691);
#15693=EDGE_CURVE('',#15688,#15618,#15692,.T.);
#15694=ORIENTED_EDGE('',*,*,#15693,.F.);
#15695=CARTESIAN_POINT('',(-32.923115093,33.636888523,-42.520450369));
#15696=DIRECTION('',(0.,-0.734322509,0.678800746));
#15697=VECTOR('',#15696,3.590913379);
#15698=LINE('',#15695,#15697);
#15699=EDGE_CURVE('',#15688,#1142,#15698,.T.);
#15700=ORIENTED_EDGE('',*,*,#15699,.T.);
#15701=ORIENTED_EDGE('',*,*,#1149,.T.);
#15702=ORIENTED_EDGE('',*,*,#15588,.F.);
#15703=ORIENTED_EDGE('',*,*,#14635,.T.);
#15704=CARTESIAN_POINT('',(-30.423115093,44.63555443,-52.687512554));
#15705=DIRECTION('',(-1.,0.,0.));
#15706=VECTOR('',#15705,2.118010503);
#15707=LINE('',#15704,#15706);
#15708=EDGE_CURVE('',#15627,#14584,#15707,.T.);
#15709=ORIENTED_EDGE('',*,*,#15708,.F.);
#15710=ORIENTED_EDGE('',*,*,#15632,.T.);
#15711=EDGE_LOOP('',(#15694,#15700,#15701,#15702,#15703,#15709,#15710));
#15712=FACE_BOUND('',#15711,.T.);
#15713=ADVANCED_FACE('',(#15712),#15686,.T.);
#15714=CARTESIAN_POINT('',(-30.423115093,37.500187794,-44.358040119));
#15715=DIRECTION('',(0.,-0.649448048,-0.760405966));
#15716=DIRECTION('',(0.,0.760405966,-0.649448048));
#15717=AXIS2_PLACEMENT_3D('',#15714,#15715,#15716);
#15718=PLANE('',#15717);
#15719=CARTESIAN_POINT('',(-32.923115093,35.309012428,-42.48659956));
#15720=VERTEX_POINT('',#15719);
#15721=CARTESIAN_POINT('',(-32.923115093,35.309012428,-42.48659956));
#15722=DIRECTION('',(0.,-0.760405966,0.649448048));
#15723=VECTOR('',#15722,5.666726227);
#15724=LINE('',#15721,#15723);
#15725=EDGE_CURVE('',#15720,#1152,#15724,.T.);
#15726=ORIENTED_EDGE('',*,*,#15725,.F.);
#15727=CARTESIAN_POINT('',(-32.923115093,35.309012428,-42.48659956));
#15728=DIRECTION('',(1.,0.,-0.));
#15729=VECTOR('',#15728,2.5);
#15730=LINE('',#15727,#15729);
#15731=EDGE_CURVE('',#15720,#2607,#15730,.T.);
#15732=ORIENTED_EDGE('',*,*,#15731,.T.);
#15733=ORIENTED_EDGE('',*,*,#2636,.F.);
#15734=CARTESIAN_POINT('',(-30.423115093,44.000675324,-49.909980964));
#15735=DIRECTION('',(-1.,0.,0.));
#15736=VECTOR('',#15735,2.118010503);
#15737=LINE('',#15734,#15736);
#15738=EDGE_CURVE('',#2624,#14551,#15737,.T.);
#15739=ORIENTED_EDGE('',*,*,#15738,.T.);
#15740=ORIENTED_EDGE('',*,*,#14581,.F.);
#15741=ORIENTED_EDGE('',*,*,#15581,.T.);
#15742=ORIENTED_EDGE('',*,*,#1165,.F.);
#15743=EDGE_LOOP('',(#15726,#15732,#15733,#15739,#15740,#15741,#15742));
#15744=FACE_BOUND('',#15743,.T.);
#15745=ADVANCED_FACE('',(#15744),#15718,.F.);
#15746=CARTESIAN_POINT('',(-38.623115093,0.,0.));
#15747=DIRECTION('',(1.,0.,0.));
#15748=DIRECTION('',(0.,1.,0.));
#15749=AXIS2_PLACEMENT_3D('',#15746,#15747,#15748);
#15750=PLANE('',#15749);
#15751=ORIENTED_EDGE('',*,*,#2661,.F.);
#15752=CARTESIAN_POINT('',(-38.623115093,31.5,-41.938091506));
#15753=DIRECTION('',(-1.,-0.,-0.));
#15754=DIRECTION('',(0.,0.,-1.));
#15755=AXIS2_PLACEMENT_3D('',#15752,#15753,#15754);
#15756=CIRCLE('',#15755,0.5);
#15757=EDGE_CURVE('',#2648,#15657,#15756,.T.);
#15758=ORIENTED_EDGE('',*,*,#15757,.T.);
#15759=ORIENTED_EDGE('',*,*,#15662,.F.);
#15760=ORIENTED_EDGE('',*,*,#10742,.F.);
#15761=ORIENTED_EDGE('',*,*,#15558,.T.);
#15762=EDGE_LOOP('',(#15751,#15758,#15759,#15760,#15761));
#15763=FACE_BOUND('',#15762,.T.);
#15764=ADVANCED_FACE('',(#15763),#15750,.F.);
#15765=CARTESIAN_POINT('',(-30.923115093,34.547189471,-56.972268384));
#15766=DIRECTION('',(0.,0.,-1.));
#15767=DIRECTION('',(-1.,0.,0.));
#15768=AXIS2_PLACEMENT_3D('',#15765,#15766,#15767);
#15769=PLANE('',#15768);
#15770=ORIENTED_EDGE('',*,*,#914,.T.);
#15771=CARTESIAN_POINT('',(-28.923115093,33.,-56.972268384));
#15772=DIRECTION('',(-1.,0.,0.));
#15773=VECTOR('',#15772,1.5);
#15774=LINE('',#15771,#15773);
#15775=EDGE_CURVE('',#900,#15259,#15774,.T.);
#15776=ORIENTED_EDGE('',*,*,#15775,.T.);
#15777=ORIENTED_EDGE('',*,*,#15264,.F.);
#15778=ORIENTED_EDGE('',*,*,#15302,.T.);
#15779=ORIENTED_EDGE('',*,*,#15373,.F.);
#15780=ORIENTED_EDGE('',*,*,#15351,.F.);
#15781=ORIENTED_EDGE('',*,*,#15333,.F.);
#15782=ORIENTED_EDGE('',*,*,#15397,.T.);
#15783=ORIENTED_EDGE('',*,*,#10386,.T.);
#15784=ORIENTED_EDGE('',*,*,#15444,.F.);
#15785=ORIENTED_EDGE('',*,*,#15428,.F.);
#15786=ORIENTED_EDGE('',*,*,#15475,.T.);
#15787=ORIENTED_EDGE('',*,*,#10887,.T.);
#15788=ORIENTED_EDGE('',*,*,#15534,.F.);
#15789=ORIENTED_EDGE('',*,*,#15518,.F.);
#15790=ORIENTED_EDGE('',*,*,#15566,.T.);
#15791=ORIENTED_EDGE('',*,*,#10647,.T.);
#15792=ORIENTED_EDGE('',*,*,#15675,.F.);
#15793=ORIENTED_EDGE('',*,*,#15646,.F.);
#15794=ORIENTED_EDGE('',*,*,#15176,.T.);
#15795=EDGE_LOOP('',(#15770,#15776,#15777,#15778,#15779,#15780,#15781,#15782,#15783,#15784,#15785,#15786,#15787,#15788,#15789,#15790,#15791,#15792,#15793,#15794));
#15796=FACE_BOUND('',#15795,.T.);
#15797=ADVANCED_FACE('',(#15796),#15769,.T.);
#15798=CARTESIAN_POINT('',(-38.623115093,0.,0.));
#15799=DIRECTION('',(1.,0.,0.));
#15800=DIRECTION('',(0.,1.,0.));
#15801=AXIS2_PLACEMENT_3D('',#15798,#15799,#15800);
#15802=PLANE('',#15801);
#15803=ORIENTED_EDGE('',*,*,#2693,.F.);
#15804=ORIENTED_EDGE('',*,*,#15542,.F.);
#15805=ORIENTED_EDGE('',*,*,#10761,.F.);
#15806=ORIENTED_EDGE('',*,*,#15467,.T.);
#15807=EDGE_LOOP('',(#15803,#15804,#15805,#15806));
#15808=FACE_BOUND('',#15807,.T.);
#15809=ADVANCED_FACE('',(#15808),#15802,.F.);
#15810=CARTESIAN_POINT('',(-30.923115093,33.,-54.972268384));
#15811=DIRECTION('',(-1.,0.,0.));
#15812=DIRECTION('',(0.,0.,1.));
#15813=AXIS2_PLACEMENT_3D('',#15810,#15811,#15812);
#15814=CYLINDRICAL_SURFACE('',#15813,2.);
#15815=ORIENTED_EDGE('',*,*,#906,.F.);
#15816=ORIENTED_EDGE('',*,*,#2779,.F.);
#15817=ORIENTED_EDGE('',*,*,#15271,.F.);
#15818=ORIENTED_EDGE('',*,*,#15775,.F.);
#15819=EDGE_LOOP('',(#15815,#15816,#15817,#15818));
#15820=FACE_BOUND('',#15819,.T.);
#15821=ADVANCED_FACE('',(#15820),#15814,.T.);
#15822=CARTESIAN_POINT('',(-29.673115093,45.1,21.9));
#15823=DIRECTION('',(0.,0.,1.));
#15824=DIRECTION('',(1.,0.,0.));
#15825=AXIS2_PLACEMENT_3D('',#15822,#15823,#15824);
#15826=PLANE('',#15825);
#15827=ORIENTED_EDGE('',*,*,#3789,.T.);
#15828=CARTESIAN_POINT('',(-29.673115093,39.7,21.9));
#15829=VERTEX_POINT('',#15828);
#15830=CARTESIAN_POINT('',(-29.673115093,39.7,21.9));
#15831=DIRECTION('',(1.,0.,-0.));
#15832=VECTOR('',#15831,0.75);
#15833=LINE('',#15830,#15832);
#15834=EDGE_CURVE('',#15829,#3784,#15833,.T.);
#15835=ORIENTED_EDGE('',*,*,#15834,.F.);
#15836=CARTESIAN_POINT('',(-29.673115093,50.5,21.9));
#15837=VERTEX_POINT('',#15836);
#15838=CARTESIAN_POINT('',(-29.673115093,50.5,21.9));
#15839=DIRECTION('',(0.,-1.,0.));
#15840=VECTOR('',#15839,10.8);
#15841=LINE('',#15838,#15840);
#15842=EDGE_CURVE('',#15837,#15829,#15841,.T.);
#15843=ORIENTED_EDGE('',*,*,#15842,.F.);
#15844=CARTESIAN_POINT('',(-29.673115093,50.5,21.9));
#15845=DIRECTION('',(1.,0.,-0.));
#15846=VECTOR('',#15845,0.75);
#15847=LINE('',#15844,#15846);
#15848=EDGE_CURVE('',#15837,#3782,#15847,.T.);
#15849=ORIENTED_EDGE('',*,*,#15848,.T.);
#15850=EDGE_LOOP('',(#15827,#15835,#15843,#15849));
#15851=FACE_BOUND('',#15850,.T.);
#15852=ADVANCED_FACE('',(#15851),#15826,.F.);
#15853=CARTESIAN_POINT('',(-29.673115093,39.7,16.9));
#15854=DIRECTION('',(0.,-1.,0.));
#15855=DIRECTION('',(0.,0.,-1.));
#15856=AXIS2_PLACEMENT_3D('',#15853,#15854,#15855);
#15857=PLANE('',#15856);
#15858=ORIENTED_EDGE('',*,*,#3811,.T.);
#15859=CARTESIAN_POINT('',(-29.673115093,39.7,11.9));
#15860=VERTEX_POINT('',#15859);
#15861=CARTESIAN_POINT('',(-29.673115093,39.7,11.9));
#15862=DIRECTION('',(1.,0.,-0.));
#15863=VECTOR('',#15862,0.75);
#15864=LINE('',#15861,#15863);
#15865=EDGE_CURVE('',#15860,#3800,#15864,.T.);
#15866=ORIENTED_EDGE('',*,*,#15865,.F.);
#15867=CARTESIAN_POINT('',(-29.673115093,39.7,21.9));
#15868=DIRECTION('',(0.,0.,-1.));
#15869=VECTOR('',#15868,10.);
#15870=LINE('',#15867,#15869);
#15871=EDGE_CURVE('',#15829,#15860,#15870,.T.);
#15872=ORIENTED_EDGE('',*,*,#15871,.F.);
#15873=ORIENTED_EDGE('',*,*,#15834,.T.);
#15874=EDGE_LOOP('',(#15858,#15866,#15872,#15873));
#15875=FACE_BOUND('',#15874,.T.);
#15876=ADVANCED_FACE('',(#15875),#15857,.F.);
#15877=CARTESIAN_POINT('',(-29.673115093,45.1,11.9));
#15878=DIRECTION('',(0.,0.,-1.));
#15879=DIRECTION('',(-1.,0.,0.));
#15880=AXIS2_PLACEMENT_3D('',#15877,#15878,#15879);
#15881=PLANE('',#15880);
#15882=ORIENTED_EDGE('',*,*,#3805,.T.);
#15883=CARTESIAN_POINT('',(-29.673115093,50.5,11.9));
#15884=VERTEX_POINT('',#15883);
#15885=CARTESIAN_POINT('',(-29.673115093,50.5,11.9));
#15886=DIRECTION('',(1.,0.,-0.));
#15887=VECTOR('',#15886,0.75);
#15888=LINE('',#15885,#15887);
#15889=EDGE_CURVE('',#15884,#3792,#15888,.T.);
#15890=ORIENTED_EDGE('',*,*,#15889,.F.);
#15891=CARTESIAN_POINT('',(-29.673115093,39.7,11.9));
#15892=DIRECTION('',(0.,1.,0.));
#15893=VECTOR('',#15892,10.8);
#15894=LINE('',#15891,#15893);
#15895=EDGE_CURVE('',#15860,#15884,#15894,.T.);
#15896=ORIENTED_EDGE('',*,*,#15895,.F.);
#15897=ORIENTED_EDGE('',*,*,#15865,.T.);
#15898=EDGE_LOOP('',(#15882,#15890,#15896,#15897));
#15899=FACE_BOUND('',#15898,.T.);
#15900=ADVANCED_FACE('',(#15899),#15881,.F.);
#15901=CARTESIAN_POINT('',(-29.673115093,50.5,16.9));
#15902=DIRECTION('',(0.,-1.,0.));
#15903=DIRECTION('',(0.,0.,-1.));
#15904=AXIS2_PLACEMENT_3D('',#15901,#15902,#15903);
#15905=PLANE('',#15904);
#15906=ORIENTED_EDGE('',*,*,#3797,.F.);
#15907=ORIENTED_EDGE('',*,*,#15848,.F.);
#15908=CARTESIAN_POINT('',(-29.673115093,50.5,21.9));
#15909=DIRECTION('',(0.,0.,-1.));
#15910=VECTOR('',#15909,10.);
#15911=LINE('',#15908,#15910);
#15912=EDGE_CURVE('',#15837,#15884,#15911,.T.);
#15913=ORIENTED_EDGE('',*,*,#15912,.T.);
#15914=ORIENTED_EDGE('',*,*,#15889,.T.);
#15915=EDGE_LOOP('',(#15906,#15907,#15913,#15914));
#15916=FACE_BOUND('',#15915,.T.);
#15917=ADVANCED_FACE('',(#15916),#15905,.T.);
#15918=CARTESIAN_POINT('',(-29.673115093,0.,0.));
#15919=DIRECTION('',(1.,0.,0.));
#15920=DIRECTION('',(0.,-1.,0.));
#15921=AXIS2_PLACEMENT_3D('',#15918,#15919,#15920);
#15922=PLANE('',#15921);
#15923=ORIENTED_EDGE('',*,*,#15842,.T.);
#15924=ORIENTED_EDGE('',*,*,#15871,.T.);
#15925=ORIENTED_EDGE('',*,*,#15895,.T.);
#15926=ORIENTED_EDGE('',*,*,#15912,.F.);
#15927=EDGE_LOOP('',(#15923,#15924,#15925,#15926));
#15928=FACE_BOUND('',#15927,.T.);
#15929=ADVANCED_FACE('',(#15928),#15922,.T.);
#15930=CARTESIAN_POINT('',(-29.673115093,45.3,-5.7));
#15931=DIRECTION('',(0.,0.,-1.));
#15932=DIRECTION('',(0.,1.,0.));
#15933=AXIS2_PLACEMENT_3D('',#15930,#15931,#15932);
#15934=PLANE('',#15933);
#15935=ORIENTED_EDGE('',*,*,#3831,.F.);
#15936=CARTESIAN_POINT('',(-29.673115093,39.9,-5.7));
#15937=VERTEX_POINT('',#15936);
#15938=CARTESIAN_POINT('',(-29.673115093,39.9,-5.7));
#15939=DIRECTION('',(1.,0.,-0.));
#15940=VECTOR('',#15939,0.75);
#15941=LINE('',#15938,#15940);
#15942=EDGE_CURVE('',#15937,#3816,#15941,.T.);
#15943=ORIENTED_EDGE('',*,*,#15942,.F.);
#15944=CARTESIAN_POINT('',(-29.673115093,50.7,-5.7));
#15945=VERTEX_POINT('',#15944);
#15946=CARTESIAN_POINT('',(-29.673115093,39.9,-5.7));
#15947=DIRECTION('',(0.,1.,0.));
#15948=VECTOR('',#15947,10.8);
#15949=LINE('',#15946,#15948);
#15950=EDGE_CURVE('',#15937,#15945,#15949,.T.);
#15951=ORIENTED_EDGE('',*,*,#15950,.T.);
#15952=CARTESIAN_POINT('',(-29.673115093,50.7,-5.7));
#15953=DIRECTION('',(1.,0.,-0.));
#15954=VECTOR('',#15953,0.75);
#15955=LINE('',#15952,#15954);
#15956=EDGE_CURVE('',#15945,#3826,#15955,.T.);
#15957=ORIENTED_EDGE('',*,*,#15956,.T.);
#15958=EDGE_LOOP('',(#15935,#15943,#15951,#15957));
#15959=FACE_BOUND('',#15958,.T.);
#15960=ADVANCED_FACE('',(#15959),#15934,.T.);
#15961=CARTESIAN_POINT('',(-29.673115093,39.9,-10.7));
#15962=DIRECTION('',(0.,-1.,0.));
#15963=DIRECTION('',(0.,0.,-1.));
#15964=AXIS2_PLACEMENT_3D('',#15961,#15962,#15963);
#15965=PLANE('',#15964);
#15966=ORIENTED_EDGE('',*,*,#3823,.T.);
#15967=CARTESIAN_POINT('',(-29.673115093,39.9,-15.7));
#15968=VERTEX_POINT('',#15967);
#15969=CARTESIAN_POINT('',(-29.673115093,39.9,-15.7));
#15970=DIRECTION('',(1.,0.,-0.));
#15971=VECTOR('',#15970,0.75);
#15972=LINE('',#15969,#15971);
#15973=EDGE_CURVE('',#15968,#3818,#15972,.T.);
#15974=ORIENTED_EDGE('',*,*,#15973,.F.);
#15975=CARTESIAN_POINT('',(-29.673115093,39.9,-5.7));
#15976=DIRECTION('',(0.,0.,-1.));
#15977=VECTOR('',#15976,10.);
#15978=LINE('',#15975,#15977);
#15979=EDGE_CURVE('',#15937,#15968,#15978,.T.);
#15980=ORIENTED_EDGE('',*,*,#15979,.F.);
#15981=ORIENTED_EDGE('',*,*,#15942,.T.);
#15982=EDGE_LOOP('',(#15966,#15974,#15980,#15981));
#15983=FACE_BOUND('',#15982,.T.);
#15984=ADVANCED_FACE('',(#15983),#15965,.F.);
#15985=CARTESIAN_POINT('',(-29.673115093,45.3,-15.7));
#15986=DIRECTION('',(0.,0.,-1.));
#15987=DIRECTION('',(-1.,0.,0.));
#15988=AXIS2_PLACEMENT_3D('',#15985,#15986,#15987);
#15989=PLANE('',#15988);
#15990=ORIENTED_EDGE('',*,*,#3845,.T.);
#15991=CARTESIAN_POINT('',(-29.673115093,50.7,-15.7));
#15992=VERTEX_POINT('',#15991);
#15993=CARTESIAN_POINT('',(-29.673115093,50.7,-15.7));
#15994=DIRECTION('',(1.,0.,-0.));
#15995=VECTOR('',#15994,0.75);
#15996=LINE('',#15993,#15995);
#15997=EDGE_CURVE('',#15992,#3834,#15996,.T.);
#15998=ORIENTED_EDGE('',*,*,#15997,.F.);
#15999=CARTESIAN_POINT('',(-29.673115093,39.9,-15.7));
#16000=DIRECTION('',(0.,1.,0.));
#16001=VECTOR('',#16000,10.8);
#16002=LINE('',#15999,#16001);
#16003=EDGE_CURVE('',#15968,#15992,#16002,.T.);
#16004=ORIENTED_EDGE('',*,*,#16003,.F.);
#16005=ORIENTED_EDGE('',*,*,#15973,.T.);
#16006=EDGE_LOOP('',(#15990,#15998,#16004,#16005));
#16007=FACE_BOUND('',#16006,.T.);
#16008=ADVANCED_FACE('',(#16007),#15989,.F.);
#16009=CARTESIAN_POINT('',(-29.673115093,50.7,-10.7));
#16010=DIRECTION('',(0.,1.,0.));
#16011=DIRECTION('',(0.,0.,1.));
#16012=AXIS2_PLACEMENT_3D('',#16009,#16010,#16011);
#16013=PLANE('',#16012);
#16014=ORIENTED_EDGE('',*,*,#3839,.T.);
#16015=ORIENTED_EDGE('',*,*,#15956,.F.);
#16016=CARTESIAN_POINT('',(-29.673115093,50.7,-15.7));
#16017=DIRECTION('',(0.,0.,1.));
#16018=VECTOR('',#16017,10.);
#16019=LINE('',#16016,#16018);
#16020=EDGE_CURVE('',#15992,#15945,#16019,.T.);
#16021=ORIENTED_EDGE('',*,*,#16020,.F.);
#16022=ORIENTED_EDGE('',*,*,#15997,.T.);
#16023=EDGE_LOOP('',(#16014,#16015,#16021,#16022));
#16024=FACE_BOUND('',#16023,.T.);
#16025=ADVANCED_FACE('',(#16024),#16013,.F.);
#16026=CARTESIAN_POINT('',(-29.673115093,0.,0.));
#16027=DIRECTION('',(1.,0.,0.));
#16028=DIRECTION('',(0.,-1.,0.));
#16029=AXIS2_PLACEMENT_3D('',#16026,#16027,#16028);
#16030=PLANE('',#16029);
#16031=ORIENTED_EDGE('',*,*,#15950,.F.);
#16032=ORIENTED_EDGE('',*,*,#15979,.T.);
#16033=ORIENTED_EDGE('',*,*,#16003,.T.);
#16034=ORIENTED_EDGE('',*,*,#16020,.T.);
#16035=EDGE_LOOP('',(#16031,#16032,#16033,#16034));
#16036=FACE_BOUND('',#16035,.T.);
#16037=ADVANCED_FACE('',(#16036),#16030,.T.);
#16038=CARTESIAN_POINT('',(-29.673115093,45.2,-16.8));
#16039=DIRECTION('',(0.,0.,1.));
#16040=DIRECTION('',(1.,0.,0.));
#16041=AXIS2_PLACEMENT_3D('',#16038,#16039,#16040);
#16042=PLANE('',#16041);
#16043=ORIENTED_EDGE('',*,*,#3755,.T.);
#16044=CARTESIAN_POINT('',(-29.673115093,39.8,-16.8));
#16045=VERTEX_POINT('',#16044);
#16046=CARTESIAN_POINT('',(-29.673115093,39.8,-16.8));
#16047=DIRECTION('',(1.,0.,-0.));
#16048=VECTOR('',#16047,0.75);
#16049=LINE('',#16046,#16048);
#16050=EDGE_CURVE('',#16045,#3750,#16049,.T.);
#16051=ORIENTED_EDGE('',*,*,#16050,.F.);
#16052=CARTESIAN_POINT('',(-29.673115093,50.6,-16.8));
#16053=VERTEX_POINT('',#16052);
#16054=CARTESIAN_POINT('',(-29.673115093,50.6,-16.8));
#16055=DIRECTION('',(0.,-1.,0.));
#16056=VECTOR('',#16055,10.8);
#16057=LINE('',#16054,#16056);
#16058=EDGE_CURVE('',#16053,#16045,#16057,.T.);
#16059=ORIENTED_EDGE('',*,*,#16058,.F.);
#16060=CARTESIAN_POINT('',(-29.673115093,50.6,-16.8));
#16061=DIRECTION('',(1.,0.,-0.));
#16062=VECTOR('',#16061,0.75);
#16063=LINE('',#16060,#16062);
#16064=EDGE_CURVE('',#16053,#3748,#16063,.T.);
#16065=ORIENTED_EDGE('',*,*,#16064,.T.);
#16066=EDGE_LOOP('',(#16043,#16051,#16059,#16065));
#16067=FACE_BOUND('',#16066,.T.);
#16068=ADVANCED_FACE('',(#16067),#16042,.F.);
#16069=CARTESIAN_POINT('',(-29.673115093,39.8,-21.8));
#16070=DIRECTION('',(0.,-1.,0.));
#16071=DIRECTION('',(0.,0.,-1.));
#16072=AXIS2_PLACEMENT_3D('',#16069,#16070,#16071);
#16073=PLANE('',#16072);
#16074=ORIENTED_EDGE('',*,*,#3777,.T.);
#16075=CARTESIAN_POINT('',(-29.673115093,39.8,-26.8));
#16076=VERTEX_POINT('',#16075);
#16077=CARTESIAN_POINT('',(-29.673115093,39.8,-26.8));
#16078=DIRECTION('',(1.,0.,-0.));
#16079=VECTOR('',#16078,0.75);
#16080=LINE('',#16077,#16079);
#16081=EDGE_CURVE('',#16076,#3766,#16080,.T.);
#16082=ORIENTED_EDGE('',*,*,#16081,.F.);
#16083=CARTESIAN_POINT('',(-29.673115093,39.8,-16.8));
#16084=DIRECTION('',(0.,0.,-1.));
#16085=VECTOR('',#16084,10.);
#16086=LINE('',#16083,#16085);
#16087=EDGE_CURVE('',#16045,#16076,#16086,.T.);
#16088=ORIENTED_EDGE('',*,*,#16087,.F.);
#16089=ORIENTED_EDGE('',*,*,#16050,.T.);
#16090=EDGE_LOOP('',(#16074,#16082,#16088,#16089));
#16091=FACE_BOUND('',#16090,.T.);
#16092=ADVANCED_FACE('',(#16091),#16073,.F.);
#16093=CARTESIAN_POINT('',(-29.673115093,45.2,-26.8));
#16094=DIRECTION('',(0.,0.,-1.));
#16095=DIRECTION('',(-1.,0.,0.));
#16096=AXIS2_PLACEMENT_3D('',#16093,#16094,#16095);
#16097=PLANE('',#16096);
#16098=ORIENTED_EDGE('',*,*,#3771,.T.);
#16099=CARTESIAN_POINT('',(-29.673115093,50.6,-26.8));
#16100=VERTEX_POINT('',#16099);
#16101=CARTESIAN_POINT('',(-29.673115093,50.6,-26.8));
#16102=DIRECTION('',(1.,0.,-0.));
#16103=VECTOR('',#16102,0.75);
#16104=LINE('',#16101,#16103);
#16105=EDGE_CURVE('',#16100,#3758,#16104,.T.);
#16106=ORIENTED_EDGE('',*,*,#16105,.F.);
#16107=CARTESIAN_POINT('',(-29.673115093,39.8,-26.8));
#16108=DIRECTION('',(0.,1.,0.));
#16109=VECTOR('',#16108,10.8);
#16110=LINE('',#16107,#16109);
#16111=EDGE_CURVE('',#16076,#16100,#16110,.T.);
#16112=ORIENTED_EDGE('',*,*,#16111,.F.);
#16113=ORIENTED_EDGE('',*,*,#16081,.T.);
#16114=EDGE_LOOP('',(#16098,#16106,#16112,#16113));
#16115=FACE_BOUND('',#16114,.T.);
#16116=ADVANCED_FACE('',(#16115),#16097,.F.);
#16117=CARTESIAN_POINT('',(-29.673115093,50.6,-21.8));
#16118=DIRECTION('',(0.,-1.,0.));
#16119=DIRECTION('',(0.,0.,-1.));
#16120=AXIS2_PLACEMENT_3D('',#16117,#16118,#16119);
#16121=PLANE('',#16120);
#16122=ORIENTED_EDGE('',*,*,#3763,.F.);
#16123=ORIENTED_EDGE('',*,*,#16064,.F.);
#16124=CARTESIAN_POINT('',(-29.673115093,50.6,-16.8));
#16125=DIRECTION('',(0.,0.,-1.));
#16126=VECTOR('',#16125,10.);
#16127=LINE('',#16124,#16126);
#16128=EDGE_CURVE('',#16053,#16100,#16127,.T.);
#16129=ORIENTED_EDGE('',*,*,#16128,.T.);
#16130=ORIENTED_EDGE('',*,*,#16105,.T.);
#16131=EDGE_LOOP('',(#16122,#16123,#16129,#16130));
#16132=FACE_BOUND('',#16131,.T.);
#16133=ADVANCED_FACE('',(#16132),#16121,.T.);
#16134=CARTESIAN_POINT('',(-29.673115093,0.,0.));
#16135=DIRECTION('',(1.,0.,0.));
#16136=DIRECTION('',(0.,-1.,0.));
#16137=AXIS2_PLACEMENT_3D('',#16134,#16135,#16136);
#16138=PLANE('',#16137);
#16139=ORIENTED_EDGE('',*,*,#16058,.T.);
#16140=ORIENTED_EDGE('',*,*,#16087,.T.);
#16141=ORIENTED_EDGE('',*,*,#16111,.T.);
#16142=ORIENTED_EDGE('',*,*,#16128,.F.);
#16143=EDGE_LOOP('',(#16139,#16140,#16141,#16142));
#16144=FACE_BOUND('',#16143,.T.);
#16145=ADVANCED_FACE('',(#16144),#16138,.T.);
#16146=CARTESIAN_POINT('',(-29.673115093,45.45,8.7));
#16147=DIRECTION('',(0.,0.,1.));
#16148=DIRECTION('',(1.,0.,0.));
#16149=AXIS2_PLACEMENT_3D('',#16146,#16147,#16148);
#16150=PLANE('',#16149);
#16151=ORIENTED_EDGE('',*,*,#3721,.T.);
#16152=CARTESIAN_POINT('',(-29.673115093,40.05,8.7));
#16153=VERTEX_POINT('',#16152);
#16154=CARTESIAN_POINT('',(-29.673115093,40.05,8.7));
#16155=DIRECTION('',(1.,0.,-0.));
#16156=VECTOR('',#16155,0.75);
#16157=LINE('',#16154,#16156);
#16158=EDGE_CURVE('',#16153,#3716,#16157,.T.);
#16159=ORIENTED_EDGE('',*,*,#16158,.F.);
#16160=CARTESIAN_POINT('',(-29.673115093,50.85,8.7));
#16161=VERTEX_POINT('',#16160);
#16162=CARTESIAN_POINT('',(-29.673115093,50.85,8.7));
#16163=DIRECTION('',(0.,-1.,0.));
#16164=VECTOR('',#16163,10.8);
#16165=LINE('',#16162,#16164);
#16166=EDGE_CURVE('',#16161,#16153,#16165,.T.);
#16167=ORIENTED_EDGE('',*,*,#16166,.F.);
#16168=CARTESIAN_POINT('',(-29.673115093,50.85,8.7));
#16169=DIRECTION('',(1.,0.,-0.));
#16170=VECTOR('',#16169,0.75);
#16171=LINE('',#16168,#16170);
#16172=EDGE_CURVE('',#16161,#3714,#16171,.T.);
#16173=ORIENTED_EDGE('',*,*,#16172,.T.);
#16174=EDGE_LOOP('',(#16151,#16159,#16167,#16173));
#16175=FACE_BOUND('',#16174,.T.);
#16176=ADVANCED_FACE('',(#16175),#16150,.F.);
#16177=CARTESIAN_POINT('',(-29.673115093,40.05,3.7));
#16178=DIRECTION('',(0.,-1.,0.));
#16179=DIRECTION('',(0.,0.,-1.));
#16180=AXIS2_PLACEMENT_3D('',#16177,#16178,#16179);
#16181=PLANE('',#16180);
#16182=ORIENTED_EDGE('',*,*,#3743,.T.);
#16183=CARTESIAN_POINT('',(-29.673115093,40.05,-1.3));
#16184=VERTEX_POINT('',#16183);
#16185=CARTESIAN_POINT('',(-29.673115093,40.05,-1.3));
#16186=DIRECTION('',(1.,0.,-0.));
#16187=VECTOR('',#16186,0.75);
#16188=LINE('',#16185,#16187);
#16189=EDGE_CURVE('',#16184,#3732,#16188,.T.);
#16190=ORIENTED_EDGE('',*,*,#16189,.F.);
#16191=CARTESIAN_POINT('',(-29.673115093,40.05,8.7));
#16192=DIRECTION('',(0.,0.,-1.));
#16193=VECTOR('',#16192,10.);
#16194=LINE('',#16191,#16193);
#16195=EDGE_CURVE('',#16153,#16184,#16194,.T.);
#16196=ORIENTED_EDGE('',*,*,#16195,.F.);
#16197=ORIENTED_EDGE('',*,*,#16158,.T.);
#16198=EDGE_LOOP('',(#16182,#16190,#16196,#16197));
#16199=FACE_BOUND('',#16198,.T.);
#16200=ADVANCED_FACE('',(#16199),#16181,.F.);
#16201=CARTESIAN_POINT('',(-29.673115093,45.45,-1.3));
#16202=DIRECTION('',(0.,0.,-1.));
#16203=DIRECTION('',(0.,1.,0.));
#16204=AXIS2_PLACEMENT_3D('',#16201,#16202,#16203);
#16205=PLANE('',#16204);
#16206=ORIENTED_EDGE('',*,*,#3737,.T.);
#16207=CARTESIAN_POINT('',(-29.673115093,50.85,-1.3));
#16208=VERTEX_POINT('',#16207);
#16209=CARTESIAN_POINT('',(-29.673115093,50.85,-1.3));
#16210=DIRECTION('',(1.,0.,-0.));
#16211=VECTOR('',#16210,0.75);
#16212=LINE('',#16209,#16211);
#16213=EDGE_CURVE('',#16208,#3724,#16212,.T.);
#16214=ORIENTED_EDGE('',*,*,#16213,.F.);
#16215=CARTESIAN_POINT('',(-29.673115093,40.05,-1.3));
#16216=DIRECTION('',(0.,1.,0.));
#16217=VECTOR('',#16216,10.8);
#16218=LINE('',#16215,#16217);
#16219=EDGE_CURVE('',#16184,#16208,#16218,.T.);
#16220=ORIENTED_EDGE('',*,*,#16219,.F.);
#16221=ORIENTED_EDGE('',*,*,#16189,.T.);
#16222=EDGE_LOOP('',(#16206,#16214,#16220,#16221));
#16223=FACE_BOUND('',#16222,.T.);
#16224=ADVANCED_FACE('',(#16223),#16205,.F.);
#16225=CARTESIAN_POINT('',(-29.673115093,50.85,3.7));
#16226=DIRECTION('',(0.,-1.,0.));
#16227=DIRECTION('',(0.,0.,-1.));
#16228=AXIS2_PLACEMENT_3D('',#16225,#16226,#16227);
#16229=PLANE('',#16228);
#16230=ORIENTED_EDGE('',*,*,#3729,.F.);
#16231=ORIENTED_EDGE('',*,*,#16172,.F.);
#16232=CARTESIAN_POINT('',(-29.673115093,50.85,8.7));
#16233=DIRECTION('',(0.,0.,-1.));
#16234=VECTOR('',#16233,10.);
#16235=LINE('',#16232,#16234);
#16236=EDGE_CURVE('',#16161,#16208,#16235,.T.);
#16237=ORIENTED_EDGE('',*,*,#16236,.T.);
#16238=ORIENTED_EDGE('',*,*,#16213,.T.);
#16239=EDGE_LOOP('',(#16230,#16231,#16237,#16238));
#16240=FACE_BOUND('',#16239,.T.);
#16241=ADVANCED_FACE('',(#16240),#16229,.T.);
#16242=CARTESIAN_POINT('',(-29.673115093,0.,0.));
#16243=DIRECTION('',(1.,0.,0.));
#16244=DIRECTION('',(0.,-1.,0.));
#16245=AXIS2_PLACEMENT_3D('',#16242,#16243,#16244);
#16246=PLANE('',#16245);
#16247=ORIENTED_EDGE('',*,*,#16166,.T.);
#16248=ORIENTED_EDGE('',*,*,#16195,.T.);
#16249=ORIENTED_EDGE('',*,*,#16219,.T.);
#16250=ORIENTED_EDGE('',*,*,#16236,.F.);
#16251=EDGE_LOOP('',(#16247,#16248,#16249,#16250));
#16252=FACE_BOUND('',#16251,.T.);
#16253=ADVANCED_FACE('',(#16252),#16246,.T.);
#16254=CARTESIAN_POINT('',(-29.673115093,45.15,33.));
#16255=DIRECTION('',(0.,0.,1.));
#16256=DIRECTION('',(1.,0.,0.));
#16257=AXIS2_PLACEMENT_3D('',#16254,#16255,#16256);
#16258=PLANE('',#16257);
#16259=ORIENTED_EDGE('',*,*,#3687,.T.);
#16260=CARTESIAN_POINT('',(-29.673115093,39.75,33.));
#16261=VERTEX_POINT('',#16260);
#16262=CARTESIAN_POINT('',(-29.673115093,39.75,33.));
#16263=DIRECTION('',(1.,0.,-0.));
#16264=VECTOR('',#16263,0.75);
#16265=LINE('',#16262,#16264);
#16266=EDGE_CURVE('',#16261,#3682,#16265,.T.);
#16267=ORIENTED_EDGE('',*,*,#16266,.F.);
#16268=CARTESIAN_POINT('',(-29.673115093,50.55,33.));
#16269=VERTEX_POINT('',#16268);
#16270=CARTESIAN_POINT('',(-29.673115093,50.55,33.));
#16271=DIRECTION('',(0.,-1.,0.));
#16272=VECTOR('',#16271,10.8);
#16273=LINE('',#16270,#16272);
#16274=EDGE_CURVE('',#16269,#16261,#16273,.T.);
#16275=ORIENTED_EDGE('',*,*,#16274,.F.);
#16276=CARTESIAN_POINT('',(-29.673115093,50.55,33.));
#16277=DIRECTION('',(1.,0.,-0.));
#16278=VECTOR('',#16277,0.75);
#16279=LINE('',#16276,#16278);
#16280=EDGE_CURVE('',#16269,#3680,#16279,.T.);
#16281=ORIENTED_EDGE('',*,*,#16280,.T.);
#16282=EDGE_LOOP('',(#16259,#16267,#16275,#16281));
#16283=FACE_BOUND('',#16282,.T.);
#16284=ADVANCED_FACE('',(#16283),#16258,.F.);
#16285=CARTESIAN_POINT('',(-29.673115093,39.75,28.));
#16286=DIRECTION('',(0.,-1.,0.));
#16287=DIRECTION('',(0.,0.,-1.));
#16288=AXIS2_PLACEMENT_3D('',#16285,#16286,#16287);
#16289=PLANE('',#16288);
#16290=ORIENTED_EDGE('',*,*,#3709,.T.);
#16291=CARTESIAN_POINT('',(-29.673115093,39.75,23.));
#16292=VERTEX_POINT('',#16291);
#16293=CARTESIAN_POINT('',(-29.673115093,39.75,23.));
#16294=DIRECTION('',(1.,0.,-0.));
#16295=VECTOR('',#16294,0.75);
#16296=LINE('',#16293,#16295);
#16297=EDGE_CURVE('',#16292,#3698,#16296,.T.);
#16298=ORIENTED_EDGE('',*,*,#16297,.F.);
#16299=CARTESIAN_POINT('',(-29.673115093,39.75,33.));
#16300=DIRECTION('',(0.,0.,-1.));
#16301=VECTOR('',#16300,10.);
#16302=LINE('',#16299,#16301);
#16303=EDGE_CURVE('',#16261,#16292,#16302,.T.);
#16304=ORIENTED_EDGE('',*,*,#16303,.F.);
#16305=ORIENTED_EDGE('',*,*,#16266,.T.);
#16306=EDGE_LOOP('',(#16290,#16298,#16304,#16305));
#16307=FACE_BOUND('',#16306,.T.);
#16308=ADVANCED_FACE('',(#16307),#16289,.F.);
#16309=CARTESIAN_POINT('',(-29.673115093,45.15,23.));
#16310=DIRECTION('',(0.,0.,-1.));
#16311=DIRECTION('',(-1.,0.,0.));
#16312=AXIS2_PLACEMENT_3D('',#16309,#16310,#16311);
#16313=PLANE('',#16312);
#16314=ORIENTED_EDGE('',*,*,#3703,.T.);
#16315=CARTESIAN_POINT('',(-29.673115093,50.55,23.));
#16316=VERTEX_POINT('',#16315);
#16317=CARTESIAN_POINT('',(-29.673115093,50.55,23.));
#16318=DIRECTION('',(1.,0.,-0.));
#16319=VECTOR('',#16318,0.75);
#16320=LINE('',#16317,#16319);
#16321=EDGE_CURVE('',#16316,#3690,#16320,.T.);
#16322=ORIENTED_EDGE('',*,*,#16321,.F.);
#16323=CARTESIAN_POINT('',(-29.673115093,39.75,23.));
#16324=DIRECTION('',(0.,1.,0.));
#16325=VECTOR('',#16324,10.8);
#16326=LINE('',#16323,#16325);
#16327=EDGE_CURVE('',#16292,#16316,#16326,.T.);
#16328=ORIENTED_EDGE('',*,*,#16327,.F.);
#16329=ORIENTED_EDGE('',*,*,#16297,.T.);
#16330=EDGE_LOOP('',(#16314,#16322,#16328,#16329));
#16331=FACE_BOUND('',#16330,.T.);
#16332=ADVANCED_FACE('',(#16331),#16313,.F.);
#16333=CARTESIAN_POINT('',(-29.673115093,50.55,28.));
#16334=DIRECTION('',(0.,-1.,0.));
#16335=DIRECTION('',(0.,0.,-1.));
#16336=AXIS2_PLACEMENT_3D('',#16333,#16334,#16335);
#16337=PLANE('',#16336);
#16338=ORIENTED_EDGE('',*,*,#3695,.F.);
#16339=ORIENTED_EDGE('',*,*,#16280,.F.);
#16340=CARTESIAN_POINT('',(-29.673115093,50.55,33.));
#16341=DIRECTION('',(0.,0.,-1.));
#16342=VECTOR('',#16341,10.);
#16343=LINE('',#16340,#16342);
#16344=EDGE_CURVE('',#16269,#16316,#16343,.T.);
#16345=ORIENTED_EDGE('',*,*,#16344,.T.);
#16346=ORIENTED_EDGE('',*,*,#16321,.T.);
#16347=EDGE_LOOP('',(#16338,#16339,#16345,#16346));
#16348=FACE_BOUND('',#16347,.T.);
#16349=ADVANCED_FACE('',(#16348),#16337,.T.);
#16350=CARTESIAN_POINT('',(-29.673115093,0.,0.));
#16351=DIRECTION('',(1.,0.,0.));
#16352=DIRECTION('',(0.,-1.,0.));
#16353=AXIS2_PLACEMENT_3D('',#16350,#16351,#16352);
#16354=PLANE('',#16353);
#16355=ORIENTED_EDGE('',*,*,#16274,.T.);
#16356=ORIENTED_EDGE('',*,*,#16303,.T.);
#16357=ORIENTED_EDGE('',*,*,#16327,.T.);
#16358=ORIENTED_EDGE('',*,*,#16344,.F.);
#16359=EDGE_LOOP('',(#16355,#16356,#16357,#16358));
#16360=FACE_BOUND('',#16359,.T.);
#16361=ADVANCED_FACE('',(#16360),#16354,.T.);
#16362=CARTESIAN_POINT('',(-29.673115093,10.75,58.1));
#16363=DIRECTION('',(0.,0.,-1.));
#16364=DIRECTION('',(-1.,0.,0.));
#16365=AXIS2_PLACEMENT_3D('',#16362,#16363,#16364);
#16366=PLANE('',#16365);
#16367=ORIENTED_EDGE('',*,*,#3865,.F.);
#16368=CARTESIAN_POINT('',(-29.673115093,5.35,58.1));
#16369=VERTEX_POINT('',#16368);
#16370=CARTESIAN_POINT('',(-29.673115093,5.35,58.1));
#16371=DIRECTION('',(1.,0.,-0.));
#16372=VECTOR('',#16371,0.75);
#16373=LINE('',#16370,#16372);
#16374=EDGE_CURVE('',#16369,#3850,#16373,.T.);
#16375=ORIENTED_EDGE('',*,*,#16374,.F.);
#16376=CARTESIAN_POINT('',(-29.673115093,16.15,58.1));
#16377=VERTEX_POINT('',#16376);
#16378=CARTESIAN_POINT('',(-29.673115093,5.35,58.1));
#16379=DIRECTION('',(0.,1.,0.));
#16380=VECTOR('',#16379,10.8);
#16381=LINE('',#16378,#16380);
#16382=EDGE_CURVE('',#16369,#16377,#16381,.T.);
#16383=ORIENTED_EDGE('',*,*,#16382,.T.);
#16384=CARTESIAN_POINT('',(-29.673115093,16.15,58.1));
#16385=DIRECTION('',(1.,0.,-0.));
#16386=VECTOR('',#16385,0.75);
#16387=LINE('',#16384,#16386);
#16388=EDGE_CURVE('',#16377,#3860,#16387,.T.);
#16389=ORIENTED_EDGE('',*,*,#16388,.T.);
#16390=EDGE_LOOP('',(#16367,#16375,#16383,#16389));
#16391=FACE_BOUND('',#16390,.T.);
#16392=ADVANCED_FACE('',(#16391),#16366,.T.);
#16393=CARTESIAN_POINT('',(-29.673115093,5.35,53.1));
#16394=DIRECTION('',(0.,-1.,-0.));
#16395=DIRECTION('',(0.,0.,-1.));
#16396=AXIS2_PLACEMENT_3D('',#16393,#16394,#16395);
#16397=PLANE('',#16396);
#16398=ORIENTED_EDGE('',*,*,#3857,.T.);
#16399=CARTESIAN_POINT('',(-29.673115093,5.35,48.1));
#16400=VERTEX_POINT('',#16399);
#16401=CARTESIAN_POINT('',(-29.673115093,5.35,48.1));
#16402=DIRECTION('',(1.,0.,-0.));
#16403=VECTOR('',#16402,0.75);
#16404=LINE('',#16401,#16403);
#16405=EDGE_CURVE('',#16400,#3852,#16404,.T.);
#16406=ORIENTED_EDGE('',*,*,#16405,.F.);
#16407=CARTESIAN_POINT('',(-29.673115093,5.35,58.1));
#16408=DIRECTION('',(0.,0.,-1.));
#16409=VECTOR('',#16408,10.);
#16410=LINE('',#16407,#16409);
#16411=EDGE_CURVE('',#16369,#16400,#16410,.T.);
#16412=ORIENTED_EDGE('',*,*,#16411,.F.);
#16413=ORIENTED_EDGE('',*,*,#16374,.T.);
#16414=EDGE_LOOP('',(#16398,#16406,#16412,#16413));
#16415=FACE_BOUND('',#16414,.T.);
#16416=ADVANCED_FACE('',(#16415),#16397,.F.);
#16417=CARTESIAN_POINT('',(-29.673115093,10.75,48.1));
#16418=DIRECTION('',(0.,0.,-1.));
#16419=DIRECTION('',(-1.,0.,0.));
#16420=AXIS2_PLACEMENT_3D('',#16417,#16418,#16419);
#16421=PLANE('',#16420);
#16422=ORIENTED_EDGE('',*,*,#3879,.T.);
#16423=CARTESIAN_POINT('',(-29.673115093,16.15,48.1));
#16424=VERTEX_POINT('',#16423);
#16425=CARTESIAN_POINT('',(-29.673115093,16.15,48.1));
#16426=DIRECTION('',(1.,0.,-0.));
#16427=VECTOR('',#16426,0.75);
#16428=LINE('',#16425,#16427);
#16429=EDGE_CURVE('',#16424,#3868,#16428,.T.);
#16430=ORIENTED_EDGE('',*,*,#16429,.F.);
#16431=CARTESIAN_POINT('',(-29.673115093,5.35,48.1));
#16432=DIRECTION('',(0.,1.,0.));
#16433=VECTOR('',#16432,10.8);
#16434=LINE('',#16431,#16433);
#16435=EDGE_CURVE('',#16400,#16424,#16434,.T.);
#16436=ORIENTED_EDGE('',*,*,#16435,.F.);
#16437=ORIENTED_EDGE('',*,*,#16405,.T.);
#16438=EDGE_LOOP('',(#16422,#16430,#16436,#16437));
#16439=FACE_BOUND('',#16438,.T.);
#16440=ADVANCED_FACE('',(#16439),#16421,.F.);
#16441=CARTESIAN_POINT('',(-29.673115093,16.15,53.1));
#16442=DIRECTION('',(0.,1.,0.));
#16443=DIRECTION('',(0.,-0.,1.));
#16444=AXIS2_PLACEMENT_3D('',#16441,#16442,#16443);
#16445=PLANE('',#16444);
#16446=ORIENTED_EDGE('',*,*,#3873,.T.);
#16447=ORIENTED_EDGE('',*,*,#16388,.F.);
#16448=CARTESIAN_POINT('',(-29.673115093,16.15,48.1));
#16449=DIRECTION('',(0.,-0.,1.));
#16450=VECTOR('',#16449,10.);
#16451=LINE('',#16448,#16450);
#16452=EDGE_CURVE('',#16424,#16377,#16451,.T.);
#16453=ORIENTED_EDGE('',*,*,#16452,.F.);
#16454=ORIENTED_EDGE('',*,*,#16429,.T.);
#16455=EDGE_LOOP('',(#16446,#16447,#16453,#16454));
#16456=FACE_BOUND('',#16455,.T.);
#16457=ADVANCED_FACE('',(#16456),#16445,.F.);
#16458=CARTESIAN_POINT('',(-29.673115093,0.,0.));
#16459=DIRECTION('',(1.,0.,0.));
#16460=DIRECTION('',(0.,-1.,0.));
#16461=AXIS2_PLACEMENT_3D('',#16458,#16459,#16460);
#16462=PLANE('',#16461);
#16463=ORIENTED_EDGE('',*,*,#16382,.F.);
#16464=ORIENTED_EDGE('',*,*,#16411,.T.);
#16465=ORIENTED_EDGE('',*,*,#16435,.T.);
#16466=ORIENTED_EDGE('',*,*,#16452,.T.);
#16467=EDGE_LOOP('',(#16463,#16464,#16465,#16466));
#16468=FACE_BOUND('',#16467,.T.);
#16469=ADVANCED_FACE('',(#16468),#16462,.T.);
#16470=CARTESIAN_POINT('',(-29.673115093,-10.299998,36.650002));
#16471=DIRECTION('',(0.,-1.,0.));
#16472=DIRECTION('',(0.,-0.,-1.));
#16473=AXIS2_PLACEMENT_3D('',#16470,#16471,#16472);
#16474=PLANE('',#16473);
#16475=ORIENTED_EDGE('',*,*,#3410,.F.);
#16476=CARTESIAN_POINT('',(-29.673115093,-10.299998,41.800002));
#16477=VERTEX_POINT('',#16476);
#16478=CARTESIAN_POINT('',(-29.673115093,-10.299998,41.800002));
#16479=DIRECTION('',(1.,0.,-0.));
#16480=VECTOR('',#16479,0.75);
#16481=LINE('',#16478,#16480);
#16482=EDGE_CURVE('',#16477,#3397,#16481,.T.);
#16483=ORIENTED_EDGE('',*,*,#16482,.F.);
#16484=CARTESIAN_POINT('',(-29.673115093,-10.299998,41.800002));
#16485=DIRECTION('',(0.,-0.,-1.));
#16486=VECTOR('',#16485,3.800002);
#16487=LINE('',#16484,#16486);
#16488=EDGE_CURVE('',#16477,#3930,#16487,.T.);
#16489=ORIENTED_EDGE('',*,*,#16488,.T.);
#16490=ORIENTED_EDGE('',*,*,#3935,.T.);
#16491=EDGE_LOOP('',(#16475,#16483,#16489,#16490));
#16492=FACE_BOUND('',#16491,.T.);
#16493=ADVANCED_FACE('',(#16492),#16474,.T.);
#16494=CARTESIAN_POINT('',(-29.673115093,-15.299998,41.800002));
#16495=DIRECTION('',(0.,0.,1.));
#16496=DIRECTION('',(1.,0.,0.));
#16497=AXIS2_PLACEMENT_3D('',#16494,#16495,#16496);
#16498=PLANE('',#16497);
#16499=ORIENTED_EDGE('',*,*,#3402,.T.);
#16500=CARTESIAN_POINT('',(-29.673115093,-20.299998,41.800002));
#16501=VERTEX_POINT('',#16500);
#16502=CARTESIAN_POINT('',(-29.673115093,-20.299998,41.800002));
#16503=DIRECTION('',(1.,0.,-0.));
#16504=VECTOR('',#16503,0.75);
#16505=LINE('',#16502,#16504);
#16506=EDGE_CURVE('',#16501,#3389,#16505,.T.);
#16507=ORIENTED_EDGE('',*,*,#16506,.F.);
#16508=CARTESIAN_POINT('',(-29.673115093,-10.299998,41.800002));
#16509=DIRECTION('',(0.,-1.,0.));
#16510=VECTOR('',#16509,10.);
#16511=LINE('',#16508,#16510);
#16512=EDGE_CURVE('',#16477,#16501,#16511,.T.);
#16513=ORIENTED_EDGE('',*,*,#16512,.F.);
#16514=ORIENTED_EDGE('',*,*,#16482,.T.);
#16515=EDGE_LOOP('',(#16499,#16507,#16513,#16514));
#16516=FACE_BOUND('',#16515,.T.);
#16517=ADVANCED_FACE('',(#16516),#16498,.F.);
#16518=CARTESIAN_POINT('',(-29.673115093,-20.299998,36.650002));
#16519=DIRECTION('',(0.,-1.,0.));
#16520=DIRECTION('',(0.,-0.,-1.));
#16521=AXIS2_PLACEMENT_3D('',#16518,#16519,#16520);
#16522=PLANE('',#16521);
#16523=ORIENTED_EDGE('',*,*,#3394,.T.);
#16524=ORIENTED_EDGE('',*,*,#4770,.F.);
#16525=CARTESIAN_POINT('',(-29.673115093,-20.299998,41.800002));
#16526=DIRECTION('',(0.,-0.,-1.));
#16527=VECTOR('',#16526,3.777374297);
#16528=LINE('',#16525,#16527);
#16529=EDGE_CURVE('',#16501,#4758,#16528,.T.);
#16530=ORIENTED_EDGE('',*,*,#16529,.F.);
#16531=ORIENTED_EDGE('',*,*,#16506,.T.);
#16532=EDGE_LOOP('',(#16523,#16524,#16530,#16531));
#16533=FACE_BOUND('',#16532,.T.);
#16534=ADVANCED_FACE('',(#16533),#16522,.F.);
#16535=CARTESIAN_POINT('',(-29.673115093,0.,0.));
#16536=DIRECTION('',(1.,0.,0.));
#16537=DIRECTION('',(0.,-1.,0.));
#16538=AXIS2_PLACEMENT_3D('',#16535,#16536,#16537);
#16539=PLANE('',#16538);
#16540=ORIENTED_EDGE('',*,*,#3943,.F.);
#16541=ORIENTED_EDGE('',*,*,#16488,.F.);
#16542=ORIENTED_EDGE('',*,*,#16512,.T.);
#16543=ORIENTED_EDGE('',*,*,#16529,.T.);
#16544=ORIENTED_EDGE('',*,*,#4764,.T.);
#16545=EDGE_LOOP('',(#16540,#16541,#16542,#16543,#16544));
#16546=FACE_BOUND('',#16545,.T.);
#16547=ADVANCED_FACE('',(#16546),#16539,.T.);
#16548=CARTESIAN_POINT('',(-29.673115093,34.15,20.4));
#16549=DIRECTION('',(0.,0.,1.));
#16550=DIRECTION('',(1.,0.,0.));
#16551=AXIS2_PLACEMENT_3D('',#16548,#16549,#16550);
#16552=PLANE('',#16551);
#16553=ORIENTED_EDGE('',*,*,#3561,.F.);
#16554=CARTESIAN_POINT('',(-29.673115093,38.9,20.4));
#16555=VERTEX_POINT('',#16554);
#16556=CARTESIAN_POINT('',(-29.673115093,38.9,20.4));
#16557=DIRECTION('',(1.,0.,-0.));
#16558=VECTOR('',#16557,0.75);
#16559=LINE('',#16556,#16558);
#16560=EDGE_CURVE('',#16555,#3550,#16559,.T.);
#16561=ORIENTED_EDGE('',*,*,#16560,.F.);
#16562=CARTESIAN_POINT('',(-29.673115093,38.9,20.4));
#16563=DIRECTION('',(0.,-1.,0.));
#16564=VECTOR('',#16563,7.9);
#16565=LINE('',#16562,#16564);
#16566=EDGE_CURVE('',#16555,#1358,#16565,.T.);
#16567=ORIENTED_EDGE('',*,*,#16566,.T.);
#16568=ORIENTED_EDGE('',*,*,#1363,.T.);
#16569=EDGE_LOOP('',(#16553,#16561,#16567,#16568));
#16570=FACE_BOUND('',#16569,.T.);
#16571=ADVANCED_FACE('',(#16570),#16552,.T.);
#16572=CARTESIAN_POINT('',(-29.673115093,38.9,25.8));
#16573=DIRECTION('',(0.,-1.,0.));
#16574=DIRECTION('',(0.,0.,-1.));
#16575=AXIS2_PLACEMENT_3D('',#16572,#16573,#16574);
#16576=PLANE('',#16575);
#16577=ORIENTED_EDGE('',*,*,#3555,.F.);
#16578=CARTESIAN_POINT('',(-29.673115093,38.9,31.2));
#16579=VERTEX_POINT('',#16578);
#16580=CARTESIAN_POINT('',(-29.673115093,38.9,31.2));
#16581=DIRECTION('',(1.,0.,-0.));
#16582=VECTOR('',#16581,0.75);
#16583=LINE('',#16580,#16582);
#16584=EDGE_CURVE('',#16579,#3542,#16583,.T.);
#16585=ORIENTED_EDGE('',*,*,#16584,.F.);
#16586=CARTESIAN_POINT('',(-29.673115093,38.9,31.2));
#16587=DIRECTION('',(0.,0.,-1.));
#16588=VECTOR('',#16587,10.8);
#16589=LINE('',#16586,#16588);
#16590=EDGE_CURVE('',#16579,#16555,#16589,.T.);
#16591=ORIENTED_EDGE('',*,*,#16590,.T.);
#16592=ORIENTED_EDGE('',*,*,#16560,.T.);
#16593=EDGE_LOOP('',(#16577,#16585,#16591,#16592));
#16594=FACE_BOUND('',#16593,.T.);
#16595=ADVANCED_FACE('',(#16594),#16576,.T.);
#16596=CARTESIAN_POINT('',(-29.673115093,34.15,31.2));
#16597=DIRECTION('',(0.,0.,1.));
#16598=DIRECTION('',(1.,0.,0.));
#16599=AXIS2_PLACEMENT_3D('',#16596,#16597,#16598);
#16600=PLANE('',#16599);
#16601=ORIENTED_EDGE('',*,*,#3547,.T.);
#16602=ORIENTED_EDGE('',*,*,#1379,.F.);
#16603=CARTESIAN_POINT('',(-29.673115093,38.9,31.2));
#16604=DIRECTION('',(0.,-1.,0.));
#16605=VECTOR('',#16604,7.9);
#16606=LINE('',#16603,#16605);
#16607=EDGE_CURVE('',#16579,#1366,#16606,.T.);
#16608=ORIENTED_EDGE('',*,*,#16607,.F.);
#16609=ORIENTED_EDGE('',*,*,#16584,.T.);
#16610=EDGE_LOOP('',(#16601,#16602,#16608,#16609));
#16611=FACE_BOUND('',#16610,.T.);
#16612=ADVANCED_FACE('',(#16611),#16600,.F.);
#16613=CARTESIAN_POINT('',(-29.673115093,0.,0.));
#16614=DIRECTION('',(1.,0.,0.));
#16615=DIRECTION('',(0.,-1.,0.));
#16616=AXIS2_PLACEMENT_3D('',#16613,#16614,#16615);
#16617=PLANE('',#16616);
#16618=ORIENTED_EDGE('',*,*,#1371,.F.);
#16619=ORIENTED_EDGE('',*,*,#16566,.F.);
#16620=ORIENTED_EDGE('',*,*,#16590,.F.);
#16621=ORIENTED_EDGE('',*,*,#16607,.T.);
#16622=EDGE_LOOP('',(#16618,#16619,#16620,#16621));
#16623=FACE_BOUND('',#16622,.T.);
#16624=ADVANCED_FACE('',(#16623),#16617,.T.);
#16625=CARTESIAN_POINT('',(-29.673115093,4.1,36.6));
#16626=DIRECTION('',(0.,-1.,0.));
#16627=DIRECTION('',(0.,-0.,-1.));
#16628=AXIS2_PLACEMENT_3D('',#16625,#16626,#16627);
#16629=PLANE('',#16628);
#16630=ORIENTED_EDGE('',*,*,#3442,.F.);
#16631=CARTESIAN_POINT('',(-29.673115093,4.1,41.75));
#16632=VERTEX_POINT('',#16631);
#16633=CARTESIAN_POINT('',(-29.673115093,4.1,41.75));
#16634=DIRECTION('',(1.,0.,-0.));
#16635=VECTOR('',#16634,0.75);
#16636=LINE('',#16633,#16635);
#16637=EDGE_CURVE('',#16632,#3429,#16636,.T.);
#16638=ORIENTED_EDGE('',*,*,#16637,.F.);
#16639=CARTESIAN_POINT('',(-29.673115093,4.1,41.75));
#16640=DIRECTION('',(0.,-0.,-1.));
#16641=VECTOR('',#16640,3.75);
#16642=LINE('',#16639,#16641);
#16643=EDGE_CURVE('',#16632,#3907,#16642,.T.);
#16644=ORIENTED_EDGE('',*,*,#16643,.T.);
#16645=ORIENTED_EDGE('',*,*,#3912,.T.);
#16646=EDGE_LOOP('',(#16630,#16638,#16644,#16645));
#16647=FACE_BOUND('',#16646,.T.);
#16648=ADVANCED_FACE('',(#16647),#16629,.T.);
#16649=CARTESIAN_POINT('',(-29.673115093,-0.9,41.75));
#16650=DIRECTION('',(0.,0.,1.));
#16651=DIRECTION('',(1.,0.,0.));
#16652=AXIS2_PLACEMENT_3D('',#16649,#16650,#16651);
#16653=PLANE('',#16652);
#16654=ORIENTED_EDGE('',*,*,#3434,.T.);
#16655=CARTESIAN_POINT('',(-29.673115093,-5.9,41.75));
#16656=VERTEX_POINT('',#16655);
#16657=CARTESIAN_POINT('',(-29.673115093,-5.9,41.75));
#16658=DIRECTION('',(1.,0.,-0.));
#16659=VECTOR('',#16658,0.75);
#16660=LINE('',#16657,#16659);
#16661=EDGE_CURVE('',#16656,#3421,#16660,.T.);
#16662=ORIENTED_EDGE('',*,*,#16661,.F.);
#16663=CARTESIAN_POINT('',(-29.673115093,4.1,41.75));
#16664=DIRECTION('',(0.,-1.,0.));
#16665=VECTOR('',#16664,10.);
#16666=LINE('',#16663,#16665);
#16667=EDGE_CURVE('',#16632,#16656,#16666,.T.);
#16668=ORIENTED_EDGE('',*,*,#16667,.F.);
#16669=ORIENTED_EDGE('',*,*,#16637,.T.);
#16670=EDGE_LOOP('',(#16654,#16662,#16668,#16669));
#16671=FACE_BOUND('',#16670,.T.);
#16672=ADVANCED_FACE('',(#16671),#16653,.F.);
#16673=CARTESIAN_POINT('',(-29.673115093,-5.9,36.6));
#16674=DIRECTION('',(0.,-1.,0.));
#16675=DIRECTION('',(0.,-0.,-1.));
#16676=AXIS2_PLACEMENT_3D('',#16673,#16674,#16675);
#16677=PLANE('',#16676);
#16678=ORIENTED_EDGE('',*,*,#3426,.T.);
#16679=ORIENTED_EDGE('',*,*,#3926,.F.);
#16680=CARTESIAN_POINT('',(-29.673115093,-5.9,41.75));
#16681=DIRECTION('',(0.,-0.,-1.));
#16682=VECTOR('',#16681,3.75);
#16683=LINE('',#16680,#16682);
#16684=EDGE_CURVE('',#16656,#3915,#16683,.T.);
#16685=ORIENTED_EDGE('',*,*,#16684,.F.);
#16686=ORIENTED_EDGE('',*,*,#16661,.T.);
#16687=EDGE_LOOP('',(#16678,#16679,#16685,#16686));
#16688=FACE_BOUND('',#16687,.T.);
#16689=ADVANCED_FACE('',(#16688),#16677,.F.);
#16690=CARTESIAN_POINT('',(-29.673115093,0.,0.));
#16691=DIRECTION('',(1.,0.,0.));
#16692=DIRECTION('',(0.,-1.,0.));
#16693=AXIS2_PLACEMENT_3D('',#16690,#16691,#16692);
#16694=PLANE('',#16693);
#16695=ORIENTED_EDGE('',*,*,#3920,.F.);
#16696=ORIENTED_EDGE('',*,*,#16643,.F.);
#16697=ORIENTED_EDGE('',*,*,#16667,.T.);
#16698=ORIENTED_EDGE('',*,*,#16684,.T.);
#16699=EDGE_LOOP('',(#16695,#16696,#16697,#16698));
#16700=FACE_BOUND('',#16699,.T.);
#16701=ADVANCED_FACE('',(#16700),#16694,.T.);
#16702=CARTESIAN_POINT('',(-29.673115093,56.35,-34.9));
#16703=DIRECTION('',(0.,0.,-1.));
#16704=DIRECTION('',(-1.,0.,0.));
#16705=AXIS2_PLACEMENT_3D('',#16702,#16703,#16704);
#16706=PLANE('',#16705);
#16707=CARTESIAN_POINT('',(-29.673115093,51.2,-34.9));
#16708=VERTEX_POINT('',#16707);
#16709=CARTESIAN_POINT('',(-28.5740038,51.2,-34.9));
#16710=VERTEX_POINT('',#16709);
#16711=CARTESIAN_POINT('',(-29.673115093,51.2,-34.9));
#16712=DIRECTION('',(1.,0.,-0.));
#16713=VECTOR('',#16712,1.099111293);
#16714=LINE('',#16711,#16713);
#16715=EDGE_CURVE('',#16708,#16710,#16714,.T.);
#16716=ORIENTED_EDGE('',*,*,#16715,.T.);
#16717=CARTESIAN_POINT('',(-28.5740038,51.2,-34.9));
#16718=CARTESIAN_POINT('',(-28.684329477,51.41348219,-34.9));
#16719=CARTESIAN_POINT('',(-28.77093447,51.634445422,-34.9));
#16720=CARTESIAN_POINT('',(-28.830669185,51.863883016,-34.9));
#16721=CARTESIAN_POINT('',(-28.890403899,52.09332061,-34.9));
#16722=CARTESIAN_POINT('',(-28.923115093,52.333599421,-34.9));
#16723=CARTESIAN_POINT('',(-28.923115093,52.574487728,-34.9));
#16724=B_SPLINE_CURVE_WITH_KNOTS('',3,(#16717,#16718,#16719,#16720,#16721,#16722,#16723),.UNSPECIFIED.,.F.,.F.,(4,3,4),(0.,0.000710341,0.001420681),.UNSPECIFIED.);
#16725=EDGE_CURVE('',#16710,#979,#16724,.T.);
#16726=ORIENTED_EDGE('',*,*,#16725,.T.);
#16727=ORIENTED_EDGE('',*,*,#984,.T.);
#16728=ORIENTED_EDGE('',*,*,#14717,.F.);
#16729=CARTESIAN_POINT('',(-29.673115093,51.2,-34.9));
#16730=DIRECTION('',(0.,1.,0.));
#16731=VECTOR('',#16730,4.8);
#16732=LINE('',#16729,#16731);
#16733=EDGE_CURVE('',#16708,#14706,#16732,.T.);
#16734=ORIENTED_EDGE('',*,*,#16733,.F.);
#16735=EDGE_LOOP('',(#16716,#16726,#16727,#16728,#16734));
#16736=FACE_BOUND('',#16735,.T.);
#16737=ADVANCED_FACE('',(#16736),#16706,.F.);
#16738=CARTESIAN_POINT('',(-29.673115093,56.35,-24.9));
#16739=DIRECTION('',(0.,0.,-1.));
#16740=DIRECTION('',(-1.,0.,0.));
#16741=AXIS2_PLACEMENT_3D('',#16738,#16739,#16740);
#16742=PLANE('',#16741);
#16743=ORIENTED_EDGE('',*,*,#3241,.F.);
#16744=CARTESIAN_POINT('',(-29.673115093,51.2,-24.9));
#16745=VERTEX_POINT('',#16744);
#16746=CARTESIAN_POINT('',(-29.673115093,51.2,-24.9));
#16747=DIRECTION('',(1.,0.,-0.));
#16748=VECTOR('',#16747,0.75);
#16749=LINE('',#16746,#16748);
#16750=EDGE_CURVE('',#16745,#3228,#16749,.T.);
#16751=ORIENTED_EDGE('',*,*,#16750,.F.);
#16752=CARTESIAN_POINT('',(-29.673115093,51.2,-24.9));
#16753=DIRECTION('',(0.,1.,0.));
#16754=VECTOR('',#16753,4.8);
#16755=LINE('',#16752,#16754);
#16756=EDGE_CURVE('',#16745,#14698,#16755,.T.);
#16757=ORIENTED_EDGE('',*,*,#16756,.T.);
#16758=ORIENTED_EDGE('',*,*,#14703,.T.);
#16759=EDGE_LOOP('',(#16743,#16751,#16757,#16758));
#16760=FACE_BOUND('',#16759,.T.);
#16761=ADVANCED_FACE('',(#16760),#16742,.T.);
#16762=CARTESIAN_POINT('',(-29.673115093,51.2,-29.9));
#16763=DIRECTION('',(0.,-1.,0.));
#16764=DIRECTION('',(0.,0.,-1.));
#16765=AXIS2_PLACEMENT_3D('',#16762,#16763,#16764);
#16766=PLANE('',#16765);
#16767=ORIENTED_EDGE('',*,*,#3233,.T.);
#16768=CARTESIAN_POINT('',(-28.923115093,51.2,-33.16864212));
#16769=CARTESIAN_POINT('',(-28.923115093,51.2,-33.467069252));
#16770=CARTESIAN_POINT('',(-28.883663473,51.2,-33.758904426));
#16771=CARTESIAN_POINT('',(-28.819350076,51.2,-34.046585455));
#16772=CARTESIAN_POINT('',(-28.75503668,51.2,-34.334266484));
#16773=CARTESIAN_POINT('',(-28.664374999,51.2,-34.617524052));
#16774=CARTESIAN_POINT('',(-28.5740038,51.2,-34.9));
#16775=B_SPLINE_CURVE_WITH_KNOTS('',3,(#16768,#16769,#16770,#16771,#16772,#16773,#16774),.UNSPECIFIED.,.F.,.F.,(4,3,4),(0.,0.000883039,0.001766079),.UNSPECIFIED.);
#16776=EDGE_CURVE('',#3219,#16710,#16775,.T.);
#16777=ORIENTED_EDGE('',*,*,#16776,.T.);
#16778=ORIENTED_EDGE('',*,*,#16715,.F.);
#16779=CARTESIAN_POINT('',(-29.673115093,51.2,-24.9));
#16780=DIRECTION('',(0.,0.,-1.));
#16781=VECTOR('',#16780,10.);
#16782=LINE('',#16779,#16781);
#16783=EDGE_CURVE('',#16745,#16708,#16782,.T.);
#16784=ORIENTED_EDGE('',*,*,#16783,.F.);
#16785=ORIENTED_EDGE('',*,*,#16750,.T.);
#16786=EDGE_LOOP('',(#16767,#16777,#16778,#16784,#16785));
#16787=FACE_BOUND('',#16786,.T.);
#16788=ADVANCED_FACE('',(#16787),#16766,.F.);
#16789=CARTESIAN_POINT('',(-29.673115093,0.,0.));
#16790=DIRECTION('',(1.,0.,0.));
#16791=DIRECTION('',(0.,-1.,0.));
#16792=AXIS2_PLACEMENT_3D('',#16789,#16790,#16791);
#16793=PLANE('',#16792);
#16794=ORIENTED_EDGE('',*,*,#16733,.T.);
#16795=ORIENTED_EDGE('',*,*,#14711,.T.);
#16796=ORIENTED_EDGE('',*,*,#16756,.F.);
#16797=ORIENTED_EDGE('',*,*,#16783,.T.);
#16798=EDGE_LOOP('',(#16794,#16795,#16796,#16797));
#16799=FACE_BOUND('',#16798,.T.);
#16800=ADVANCED_FACE('',(#16799),#16793,.T.);
#16801=CARTESIAN_POINT('',(-29.673115093,16.099999,38.850002));
#16802=DIRECTION('',(0.,-1.,0.));
#16803=DIRECTION('',(0.,0.,-1.));
#16804=AXIS2_PLACEMENT_3D('',#16801,#16802,#16803);
#16805=PLANE('',#16804);
#16806=ORIENTED_EDGE('',*,*,#3474,.F.);
#16807=CARTESIAN_POINT('',(-29.673115093,16.099999,43.600002));
#16808=VERTEX_POINT('',#16807);
#16809=CARTESIAN_POINT('',(-29.673115093,16.099999,43.600002));
#16810=DIRECTION('',(1.,0.,-0.));
#16811=VECTOR('',#16810,0.75);
#16812=LINE('',#16809,#16811);
#16813=EDGE_CURVE('',#16808,#3461,#16812,.T.);
#16814=ORIENTED_EDGE('',*,*,#16813,.F.);
#16815=CARTESIAN_POINT('',(-29.673115093,16.099999,43.600002));
#16816=DIRECTION('',(0.,0.,-1.));
#16817=VECTOR('',#16816,5.600002);
#16818=LINE('',#16815,#16817);
#16819=EDGE_CURVE('',#16808,#3890,#16818,.T.);
#16820=ORIENTED_EDGE('',*,*,#16819,.T.);
#16821=ORIENTED_EDGE('',*,*,#4747,.T.);
#16822=EDGE_LOOP('',(#16806,#16814,#16820,#16821));
#16823=FACE_BOUND('',#16822,.T.);
#16824=ADVANCED_FACE('',(#16823),#16805,.T.);
#16825=CARTESIAN_POINT('',(-29.673115093,10.699999,43.600002));
#16826=DIRECTION('',(0.,0.,-1.));
#16827=DIRECTION('',(-1.,0.,0.));
#16828=AXIS2_PLACEMENT_3D('',#16825,#16826,#16827);
#16829=PLANE('',#16828);
#16830=ORIENTED_EDGE('',*,*,#3466,.F.);
#16831=CARTESIAN_POINT('',(-29.673115093,5.299999,43.600002));
#16832=VERTEX_POINT('',#16831);
#16833=CARTESIAN_POINT('',(-29.673115093,5.299999,43.600002));
#16834=DIRECTION('',(1.,0.,-0.));
#16835=VECTOR('',#16834,0.75);
#16836=LINE('',#16833,#16835);
#16837=EDGE_CURVE('',#16832,#3453,#16836,.T.);
#16838=ORIENTED_EDGE('',*,*,#16837,.F.);
#16839=CARTESIAN_POINT('',(-29.673115093,5.299999,43.600002));
#16840=DIRECTION('',(0.,1.,0.));
#16841=VECTOR('',#16840,10.8);
#16842=LINE('',#16839,#16841);
#16843=EDGE_CURVE('',#16832,#16808,#16842,.T.);
#16844=ORIENTED_EDGE('',*,*,#16843,.T.);
#16845=ORIENTED_EDGE('',*,*,#16813,.T.);
#16846=EDGE_LOOP('',(#16830,#16838,#16844,#16845));
#16847=FACE_BOUND('',#16846,.T.);
#16848=ADVANCED_FACE('',(#16847),#16829,.T.);
#16849=CARTESIAN_POINT('',(-29.673115093,5.299999,38.850002));
#16850=DIRECTION('',(0.,-1.,-0.));
#16851=DIRECTION('',(0.,0.,-1.));
#16852=AXIS2_PLACEMENT_3D('',#16849,#16850,#16851);
#16853=PLANE('',#16852);
#16854=ORIENTED_EDGE('',*,*,#3458,.T.);
#16855=ORIENTED_EDGE('',*,*,#3903,.F.);
#16856=CARTESIAN_POINT('',(-29.673115093,5.299999,43.600002));
#16857=DIRECTION('',(0.,0.,-1.));
#16858=VECTOR('',#16857,5.600002);
#16859=LINE('',#16856,#16858);
#16860=EDGE_CURVE('',#16832,#3892,#16859,.T.);
#16861=ORIENTED_EDGE('',*,*,#16860,.F.);
#16862=ORIENTED_EDGE('',*,*,#16837,.T.);
#16863=EDGE_LOOP('',(#16854,#16855,#16861,#16862));
#16864=FACE_BOUND('',#16863,.T.);
#16865=ADVANCED_FACE('',(#16864),#16853,.F.);
#16866=CARTESIAN_POINT('',(-29.673115093,0.,0.));
#16867=DIRECTION('',(1.,0.,0.));
#16868=DIRECTION('',(0.,-1.,0.));
#16869=AXIS2_PLACEMENT_3D('',#16866,#16867,#16868);
#16870=PLANE('',#16869);
#16871=ORIENTED_EDGE('',*,*,#3897,.F.);
#16872=ORIENTED_EDGE('',*,*,#16819,.F.);
#16873=ORIENTED_EDGE('',*,*,#16843,.F.);
#16874=ORIENTED_EDGE('',*,*,#16860,.T.);
#16875=EDGE_LOOP('',(#16871,#16872,#16873,#16874));
#16876=FACE_BOUND('',#16875,.T.);
#16877=ADVANCED_FACE('',(#16876),#16870,.T.);
#16878=CARTESIAN_POINT('',(-29.673115093,58.35,41.75));
#16879=DIRECTION('',(0.,0.,1.));
#16880=DIRECTION('',(1.,0.,0.));
#16881=AXIS2_PLACEMENT_3D('',#16878,#16879,#16880);
#16882=PLANE('',#16881);
#16883=ORIENTED_EDGE('',*,*,#3271,.T.);
#16884=CARTESIAN_POINT('',(-29.673115093,53.6,41.75));
#16885=VERTEX_POINT('',#16884);
#16886=CARTESIAN_POINT('',(-29.673115093,53.6,41.75));
#16887=DIRECTION('',(1.,0.,-0.));
#16888=VECTOR('',#16887,0.75);
#16889=LINE('',#16886,#16888);
#16890=EDGE_CURVE('',#16885,#3260,#16889,.T.);
#16891=ORIENTED_EDGE('',*,*,#16890,.F.);
#16892=CARTESIAN_POINT('',(-29.673115093,54.630140235,41.75));
#16893=DIRECTION('',(0.,-1.,0.));
#16894=VECTOR('',#16893,1.030140235);
#16895=LINE('',#16892,#16894);
#16896=EDGE_CURVE('',#2998,#16885,#16895,.T.);
#16897=ORIENTED_EDGE('',*,*,#16896,.F.);
#16898=ORIENTED_EDGE('',*,*,#3172,.T.);
#16899=EDGE_LOOP('',(#16883,#16891,#16897,#16898));
#16900=FACE_BOUND('',#16899,.T.);
#16901=ADVANCED_FACE('',(#16900),#16882,.F.);
#16902=CARTESIAN_POINT('',(-29.673115093,53.6,36.35));
#16903=DIRECTION('',(0.,-1.,0.));
#16904=DIRECTION('',(0.,0.,-1.));
#16905=AXIS2_PLACEMENT_3D('',#16902,#16903,#16904);
#16906=PLANE('',#16905);
#16907=ORIENTED_EDGE('',*,*,#3265,.T.);
#16908=CARTESIAN_POINT('',(-29.673115093,53.6,30.95));
#16909=VERTEX_POINT('',#16908);
#16910=CARTESIAN_POINT('',(-29.673115093,53.6,30.95));
#16911=DIRECTION('',(1.,0.,-0.));
#16912=VECTOR('',#16911,0.75);
#16913=LINE('',#16910,#16912);
#16914=EDGE_CURVE('',#16909,#3252,#16913,.T.);
#16915=ORIENTED_EDGE('',*,*,#16914,.F.);
#16916=CARTESIAN_POINT('',(-29.673115093,53.6,41.75));
#16917=DIRECTION('',(0.,0.,-1.));
#16918=VECTOR('',#16917,10.8);
#16919=LINE('',#16916,#16918);
#16920=EDGE_CURVE('',#16885,#16909,#16919,.T.);
#16921=ORIENTED_EDGE('',*,*,#16920,.F.);
#16922=ORIENTED_EDGE('',*,*,#16890,.T.);
#16923=EDGE_LOOP('',(#16907,#16915,#16921,#16922));
#16924=FACE_BOUND('',#16923,.T.);
#16925=ADVANCED_FACE('',(#16924),#16906,.F.);
#16926=CARTESIAN_POINT('',(-29.673115093,58.35,30.95));
#16927=DIRECTION('',(0.,0.,1.));
#16928=DIRECTION('',(1.,0.,0.));
#16929=AXIS2_PLACEMENT_3D('',#16926,#16927,#16928);
#16930=PLANE('',#16929);
#16931=ORIENTED_EDGE('',*,*,#3257,.F.);
#16932=ORIENTED_EDGE('',*,*,#14694,.F.);
#16933=CARTESIAN_POINT('',(-29.673115093,56.,30.95));
#16934=DIRECTION('',(0.,-1.,0.));
#16935=VECTOR('',#16934,2.4);
#16936=LINE('',#16933,#16935);
#16937=EDGE_CURVE('',#14683,#16909,#16936,.T.);
#16938=ORIENTED_EDGE('',*,*,#16937,.T.);
#16939=ORIENTED_EDGE('',*,*,#16914,.T.);
#16940=EDGE_LOOP('',(#16931,#16932,#16938,#16939));
#16941=FACE_BOUND('',#16940,.T.);
#16942=ADVANCED_FACE('',(#16941),#16930,.T.);
#16943=CARTESIAN_POINT('',(-29.673115093,0.,0.));
#16944=DIRECTION('',(1.,0.,0.));
#16945=DIRECTION('',(0.,-1.,0.));
#16946=AXIS2_PLACEMENT_3D('',#16943,#16944,#16945);
#16947=PLANE('',#16946);
#16948=ORIENTED_EDGE('',*,*,#14688,.T.);
#16949=ORIENTED_EDGE('',*,*,#3004,.T.);
#16950=ORIENTED_EDGE('',*,*,#16896,.T.);
#16951=ORIENTED_EDGE('',*,*,#16920,.T.);
#16952=ORIENTED_EDGE('',*,*,#16937,.F.);
#16953=EDGE_LOOP('',(#16948,#16949,#16950,#16951,#16952));
#16954=FACE_BOUND('',#16953,.T.);
#16955=ADVANCED_FACE('',(#16954),#16947,.T.);
#16956=CARTESIAN_POINT('',(-32.923115093,0.,0.));
#16957=DIRECTION('',(1.,0.,0.));
#16958=DIRECTION('',(0.,1.,0.));
#16959=AXIS2_PLACEMENT_3D('',#16956,#16957,#16958);
#16960=PLANE('',#16959);
#16961=ORIENTED_EDGE('',*,*,#8044,.T.);
#16962=CARTESIAN_POINT('',(-32.923115093,-19.5,49.3));
#16963=DIRECTION('',(1.,0.,0.));
#16964=DIRECTION('',(-0.,1.,0.));
#16965=AXIS2_PLACEMENT_3D('',#16962,#16963,#16964);
#16966=CIRCLE('',#16965,3.5);
#16967=EDGE_CURVE('',#8039,#8562,#16966,.T.);
#16968=ORIENTED_EDGE('',*,*,#16967,.T.);
#16969=ORIENTED_EDGE('',*,*,#8567,.F.);
#16970=CARTESIAN_POINT('',(-32.923115093,-19.5,49.3));
#16971=DIRECTION('',(1.,0.,0.));
#16972=DIRECTION('',(-0.,1.,0.));
#16973=AXIS2_PLACEMENT_3D('',#16970,#16971,#16972);
#16974=CIRCLE('',#16973,3.5);
#16975=EDGE_CURVE('',#8552,#8037,#16974,.T.);
#16976=ORIENTED_EDGE('',*,*,#16975,.T.);
#16977=EDGE_LOOP('',(#16961,#16968,#16969,#16976));
#16978=FACE_BOUND('',#16977,.T.);
#16979=ADVANCED_FACE('',(#16978),#16960,.T.);
#16980=CARTESIAN_POINT('',(-32.923115093,0.,0.));
#16981=DIRECTION('',(1.,0.,0.));
#16982=DIRECTION('',(0.,1.,0.));
#16983=AXIS2_PLACEMENT_3D('',#16980,#16981,#16982);
#16984=PLANE('',#16983);
#16985=CARTESIAN_POINT('',(-32.923115093,-19.5,49.3));
#16986=DIRECTION('',(1.,0.,0.));
#16987=DIRECTION('',(-0.,1.,0.));
#16988=AXIS2_PLACEMENT_3D('',#16985,#16986,#16987);
#16989=CIRCLE('',#16988,3.5);
#16990=EDGE_CURVE('',#7998,#8199,#16989,.T.);
#16991=ORIENTED_EDGE('',*,*,#16990,.T.);
#16992=ORIENTED_EDGE('',*,*,#8206,.T.);
#16993=CARTESIAN_POINT('',(-32.923115093,-19.5,49.3));
#16994=DIRECTION('',(1.,0.,0.));
#16995=DIRECTION('',(-0.,1.,0.));
#16996=AXIS2_PLACEMENT_3D('',#16993,#16994,#16995);
#16997=CIRCLE('',#16996,3.5);
#16998=EDGE_CURVE('',#8201,#8006,#16997,.T.);
#16999=ORIENTED_EDGE('',*,*,#16998,.T.);
#17000=ORIENTED_EDGE('',*,*,#8011,.F.);
#17001=EDGE_LOOP('',(#16991,#16992,#16999,#17000));
#17002=FACE_BOUND('',#17001,.T.);
#17003=ADVANCED_FACE('',(#17002),#16984,.T.);
#17004=CARTESIAN_POINT('',(-32.923115093,0.,0.));
#17005=DIRECTION('',(1.,0.,0.));
#17006=DIRECTION('',(0.,1.,0.));
#17007=AXIS2_PLACEMENT_3D('',#17004,#17005,#17006);
#17008=PLANE('',#17007);
#17009=ORIENTED_EDGE('',*,*,#8271,.F.);
#17010=CARTESIAN_POINT('',(-32.923115093,-21.3,53.094733192));
#17011=DIRECTION('',(-1.,-0.,-0.));
#17012=DIRECTION('',(0.,0.,-1.));
#17013=AXIS2_PLACEMENT_3D('',#17010,#17011,#17012);
#17014=CIRCLE('',#17013,0.7);
#17015=EDGE_CURVE('',#8258,#2824,#17014,.T.);
#17016=ORIENTED_EDGE('',*,*,#17015,.T.);
#17017=ORIENTED_EDGE('',*,*,#2829,.T.);
#17018=ORIENTED_EDGE('',*,*,#9033,.T.);
#17019=CARTESIAN_POINT('',(-32.923115093,-21.,46.13772234));
#17020=VERTEX_POINT('',#17019);
#17021=CARTESIAN_POINT('',(-32.923115093,-21.3,45.505266808));
#17022=DIRECTION('',(-1.,-0.,-0.));
#17023=DIRECTION('',(0.,0.,-1.));
#17024=AXIS2_PLACEMENT_3D('',#17021,#17022,#17023);
#17025=CIRCLE('',#17024,0.7);
#17026=EDGE_CURVE('',#9022,#17020,#17025,.T.);
#17027=ORIENTED_EDGE('',*,*,#17026,.T.);
#17028=CARTESIAN_POINT('',(-32.923115093,-19.5,49.3));
#17029=DIRECTION('',(1.,0.,0.));
#17030=DIRECTION('',(-0.,1.,0.));
#17031=AXIS2_PLACEMENT_3D('',#17028,#17029,#17030);
#17032=CIRCLE('',#17031,3.5);
#17033=EDGE_CURVE('',#17020,#8266,#17032,.T.);
#17034=ORIENTED_EDGE('',*,*,#17033,.T.);
#17035=EDGE_LOOP('',(#17009,#17016,#17017,#17018,#17027,#17034));
#17036=FACE_BOUND('',#17035,.T.);
#17037=ADVANCED_FACE('',(#17036),#17008,.T.);
#17038=CARTESIAN_POINT('',(-32.923115093,-19.5,49.3));
#17039=DIRECTION('',(1.,0.,0.));
#17040=DIRECTION('',(0.,0.,-1.));
#17041=AXIS2_PLACEMENT_3D('',#17038,#17039,#17040);
#17042=CYLINDRICAL_SURFACE('',#17041,3.5);
#17043=CARTESIAN_POINT('',(-28.923115093,-19.5,45.8));
#17044=DIRECTION('',(-1.,-0.,0.));
#17045=VECTOR('',#17044,1.5);
#17046=LINE('',#17043,#17045);
#17047=EDGE_CURVE('',#3345,#2946,#17046,.T.);
#17048=ORIENTED_EDGE('',*,*,#17047,.F.);
#17049=ORIENTED_EDGE('',*,*,#3351,.T.);
#17050=CARTESIAN_POINT('',(-28.923115093,-21.,52.46227766));
#17051=DIRECTION('',(-1.,-0.,0.));
#17052=VECTOR('',#17051,1.5);
#17053=LINE('',#17050,#17052);
#17054=EDGE_CURVE('',#3336,#8290,#17053,.T.);
#17055=ORIENTED_EDGE('',*,*,#17054,.T.);
#17056=ORIENTED_EDGE('',*,*,#8296,.T.);
#17057=ORIENTED_EDGE('',*,*,#8214,.F.);
#17058=ORIENTED_EDGE('',*,*,#16990,.F.);
#17059=ORIENTED_EDGE('',*,*,#8003,.T.);
#17060=ORIENTED_EDGE('',*,*,#2886,.T.);
#17061=ORIENTED_EDGE('',*,*,#8050,.F.);
#17062=ORIENTED_EDGE('',*,*,#16975,.F.);
#17063=ORIENTED_EDGE('',*,*,#8559,.T.);
#17064=ORIENTED_EDGE('',*,*,#8622,.T.);
#17065=ORIENTED_EDGE('',*,*,#8575,.T.);
#17066=ORIENTED_EDGE('',*,*,#16967,.F.);
#17067=ORIENTED_EDGE('',*,*,#8068,.F.);
#17068=ORIENTED_EDGE('',*,*,#8083,.T.);
#17069=ORIENTED_EDGE('',*,*,#8019,.T.);
#17070=ORIENTED_EDGE('',*,*,#16998,.F.);
#17071=ORIENTED_EDGE('',*,*,#8230,.F.);
#17072=ORIENTED_EDGE('',*,*,#2963,.T.);
#17073=EDGE_LOOP('',(#17048,#17049,#17055,#17056,#17057,#17058,#17059,#17060,#17061,#17062,#17063,#17064,#17065,#17066,#17067,#17068,#17069,#17070,#17071,#17072));
#17074=FACE_BOUND('',#17073,.T.);
#17075=ADVANCED_FACE('',(#17074),#17042,.F.);
#17076=CARTESIAN_POINT('',(-32.923115093,34.4,-38.9));
#17077=DIRECTION('',(1.,0.,0.));
#17078=DIRECTION('',(0.,0.,-1.));
#17079=AXIS2_PLACEMENT_3D('',#17076,#17077,#17078);
#17080=CYLINDRICAL_SURFACE('',#17079,3.7);
#17081=CARTESIAN_POINT('',(-32.923115093,34.4,-42.6));
#17082=VERTEX_POINT('',#17081);
#17083=CARTESIAN_POINT('',(-28.923115093,34.4,-42.6));
#17084=DIRECTION('',(-1.,-0.,0.));
#17085=VECTOR('',#17084,4.);
#17086=LINE('',#17083,#17085);
#17087=EDGE_CURVE('',#865,#17082,#17086,.T.);
#17088=ORIENTED_EDGE('',*,*,#17087,.F.);
#17089=ORIENTED_EDGE('',*,*,#871,.T.);
#17090=CARTESIAN_POINT('',(-28.923115093,37.89967091,-40.100959418));
#17091=VERTEX_POINT('',#17090);
#17092=CARTESIAN_POINT('',(-28.923115093,34.4,-38.9));
#17093=DIRECTION('',(1.,0.,0.));
#17094=DIRECTION('',(0.,0.,-1.));
#17095=AXIS2_PLACEMENT_3D('',#17092,#17093,#17094);
#17096=CIRCLE('',#17095,3.7);
#17097=EDGE_CURVE('',#856,#17091,#17096,.T.);
#17098=ORIENTED_EDGE('',*,*,#17097,.T.);
#17099=CARTESIAN_POINT('',(-28.923115093,34.4,-38.9));
#17100=DIRECTION('',(1.,0.,0.));
#17101=DIRECTION('',(0.,0.,-1.));
#17102=AXIS2_PLACEMENT_3D('',#17099,#17100,#17101);
#17103=CIRCLE('',#17102,3.7);
#17104=EDGE_CURVE('',#17091,#3183,#17103,.T.);
#17105=ORIENTED_EDGE('',*,*,#17104,.T.);
#17106=ORIENTED_EDGE('',*,*,#3191,.T.);
#17107=CARTESIAN_POINT('',(-32.923115093,31.532497182,-36.561746893));
#17108=VERTEX_POINT('',#17107);
#17109=CARTESIAN_POINT('',(-28.923115093,31.5325,-36.561743438));
#17110=DIRECTION('',(-1.,-0.,0.));
#17111=VECTOR('',#17110,4.);
#17112=LINE('',#17109,#17111);
#17113=EDGE_CURVE('',#3185,#17108,#17112,.T.);
#17114=ORIENTED_EDGE('',*,*,#17113,.T.);
#17115=CARTESIAN_POINT('',(-32.923115093,34.4,-38.9));
#17116=DIRECTION('',(1.,0.,0.));
#17117=DIRECTION('',(0.,0.,-1.));
#17118=AXIS2_PLACEMENT_3D('',#17115,#17116,#17117);
#17119=CIRCLE('',#17118,3.7);
#17120=EDGE_CURVE('',#11573,#17108,#17119,.T.);
#17121=ORIENTED_EDGE('',*,*,#17120,.F.);
#17122=ORIENTED_EDGE('',*,*,#11608,.F.);
#17123=ORIENTED_EDGE('',*,*,#11625,.T.);
#17124=ORIENTED_EDGE('',*,*,#11663,.T.);
#17125=CARTESIAN_POINT('',(-32.923115093,34.4,-38.9));
#17126=DIRECTION('',(1.,0.,0.));
#17127=DIRECTION('',(0.,0.,-1.));
#17128=AXIS2_PLACEMENT_3D('',#17125,#17126,#17127);
#17129=CIRCLE('',#17128,3.7);
#17130=EDGE_CURVE('',#11709,#11652,#17129,.T.);
#17131=ORIENTED_EDGE('',*,*,#17130,.F.);
#17132=ORIENTED_EDGE('',*,*,#11746,.F.);
#17133=ORIENTED_EDGE('',*,*,#1117,.T.);
#17134=ORIENTED_EDGE('',*,*,#11786,.T.);
#17135=ORIENTED_EDGE('',*,*,#11810,.F.);
#17136=ORIENTED_EDGE('',*,*,#1026,.T.);
#17137=ORIENTED_EDGE('',*,*,#11761,.T.);
#17138=ORIENTED_EDGE('',*,*,#11722,.F.);
#17139=CARTESIAN_POINT('',(-32.923115093,34.4,-38.9));
#17140=DIRECTION('',(1.,0.,0.));
#17141=DIRECTION('',(0.,0.,-1.));
#17142=AXIS2_PLACEMENT_3D('',#17139,#17140,#17141);
#17143=CIRCLE('',#17142,3.7);
#17144=EDGE_CURVE('',#11644,#11707,#17143,.T.);
#17145=ORIENTED_EDGE('',*,*,#17144,.F.);
#17146=ORIENTED_EDGE('',*,*,#11649,.T.);
#17147=ORIENTED_EDGE('',*,*,#2571,.T.);
#17148=ORIENTED_EDGE('',*,*,#11584,.F.);
#17149=CARTESIAN_POINT('',(-32.923115093,34.4,-38.9));
#17150=DIRECTION('',(1.,0.,0.));
#17151=DIRECTION('',(0.,0.,-1.));
#17152=AXIS2_PLACEMENT_3D('',#17149,#17150,#17151);
#17153=CIRCLE('',#17152,3.7);
#17154=EDGE_CURVE('',#15104,#11571,#17153,.T.);
#17155=ORIENTED_EDGE('',*,*,#17154,.F.);
#17156=ORIENTED_EDGE('',*,*,#15125,.T.);
#17157=ORIENTED_EDGE('',*,*,#2613,.T.);
#17158=ORIENTED_EDGE('',*,*,#15731,.F.);
#17159=CARTESIAN_POINT('',(-32.923115093,34.4,-38.9));
#17160=DIRECTION('',(1.,0.,0.));
#17161=DIRECTION('',(0.,0.,-1.));
#17162=AXIS2_PLACEMENT_3D('',#17159,#17160,#17161);
#17163=CIRCLE('',#17162,3.7);
#17164=EDGE_CURVE('',#17082,#15720,#17163,.T.);
#17165=ORIENTED_EDGE('',*,*,#17164,.F.);
#17166=EDGE_LOOP('',(#17088,#17089,#17098,#17105,#17106,#17114,#17121,#17122,#17123,#17124,#17131,#17132,#17133,#17134,#17135,#17136,#17137,#17138,#17145,#17146,#17147,#17148,#17155,#17156,#17157,#17158,
#17165));
#17167=FACE_BOUND('',#17166,.T.);
#17168=ADVANCED_FACE('',(#17167),#17080,.F.);
#17169=CARTESIAN_POINT('',(-32.923115093,0.,0.));
#17170=DIRECTION('',(1.,0.,0.));
#17171=DIRECTION('',(0.,1.,0.));
#17172=AXIS2_PLACEMENT_3D('',#17169,#17170,#17171);
#17173=PLANE('',#17172);
#17174=ORIENTED_EDGE('',*,*,#11578,.T.);
#17175=ORIENTED_EDGE('',*,*,#17120,.T.);
#17176=CARTESIAN_POINT('',(-32.923115093,31.3,-36.672155068));
#17177=VERTEX_POINT('',#17176);
#17178=CARTESIAN_POINT('',(-32.923115093,31.3,-36.372155068));
#17179=DIRECTION('',(-1.,-0.,-0.));
#17180=DIRECTION('',(0.,0.,-1.));
#17181=AXIS2_PLACEMENT_3D('',#17178,#17179,#17180);
#17182=CIRCLE('',#17181,0.3);
#17183=EDGE_CURVE('',#17108,#17177,#17182,.T.);
#17184=ORIENTED_EDGE('',*,*,#17183,.T.);
#17185=CARTESIAN_POINT('',(-32.923115093,31.3,-36.372155068));
#17186=DIRECTION('',(-1.,-0.,-0.));
#17187=DIRECTION('',(0.,0.,-1.));
#17188=AXIS2_PLACEMENT_3D('',#17185,#17186,#17187);
#17189=CIRCLE('',#17188,0.3);
#17190=EDGE_CURVE('',#17177,#2541,#17189,.T.);
#17191=ORIENTED_EDGE('',*,*,#17190,.T.);
#17192=ORIENTED_EDGE('',*,*,#2546,.F.);
#17193=ORIENTED_EDGE('',*,*,#15109,.F.);
#17194=ORIENTED_EDGE('',*,*,#17154,.T.);
#17195=EDGE_LOOP('',(#17174,#17175,#17184,#17191,#17192,#17193,#17194));
#17196=FACE_BOUND('',#17195,.T.);
#17197=ADVANCED_FACE('',(#17196),#17173,.T.);
#17198=CARTESIAN_POINT('',(-32.923115093,0.,0.));
#17199=DIRECTION('',(1.,0.,0.));
#17200=DIRECTION('',(0.,1.,0.));
#17201=AXIS2_PLACEMENT_3D('',#17198,#17199,#17200);
#17202=PLANE('',#17201);
#17203=ORIENTED_EDGE('',*,*,#17144,.T.);
#17204=ORIENTED_EDGE('',*,*,#11714,.T.);
#17205=ORIENTED_EDGE('',*,*,#17130,.T.);
#17206=ORIENTED_EDGE('',*,*,#11657,.F.);
#17207=EDGE_LOOP('',(#17203,#17204,#17205,#17206));
#17208=FACE_BOUND('',#17207,.T.);
#17209=ADVANCED_FACE('',(#17208),#17202,.T.);
#17210=CARTESIAN_POINT('',(-32.923115093,0.,0.));
#17211=DIRECTION('',(1.,0.,0.));
#17212=DIRECTION('',(0.,1.,0.));
#17213=AXIS2_PLACEMENT_3D('',#17210,#17211,#17212);
#17214=PLANE('',#17213);
#17215=CARTESIAN_POINT('',(-32.923115093,34.4,-38.9));
#17216=DIRECTION('',(1.,0.,0.));
#17217=DIRECTION('',(0.,0.,-1.));
#17218=AXIS2_PLACEMENT_3D('',#17215,#17216,#17217);
#17219=CIRCLE('',#17218,3.7);
#17220=EDGE_CURVE('',#15688,#17082,#17219,.T.);
#17221=ORIENTED_EDGE('',*,*,#17220,.T.);
#17222=ORIENTED_EDGE('',*,*,#17164,.T.);
#17223=ORIENTED_EDGE('',*,*,#15725,.T.);
#17224=ORIENTED_EDGE('',*,*,#1157,.F.);
#17225=ORIENTED_EDGE('',*,*,#15699,.F.);
#17226=EDGE_LOOP('',(#17221,#17222,#17223,#17224,#17225));
#17227=FACE_BOUND('',#17226,.T.);
#17228=ADVANCED_FACE('',(#17227),#17214,.T.);
#17229=CARTESIAN_POINT('',(-32.923115093,0.,0.));
#17230=DIRECTION('',(1.,0.,0.));
#17231=DIRECTION('',(0.,1.,0.));
#17232=AXIS2_PLACEMENT_3D('',#17229,#17230,#17231);
#17233=PLANE('',#17232);
#17234=CARTESIAN_POINT('',(-32.923115093,0.7,58.1));
#17235=DIRECTION('',(1.,0.,0.));
#17236=DIRECTION('',(-0.,1.,0.));
#17237=AXIS2_PLACEMENT_3D('',#17234,#17235,#17236);
#17238=CIRCLE('',#17237,3.5);
#17239=EDGE_CURVE('',#8333,#8680,#17238,.T.);
#17240=ORIENTED_EDGE('',*,*,#17239,.T.);
#17241=ORIENTED_EDGE('',*,*,#8687,.T.);
#17242=CARTESIAN_POINT('',(-32.923115093,0.7,58.1));
#17243=DIRECTION('',(1.,0.,0.));
#17244=DIRECTION('',(-0.,1.,0.));
#17245=AXIS2_PLACEMENT_3D('',#17242,#17243,#17244);
#17246=CIRCLE('',#17245,3.5);
#17247=EDGE_CURVE('',#8682,#8343,#17246,.T.);
#17248=ORIENTED_EDGE('',*,*,#17247,.T.);
#17249=ORIENTED_EDGE('',*,*,#8348,.F.);
#17250=EDGE_LOOP('',(#17240,#17241,#17248,#17249));
#17251=FACE_BOUND('',#17250,.T.);
#17252=ADVANCED_FACE('',(#17251),#17233,.T.);
#17253=CARTESIAN_POINT('',(-32.923115093,0.,0.));
#17254=DIRECTION('',(1.,0.,0.));
#17255=DIRECTION('',(0.,1.,0.));
#17256=AXIS2_PLACEMENT_3D('',#17253,#17254,#17255);
#17257=PLANE('',#17256);
#17258=ORIENTED_EDGE('',*,*,#8847,.T.);
#17259=CARTESIAN_POINT('',(-32.923115093,0.7,58.1));
#17260=DIRECTION('',(1.,0.,0.));
#17261=DIRECTION('',(-0.,1.,0.));
#17262=AXIS2_PLACEMENT_3D('',#17259,#17260,#17261);
#17263=CIRCLE('',#17262,3.5);
#17264=EDGE_CURVE('',#8842,#9114,#17263,.T.);
#17265=ORIENTED_EDGE('',*,*,#17264,.T.);
#17266=ORIENTED_EDGE('',*,*,#9119,.F.);
#17267=CARTESIAN_POINT('',(-32.923115093,0.7,58.1));
#17268=DIRECTION('',(1.,0.,0.));
#17269=DIRECTION('',(-0.,1.,0.));
#17270=AXIS2_PLACEMENT_3D('',#17267,#17268,#17269);
#17271=CIRCLE('',#17270,3.5);
#17272=EDGE_CURVE('',#9104,#8840,#17271,.T.);
#17273=ORIENTED_EDGE('',*,*,#17272,.T.);
#17274=EDGE_LOOP('',(#17258,#17265,#17266,#17273));
#17275=FACE_BOUND('',#17274,.T.);
#17276=ADVANCED_FACE('',(#17275),#17257,.T.);
#17277=CARTESIAN_POINT('',(-32.923115093,0.,0.));
#17278=DIRECTION('',(1.,0.,0.));
#17279=DIRECTION('',(0.,1.,0.));
#17280=AXIS2_PLACEMENT_3D('',#17277,#17278,#17279);
#17281=PLANE('',#17280);
#17282=CARTESIAN_POINT('',(-32.923115093,0.7,58.1));
#17283=DIRECTION('',(1.,0.,0.));
#17284=DIRECTION('',(-0.,1.,0.));
#17285=AXIS2_PLACEMENT_3D('',#17282,#17283,#17284);
#17286=CIRCLE('',#17285,3.5);
#17287=EDGE_CURVE('',#8638,#9146,#17286,.T.);
#17288=ORIENTED_EDGE('',*,*,#17287,.T.);
#17289=ORIENTED_EDGE('',*,*,#9153,.T.);
#17290=CARTESIAN_POINT('',(-32.923115093,0.7,54.6));
#17291=VERTEX_POINT('',#17290);
#17292=CARTESIAN_POINT('',(-32.923115093,0.7,58.1));
#17293=DIRECTION('',(1.,0.,0.));
#17294=DIRECTION('',(-0.,1.,0.));
#17295=AXIS2_PLACEMENT_3D('',#17292,#17293,#17294);
#17296=CIRCLE('',#17295,3.5);
#17297=EDGE_CURVE('',#9148,#17291,#17296,.T.);
#17298=ORIENTED_EDGE('',*,*,#17297,.T.);
#17299=CARTESIAN_POINT('',(-32.923115093,0.7,58.1));
#17300=DIRECTION('',(1.,0.,0.));
#17301=DIRECTION('',(-0.,1.,0.));
#17302=AXIS2_PLACEMENT_3D('',#17299,#17300,#17301);
#17303=CIRCLE('',#17302,3.5);
#17304=EDGE_CURVE('',#17291,#8646,#17303,.T.);
#17305=ORIENTED_EDGE('',*,*,#17304,.T.);
#17306=ORIENTED_EDGE('',*,*,#8651,.F.);
#17307=EDGE_LOOP('',(#17288,#17289,#17298,#17305,#17306));
#17308=FACE_BOUND('',#17307,.T.);
#17309=ADVANCED_FACE('',(#17308),#17281,.T.);
#17310=CARTESIAN_POINT('',(-32.923115093,0.7,58.1));
#17311=DIRECTION('',(1.,0.,0.));
#17312=DIRECTION('',(0.,0.,-1.));
#17313=AXIS2_PLACEMENT_3D('',#17310,#17311,#17312);
#17314=CYLINDRICAL_SURFACE('',#17313,3.5);
#17315=CARTESIAN_POINT('',(-28.923115093,0.7,54.6));
#17316=DIRECTION('',(-1.,-0.,0.));
#17317=VECTOR('',#17316,4.);
#17318=LINE('',#17315,#17317);
#17319=EDGE_CURVE('',#3583,#17291,#17318,.T.);
#17320=ORIENTED_EDGE('',*,*,#17319,.F.);
#17321=ORIENTED_EDGE('',*,*,#3591,.T.);
#17322=CARTESIAN_POINT('',(-28.923115093,-0.328492069,54.754524837));
#17323=VERTEX_POINT('',#17322);
#17324=CARTESIAN_POINT('',(-28.923115093,0.7,58.1));
#17325=DIRECTION('',(1.,0.,0.));
#17326=DIRECTION('',(-0.,1.,0.));
#17327=AXIS2_PLACEMENT_3D('',#17324,#17325,#17326);
#17328=CIRCLE('',#17327,3.5);
#17329=EDGE_CURVE('',#3585,#17323,#17328,.T.);
#17330=ORIENTED_EDGE('',*,*,#17329,.T.);
#17331=CARTESIAN_POINT('',(-28.923115093,0.7,58.1));
#17332=DIRECTION('',(1.,0.,0.));
#17333=DIRECTION('',(-0.,1.,0.));
#17334=AXIS2_PLACEMENT_3D('',#17331,#17332,#17333);
#17335=CIRCLE('',#17334,3.5);
#17336=EDGE_CURVE('',#17323,#3594,#17335,.T.);
#17337=ORIENTED_EDGE('',*,*,#17336,.T.);
#17338=ORIENTED_EDGE('',*,*,#3600,.T.);
#17339=ORIENTED_EDGE('',*,*,#17319,.T.);
#17340=ORIENTED_EDGE('',*,*,#17297,.F.);
#17341=ORIENTED_EDGE('',*,*,#9177,.F.);
#17342=ORIENTED_EDGE('',*,*,#1315,.T.);
#17343=ORIENTED_EDGE('',*,*,#9125,.T.);
#17344=ORIENTED_EDGE('',*,*,#17264,.F.);
#17345=ORIENTED_EDGE('',*,*,#8878,.F.);
#17346=ORIENTED_EDGE('',*,*,#8893,.T.);
#17347=ORIENTED_EDGE('',*,*,#8855,.F.);
#17348=ORIENTED_EDGE('',*,*,#17272,.F.);
#17349=ORIENTED_EDGE('',*,*,#9111,.T.);
#17350=ORIENTED_EDGE('',*,*,#9192,.T.);
#17351=ORIENTED_EDGE('',*,*,#9161,.F.);
#17352=ORIENTED_EDGE('',*,*,#17287,.F.);
#17353=ORIENTED_EDGE('',*,*,#8643,.T.);
#17354=ORIENTED_EDGE('',*,*,#1274,.T.);
#17355=ORIENTED_EDGE('',*,*,#8693,.F.);
#17356=ORIENTED_EDGE('',*,*,#17239,.F.);
#17357=ORIENTED_EDGE('',*,*,#8340,.T.);
#17358=ORIENTED_EDGE('',*,*,#8403,.T.);
#17359=ORIENTED_EDGE('',*,*,#8356,.T.);
#17360=ORIENTED_EDGE('',*,*,#17247,.F.);
#17361=ORIENTED_EDGE('',*,*,#8711,.F.);
#17362=ORIENTED_EDGE('',*,*,#8726,.T.);
#17363=ORIENTED_EDGE('',*,*,#8659,.T.);
#17364=ORIENTED_EDGE('',*,*,#17304,.F.);
#17365=EDGE_LOOP('',(#17320,#17321,#17330,#17337,#17338,#17339,#17340,#17341,#17342,#17343,#17344,#17345,#17346,#17347,#17348,#17349,#17350,#17351,#17352,#17353,#17354,#17355,#17356,#17357,#17358,#17359,
#17360,#17361,#17362,#17363,#17364));
#17366=FACE_BOUND('',#17365,.T.);
#17367=ADVANCED_FACE('',(#17366),#17314,.F.);
#17368=CARTESIAN_POINT('',(-32.923115093,0.,0.));
#17369=DIRECTION('',(1.,0.,0.));
#17370=DIRECTION('',(0.,1.,0.));
#17371=AXIS2_PLACEMENT_3D('',#17368,#17369,#17370);
#17372=PLANE('',#17371);
#17373=ORIENTED_EDGE('',*,*,#8146,.T.);
#17374=CARTESIAN_POINT('',(-32.923115093,21.1,51.5));
#17375=DIRECTION('',(1.,0.,0.));
#17376=DIRECTION('',(-0.,1.,0.));
#17377=AXIS2_PLACEMENT_3D('',#17374,#17375,#17376);
#17378=CIRCLE('',#17377,3.5);
#17379=EDGE_CURVE('',#8141,#8917,#17378,.T.);
#17380=ORIENTED_EDGE('',*,*,#17379,.T.);
#17381=ORIENTED_EDGE('',*,*,#8922,.F.);
#17382=CARTESIAN_POINT('',(-32.923115093,21.1,51.5));
#17383=DIRECTION('',(1.,0.,0.));
#17384=DIRECTION('',(-0.,1.,0.));
#17385=AXIS2_PLACEMENT_3D('',#17382,#17383,#17384);
#17386=CIRCLE('',#17385,3.5);
#17387=EDGE_CURVE('',#8909,#8139,#17386,.T.);
#17388=ORIENTED_EDGE('',*,*,#17387,.T.);
#17389=EDGE_LOOP('',(#17373,#17380,#17381,#17388));
#17390=FACE_BOUND('',#17389,.T.);
#17391=ADVANCED_FACE('',(#17390),#17372,.T.);
#17392=CARTESIAN_POINT('',(-32.923115093,0.,0.));
#17393=DIRECTION('',(1.,0.,0.));
#17394=DIRECTION('',(0.,1.,0.));
#17395=AXIS2_PLACEMENT_3D('',#17392,#17393,#17394);
#17396=PLANE('',#17395);
#17397=ORIENTED_EDGE('',*,*,#8958,.T.);
#17398=CARTESIAN_POINT('',(-32.923115093,21.1,51.5));
#17399=DIRECTION('',(1.,0.,0.));
#17400=DIRECTION('',(-0.,1.,0.));
#17401=AXIS2_PLACEMENT_3D('',#17398,#17399,#17400);
#17402=CIRCLE('',#17401,3.5);
#17403=EDGE_CURVE('',#8953,#8951,#17402,.T.);
#17404=ORIENTED_EDGE('',*,*,#17403,.T.);
#17405=EDGE_LOOP('',(#17397,#17404));
#17406=FACE_BOUND('',#17405,.T.);
#17407=ADVANCED_FACE('',(#17406),#17396,.T.);
#17408=CARTESIAN_POINT('',(-32.923115093,0.,0.));
#17409=DIRECTION('',(1.,0.,0.));
#17410=DIRECTION('',(0.,1.,0.));
#17411=AXIS2_PLACEMENT_3D('',#17408,#17409,#17410);
#17412=PLANE('',#17411);
#17413=CARTESIAN_POINT('',(-32.923115093,21.1,51.5));
#17414=DIRECTION('',(1.,0.,0.));
#17415=DIRECTION('',(-0.,1.,0.));
#17416=AXIS2_PLACEMENT_3D('',#17413,#17414,#17415);
#17417=CIRCLE('',#17416,3.5);
#17418=EDGE_CURVE('',#8097,#9336,#17417,.T.);
#17419=ORIENTED_EDGE('',*,*,#17418,.T.);
#17420=ORIENTED_EDGE('',*,*,#9343,.T.);
#17421=CARTESIAN_POINT('',(-32.923115093,21.1,51.5));
#17422=DIRECTION('',(1.,0.,0.));
#17423=DIRECTION('',(-0.,1.,0.));
#17424=AXIS2_PLACEMENT_3D('',#17421,#17422,#17423);
#17425=CIRCLE('',#17424,3.5);
#17426=EDGE_CURVE('',#9338,#8105,#17425,.T.);
#17427=ORIENTED_EDGE('',*,*,#17426,.T.);
#17428=ORIENTED_EDGE('',*,*,#8110,.F.);
#17429=EDGE_LOOP('',(#17419,#17420,#17427,#17428));
#17430=FACE_BOUND('',#17429,.T.);
#17431=ADVANCED_FACE('',(#17430),#17412,.T.);
#17432=CARTESIAN_POINT('',(-32.923115093,21.1,51.5));
#17433=DIRECTION('',(1.,0.,0.));
#17434=DIRECTION('',(0.,0.,-1.));
#17435=AXIS2_PLACEMENT_3D('',#17432,#17433,#17434);
#17436=CYLINDRICAL_SURFACE('',#17435,3.5);
#17437=CARTESIAN_POINT('',(-28.923115093,21.1,48.));
#17438=DIRECTION('',(-1.,-0.,0.));
#17439=VECTOR('',#17438,1.5);
#17440=LINE('',#17437,#17439);
#17441=EDGE_CURVE('',#651,#8993,#17440,.T.);
#17442=ORIENTED_EDGE('',*,*,#17441,.F.);
#17443=ORIENTED_EDGE('',*,*,#678,.T.);
#17444=CARTESIAN_POINT('',(-28.923115093,24.141362487,49.76791622));
#17445=VERTEX_POINT('',#17444);
#17446=CARTESIAN_POINT('',(-28.923115093,21.1,51.5));
#17447=DIRECTION('',(1.,0.,0.));
#17448=DIRECTION('',(-0.,1.,0.));
#17449=AXIS2_PLACEMENT_3D('',#17446,#17447,#17448);
#17450=CIRCLE('',#17449,3.5);
#17451=EDGE_CURVE('',#637,#17445,#17450,.T.);
#17452=ORIENTED_EDGE('',*,*,#17451,.T.);
#17453=CARTESIAN_POINT('',(-28.923115093,21.1,51.5));
#17454=DIRECTION('',(1.,0.,0.));
#17455=DIRECTION('',(-0.,1.,0.));
#17456=AXIS2_PLACEMENT_3D('',#17453,#17454,#17455);
#17457=CIRCLE('',#17456,3.5);
#17458=EDGE_CURVE('',#17445,#3500,#17457,.T.);
#17459=ORIENTED_EDGE('',*,*,#17458,.T.);
#17460=ORIENTED_EDGE('',*,*,#3506,.T.);
#17461=ORIENTED_EDGE('',*,*,#708,.T.);
#17462=ORIENTED_EDGE('',*,*,#17441,.T.);
#17463=ORIENTED_EDGE('',*,*,#8999,.T.);
#17464=ORIENTED_EDGE('',*,*,#8930,.T.);
#17465=ORIENTED_EDGE('',*,*,#17379,.F.);
#17466=ORIENTED_EDGE('',*,*,#8170,.F.);
#17467=ORIENTED_EDGE('',*,*,#8185,.T.);
#17468=ORIENTED_EDGE('',*,*,#8118,.T.);
#17469=ORIENTED_EDGE('',*,*,#17426,.F.);
#17470=ORIENTED_EDGE('',*,*,#9374,.F.);
#17471=ORIENTED_EDGE('',*,*,#9406,.T.);
#17472=ORIENTED_EDGE('',*,*,#9351,.F.);
#17473=ORIENTED_EDGE('',*,*,#17418,.F.);
#17474=ORIENTED_EDGE('',*,*,#8102,.T.);
#17475=ORIENTED_EDGE('',*,*,#1190,.T.);
#17476=ORIENTED_EDGE('',*,*,#8152,.F.);
#17477=ORIENTED_EDGE('',*,*,#17387,.F.);
#17478=ORIENTED_EDGE('',*,*,#8914,.T.);
#17479=ORIENTED_EDGE('',*,*,#1232,.T.);
#17480=ORIENTED_EDGE('',*,*,#8964,.F.);
#17481=ORIENTED_EDGE('',*,*,#17403,.F.);
#17482=ORIENTED_EDGE('',*,*,#8982,.F.);
#17483=ORIENTED_EDGE('',*,*,#9006,.T.);
#17484=EDGE_LOOP('',(#17442,#17443,#17452,#17459,#17460,#17461,#17462,#17463,#17464,#17465,#17466,#17467,#17468,#17469,#17470,#17471,#17472,#17473,#17474,#17475,#17476,#17477,#17478,#17479,#17480,#17481,
#17482,#17483));
#17485=FACE_BOUND('',#17484,.T.);
#17486=ADVANCED_FACE('',(#17485),#17436,.F.);
#17487=CARTESIAN_POINT('',(-32.923115093,31.3,-36.372155068));
#17488=DIRECTION('',(1.,0.,0.));
#17489=DIRECTION('',(0.,0.,-1.));
#17490=AXIS2_PLACEMENT_3D('',#17487,#17488,#17489);
#17491=CYLINDRICAL_SURFACE('',#17490,0.3);
#17492=CARTESIAN_POINT('',(-28.923115093,31.3,-36.672155068));
#17493=DIRECTION('',(-1.,-0.,0.));
#17494=VECTOR('',#17493,4.);
#17495=LINE('',#17492,#17494);
#17496=EDGE_CURVE('',#3565,#17177,#17495,.T.);
#17497=ORIENTED_EDGE('',*,*,#17496,.T.);
#17498=ORIENTED_EDGE('',*,*,#17183,.F.);
#17499=ORIENTED_EDGE('',*,*,#17113,.F.);
#17500=ORIENTED_EDGE('',*,*,#3578,.F.);
#17501=EDGE_LOOP('',(#17497,#17498,#17499,#17500));
#17502=FACE_BOUND('',#17501,.T.);
#17503=ADVANCED_FACE('',(#17502),#17491,.T.);
#17504=CARTESIAN_POINT('',(-32.923115093,31.5,-41.938091506));
#17505=DIRECTION('',(1.,0.,0.));
#17506=DIRECTION('',(0.,0.,-1.));
#17507=AXIS2_PLACEMENT_3D('',#17504,#17505,#17506);
#17508=CYLINDRICAL_SURFACE('',#17507,0.5);
#17509=ORIENTED_EDGE('',*,*,#15757,.F.);
#17510=ORIENTED_EDGE('',*,*,#2653,.F.);
#17511=ORIENTED_EDGE('',*,*,#889,.F.);
#17512=CARTESIAN_POINT('',(-30.423115093,31.845238095,-41.576413946));
#17513=DIRECTION('',(1.,0.,-0.));
#17514=VECTOR('',#17513,1.5);
#17515=LINE('',#17512,#17514);
#17516=EDGE_CURVE('',#15609,#874,#17515,.T.);
#17517=ORIENTED_EDGE('',*,*,#17516,.F.);
#17518=ORIENTED_EDGE('',*,*,#15615,.F.);
#17519=ORIENTED_EDGE('',*,*,#15668,.F.);
#17520=EDGE_LOOP('',(#17509,#17510,#17511,#17517,#17518,#17519));
#17521=FACE_BOUND('',#17520,.T.);
#17522=ADVANCED_FACE('',(#17521),#17508,.T.);
#17523=CARTESIAN_POINT('',(-32.923115093,-21.3,45.505266808));
#17524=DIRECTION('',(1.,0.,0.));
#17525=DIRECTION('',(0.,0.,-1.));
#17526=AXIS2_PLACEMENT_3D('',#17523,#17524,#17525);
#17527=CYLINDRICAL_SURFACE('',#17526,0.7);
#17528=ORIENTED_EDGE('',*,*,#9082,.F.);
#17529=ORIENTED_EDGE('',*,*,#7127,.F.);
#17530=ORIENTED_EDGE('',*,*,#3369,.F.);
#17531=CARTESIAN_POINT('',(-32.923115093,-21.,46.13772234));
#17532=DIRECTION('',(1.,0.,-0.));
#17533=VECTOR('',#17532,4.);
#17534=LINE('',#17531,#17533);
#17535=EDGE_CURVE('',#17020,#3354,#17534,.T.);
#17536=ORIENTED_EDGE('',*,*,#17535,.F.);
#17537=ORIENTED_EDGE('',*,*,#17026,.F.);
#17538=ORIENTED_EDGE('',*,*,#9027,.F.);
#17539=EDGE_LOOP('',(#17528,#17529,#17530,#17536,#17537,#17538));
#17540=FACE_BOUND('',#17539,.T.);
#17541=ADVANCED_FACE('',(#17540),#17527,.T.);
#17542=CARTESIAN_POINT('',(-32.923115093,-21.3,53.094733192));
#17543=DIRECTION('',(1.,0.,0.));
#17544=DIRECTION('',(0.,0.,-1.));
#17545=AXIS2_PLACEMENT_3D('',#17542,#17543,#17544);
#17546=CYLINDRICAL_SURFACE('',#17545,0.7);
#17547=CARTESIAN_POINT('',(-28.923115093,-21.3,52.394733192));
#17548=DIRECTION('',(-1.,-0.,0.));
#17549=VECTOR('',#17548,1.5);
#17550=LINE('',#17547,#17549);
#17551=EDGE_CURVE('',#3327,#8299,#17550,.T.);
#17552=ORIENTED_EDGE('',*,*,#17551,.T.);
#17553=ORIENTED_EDGE('',*,*,#8305,.F.);
#17554=ORIENTED_EDGE('',*,*,#17054,.F.);
#17555=ORIENTED_EDGE('',*,*,#3342,.F.);
#17556=EDGE_LOOP('',(#17552,#17553,#17554,#17555));
#17557=FACE_BOUND('',#17556,.T.);
#17558=ADVANCED_FACE('',(#17557),#17546,.T.);
#17559=CARTESIAN_POINT('',(-30.923115093,-21.9,53.237277944));
#17560=DIRECTION('',(1.,0.,0.));
#17561=DIRECTION('',(0.,0.,-1.));
#17562=AXIS2_PLACEMENT_3D('',#17559,#17560,#17561);
#17563=CYLINDRICAL_SURFACE('',#17562,0.1);
#17564=ORIENTED_EDGE('',*,*,#8320,.F.);
#17565=ORIENTED_EDGE('',*,*,#8247,.F.);
#17566=ORIENTED_EDGE('',*,*,#6020,.F.);
#17567=ORIENTED_EDGE('',*,*,#2805,.F.);
#17568=EDGE_LOOP('',(#17564,#17565,#17566,#17567));
#17569=FACE_BOUND('',#17568,.T.);
#17570=ADVANCED_FACE('',(#17569),#17563,.T.);
#17571=CARTESIAN_POINT('',(-30.923115093,-21.9,43.568523357));
#17572=DIRECTION('',(1.,0.,0.));
#17573=DIRECTION('',(0.,0.,-1.));
#17574=AXIS2_PLACEMENT_3D('',#17571,#17572,#17573);
#17575=CYLINDRICAL_SURFACE('',#17574,0.1);
#17576=ORIENTED_EDGE('',*,*,#9093,.F.);
#17577=ORIENTED_EDGE('',*,*,#9059,.F.);
#17578=ORIENTED_EDGE('',*,*,#6242,.F.);
#17579=ORIENTED_EDGE('',*,*,#7104,.F.);
#17580=EDGE_LOOP('',(#17576,#17577,#17578,#17579));
#17581=FACE_BOUND('',#17580,.T.);
#17582=ADVANCED_FACE('',(#17581),#17575,.T.);
#17583=CARTESIAN_POINT('',(-30.923115093,-21.164028919,62.372966379));
#17584=DIRECTION('',(-1.,0.,0.));
#17585=DIRECTION('',(0.,0.,1.));
#17586=AXIS2_PLACEMENT_3D('',#17583,#17584,#17585);
#17587=CYLINDRICAL_SURFACE('',#17586,0.2);
#17588=CARTESIAN_POINT('',(-38.923115093,-21.164028919,62.572966379));
#17589=DIRECTION('',(1.,-0.,-0.));
#17590=VECTOR('',#17589,8.5);
#17591=LINE('',#17588,#17590);
#17592=EDGE_CURVE('',#6368,#2897,#17591,.T.);
#17593=ORIENTED_EDGE('',*,*,#17592,.T.);
#17594=ORIENTED_EDGE('',*,*,#2903,.F.);
#17595=ORIENTED_EDGE('',*,*,#7994,.F.);
#17596=ORIENTED_EDGE('',*,*,#6383,.F.);
#17597=EDGE_LOOP('',(#17593,#17594,#17595,#17596));
#17598=FACE_BOUND('',#17597,.T.);
#17599=ADVANCED_FACE('',(#17598),#17587,.T.);
#17600=CARTESIAN_POINT('',(-26.523115093,52.768996984,-37.9525));
#17601=DIRECTION('',(0.,0.,1.));
#17602=DIRECTION('',(1.,0.,-0.));
#17603=AXIS2_PLACEMENT_3D('',#17600,#17601,#17602);
#17604=CYLINDRICAL_SURFACE('',#17603,2.4);
#17605=CARTESIAN_POINT('',(-26.523115093,52.768996984,-36.033503016));
#17606=DIRECTION('',(0.,0.,-1.));
#17607=DIRECTION('',(-1.,0.,0.));
#17608=AXIS2_PLACEMENT_3D('',#17605,#17606,#17607);
#17609=CIRCLE('',#17608,2.4);
#17610=EDGE_CURVE('',#14881,#987,#17609,.T.);
#17611=ORIENTED_EDGE('',*,*,#17610,.F.);
#17612=ORIENTED_EDGE('',*,*,#15091,.F.);
#17613=CARTESIAN_POINT('',(-26.523115093,52.768996984,-39.871496984));
#17614=DIRECTION('',(0.,0.,1.));
#17615=DIRECTION('',(1.,0.,-0.));
#17616=AXIS2_PLACEMENT_3D('',#17613,#17614,#17615);
#17617=CIRCLE('',#17616,2.4);
#17618=EDGE_CURVE('',#996,#15063,#17617,.T.);
#17619=ORIENTED_EDGE('',*,*,#17618,.F.);
#17620=ORIENTED_EDGE('',*,*,#1001,.F.);
#17621=EDGE_LOOP('',(#17611,#17612,#17619,#17620));
#17622=FACE_BOUND('',#17621,.T.);
#17623=ADVANCED_FACE('',(#17622),#17604,.F.);
#17624=CARTESIAN_POINT('',(-26.523115093,49.368996984,-39.871496984));
#17625=DIRECTION('',(1.,0.,0.));
#17626=DIRECTION('',(0.,0.,-1.));
#17627=AXIS2_PLACEMENT_3D('',#17624,#17625,#17626);
#17628=TOROIDAL_SURFACE('',#17627,3.4,2.4);
#17629=ORIENTED_EDGE('',*,*,#17618,.T.);
#17630=ORIENTED_EDGE('',*,*,#15069,.F.);
#17631=CARTESIAN_POINT('',(-26.523115093,49.368996984,-43.271496984));
#17632=DIRECTION('',(0.,1.,0.));
#17633=DIRECTION('',(0.,-0.,1.));
#17634=AXIS2_PLACEMENT_3D('',#17631,#17632,#17633);
#17635=CIRCLE('',#17634,2.4);
#17636=EDGE_CURVE('',#846,#15039,#17635,.T.);
#17637=ORIENTED_EDGE('',*,*,#17636,.F.);
#17638=ORIENTED_EDGE('',*,*,#1008,.F.);
#17639=EDGE_LOOP('',(#17629,#17630,#17637,#17638));
#17640=FACE_BOUND('',#17639,.T.);
#17641=ADVANCED_FACE('',(#17640),#17628,.F.);
#17642=CARTESIAN_POINT('',(-26.523115093,49.368996984,-36.033503016));
#17643=DIRECTION('',(1.,0.,0.));
#17644=DIRECTION('',(0.,0.,-1.));
#17645=AXIS2_PLACEMENT_3D('',#17642,#17643,#17644);
#17646=TOROIDAL_SURFACE('',#17645,3.4,2.4);
#17647=ORIENTED_EDGE('',*,*,#16776,.F.);
#17648=ORIENTED_EDGE('',*,*,#3225,.F.);
#17649=CARTESIAN_POINT('',(-26.523115093,49.368996984,-32.633503016));
#17650=DIRECTION('',(0.,1.,0.));
#17651=DIRECTION('',(0.,-0.,1.));
#17652=AXIS2_PLACEMENT_3D('',#17649,#17650,#17651);
#17653=CIRCLE('',#17652,2.4);
#17654=EDGE_CURVE('',#14889,#3211,#17653,.T.);
#17655=ORIENTED_EDGE('',*,*,#17654,.F.);
#17656=ORIENTED_EDGE('',*,*,#14895,.F.);
#17657=ORIENTED_EDGE('',*,*,#17610,.T.);
#17658=ORIENTED_EDGE('',*,*,#993,.F.);
#17659=ORIENTED_EDGE('',*,*,#16725,.F.);
#17660=EDGE_LOOP('',(#17647,#17648,#17655,#17656,#17657,#17658,#17659));
#17661=FACE_BOUND('',#17660,.T.);
#17662=ADVANCED_FACE('',(#17661),#17646,.F.);
#17663=CARTESIAN_POINT('',(-26.523115093,0.,-43.271496984));
#17664=DIRECTION('',(0.,1.,0.));
#17665=DIRECTION('',(0.,-0.,1.));
#17666=AXIS2_PLACEMENT_3D('',#17663,#17664,#17665);
#17667=CYLINDRICAL_SURFACE('',#17666,2.4);
#17668=ORIENTED_EDGE('',*,*,#17636,.T.);
#17669=ORIENTED_EDGE('',*,*,#15044,.F.);
#17670=CARTESIAN_POINT('',(-26.523115093,40.631003016,-43.271496984));
#17671=DIRECTION('',(0.,1.,0.));
#17672=DIRECTION('',(0.,-0.,1.));
#17673=AXIS2_PLACEMENT_3D('',#17670,#17671,#17672);
#17674=CIRCLE('',#17673,2.4);
#17675=EDGE_CURVE('',#848,#15014,#17674,.T.);
#17676=ORIENTED_EDGE('',*,*,#17675,.F.);
#17677=ORIENTED_EDGE('',*,*,#853,.F.);
#17678=EDGE_LOOP('',(#17668,#17669,#17676,#17677));
#17679=FACE_BOUND('',#17678,.T.);
#17680=ADVANCED_FACE('',(#17679),#17667,.F.);
#17681=CARTESIAN_POINT('',(-26.523115093,45.,-32.633503016));
#17682=DIRECTION('',(0.,-1.,0.));
#17683=DIRECTION('',(0.,0.,-1.));
#17684=AXIS2_PLACEMENT_3D('',#17681,#17682,#17683);
#17685=CYLINDRICAL_SURFACE('',#17684,2.4);
#17686=ORIENTED_EDGE('',*,*,#17654,.T.);
#17687=ORIENTED_EDGE('',*,*,#3216,.F.);
#17688=CARTESIAN_POINT('',(-26.523115093,40.631003016,-32.633503016));
#17689=DIRECTION('',(0.,1.,0.));
#17690=DIRECTION('',(0.,-0.,1.));
#17691=AXIS2_PLACEMENT_3D('',#17688,#17689,#17690);
#17692=CIRCLE('',#17691,2.4);
#17693=EDGE_CURVE('',#14914,#3202,#17692,.T.);
#17694=ORIENTED_EDGE('',*,*,#17693,.F.);
#17695=ORIENTED_EDGE('',*,*,#14919,.F.);
#17696=EDGE_LOOP('',(#17686,#17687,#17694,#17695));
#17697=FACE_BOUND('',#17696,.T.);
#17698=ADVANCED_FACE('',(#17697),#17685,.F.);
#17699=CARTESIAN_POINT('',(-26.523115093,40.631003016,-39.871496984));
#17700=DIRECTION('',(1.,0.,0.));
#17701=DIRECTION('',(0.,0.,-1.));
#17702=AXIS2_PLACEMENT_3D('',#17699,#17700,#17701);
#17703=TOROIDAL_SURFACE('',#17702,3.4,2.4);
#17704=ORIENTED_EDGE('',*,*,#17675,.T.);
#17705=ORIENTED_EDGE('',*,*,#15020,.F.);
#17706=CARTESIAN_POINT('',(-26.523115093,37.431388236,-41.021481879));
#17707=DIRECTION('',(0.,0.338230851,-0.941063171));
#17708=DIRECTION('',(0.,0.941063171,0.338230851));
#17709=AXIS2_PLACEMENT_3D('',#17706,#17707,#17708);
#17710=CIRCLE('',#17709,2.4);
#17711=EDGE_CURVE('',#856,#15002,#17710,.T.);
#17712=ORIENTED_EDGE('',*,*,#17711,.F.);
#17713=ORIENTED_EDGE('',*,*,#862,.F.);
#17714=EDGE_LOOP('',(#17704,#17705,#17712,#17713));
#17715=FACE_BOUND('',#17714,.T.);
#17716=ADVANCED_FACE('',(#17715),#17703,.F.);
#17717=CARTESIAN_POINT('',(-26.523115093,40.631003016,-36.033503016));
#17718=DIRECTION('',(1.,0.,0.));
#17719=DIRECTION('',(0.,0.,-1.));
#17720=AXIS2_PLACEMENT_3D('',#17717,#17718,#17719);
#17721=TOROIDAL_SURFACE('',#17720,3.4,2.4);
#17722=ORIENTED_EDGE('',*,*,#17693,.T.);
#17723=ORIENTED_EDGE('',*,*,#3208,.F.);
#17724=CARTESIAN_POINT('',(-26.523115093,37.231003016,-36.033503016));
#17725=DIRECTION('',(0.,0.,1.));
#17726=DIRECTION('',(1.,0.,-0.));
#17727=AXIS2_PLACEMENT_3D('',#17724,#17725,#17726);
#17728=CIRCLE('',#17727,2.4);
#17729=EDGE_CURVE('',#14938,#3194,#17728,.T.);
#17730=ORIENTED_EDGE('',*,*,#17729,.F.);
#17731=ORIENTED_EDGE('',*,*,#14944,.F.);
#17732=EDGE_LOOP('',(#17722,#17723,#17730,#17731));
#17733=FACE_BOUND('',#17732,.T.);
#17734=ADVANCED_FACE('',(#17733),#17721,.F.);
#17735=CARTESIAN_POINT('',(-26.62959592,39.631003016,-39.871496955));
#17736=CARTESIAN_POINT('',(-26.886005457,39.631003015,-39.897150261));
#17737=CARTESIAN_POINT('',(-27.142369214,39.589145418,-39.922798985));
#17738=CARTESIAN_POINT('',(-27.628813452,39.425991461,-39.971466838));
#17739=CARTESIAN_POINT('',(-27.858807083,39.304724232,-39.994477278));
#17740=CARTESIAN_POINT('',(-28.268839788,38.995198687,-40.035500292));
#17741=CARTESIAN_POINT('',(-28.448805655,38.806995634,-40.053505543));
#17742=CARTESIAN_POINT('',(-28.740249984,38.382936962,-40.082664003));
#17743=CARTESIAN_POINT('',(-28.851676411,38.147157054,-40.093812007));
#17744=CARTESIAN_POINT('',(-28.923115093,37.899670947,-40.10095931));
#17745=CARTESIAN_POINT('',(-26.619856349,39.631003015,-39.90012896));
#17746=CARTESIAN_POINT('',(-26.879707527,39.63173752,-39.92931121));
#17747=CARTESIAN_POINT('',(-27.139509635,39.589377342,-39.959686447));
#17748=CARTESIAN_POINT('',(-27.631716909,39.422918803,-40.019643957));
#17749=CARTESIAN_POINT('',(-27.864029119,39.298851864,-40.049215017));
#17750=CARTESIAN_POINT('',(-28.276658168,38.982075613,-40.104452745));
#17751=CARTESIAN_POINT('',(-28.456897057,38.78942609,-40.130109123));
#17752=CARTESIAN_POINT('',(-28.746278665,38.355841372,-40.174822609));
#17753=CARTESIAN_POINT('',(-28.855366678,38.114988016,-40.193871429));
#17754=CARTESIAN_POINT('',(-28.923115093,37.86272476,-40.208622821));
#17755=CARTESIAN_POINT('',(-26.608207729,39.632237984,-39.928940838));
#17756=CARTESIAN_POINT('',(-26.8723419,39.634028468,-39.960635752));
#17757=CARTESIAN_POINT('',(-27.136422708,39.591248848,-39.994838804));
#17758=CARTESIAN_POINT('',(-27.635779324,39.421199354,-40.064551858));
#17759=CARTESIAN_POINT('',(-27.870954228,39.293963821,-40.100047873));
#17760=CARTESIAN_POINT('',(-28.286735748,38.968893642,-40.168479064));
#17761=CARTESIAN_POINT('',(-28.467258296,38.771124624,-40.20140058));
#17762=CARTESIAN_POINT('',(-28.753936735,38.326603412,-40.261102752));
#17763=CARTESIAN_POINT('',(-28.860034573,38.079940973,-40.287871556));
#17764=CARTESIAN_POINT('',(-28.923115093,37.822276424,-40.310117964));
#17765=CARTESIAN_POINT('',(-26.58425493,39.637207211,-39.986393816));
#17766=CARTESIAN_POINT('',(-26.858003726,39.641079017,-40.0201649));
#17767=CARTESIAN_POINT('',(-27.131688585,39.597235925,-40.059395383));
#17768=CARTESIAN_POINT('',(-27.646989367,39.419237718,-40.144203985));
#17769=CARTESIAN_POINT('',(-27.888484919,39.285124162,-40.189762392));
#17770=CARTESIAN_POINT('',(-28.310977689,38.942315836,-40.28188741));
#17771=CARTESIAN_POINT('',(-28.491876166,38.733701087,-40.328432665));
#17772=CARTESIAN_POINT('',(-28.771853108,38.266390235,-40.417080568));
#17773=CARTESIAN_POINT('',(-28.870866052,38.007803227,-40.459162715));
#17774=CARTESIAN_POINT('',(-28.923115093,37.73937129,-40.496561299));
#17775=CARTESIAN_POINT('',(-26.572065584,39.640916136,-40.014843028));
#17776=CARTESIAN_POINT('',(-26.851106093,39.645798129,-40.048175166));
#17777=CARTESIAN_POINT('',(-27.130076419,39.60131031,-40.088592257));
#17778=CARTESIAN_POINT('',(-27.654104951,39.418979913,-40.178698795));
#17779=CARTESIAN_POINT('',(-27.899031331,39.281183165,-40.228365601));
#17780=CARTESIAN_POINT('',(-28.325052111,38.929002623,-40.330923311));
#17781=CARTESIAN_POINT('',(-28.506039266,38.714707354,-40.383788558));
#17782=CARTESIAN_POINT('',(-28.782041227,38.235642572,-40.486313699));
#17783=CARTESIAN_POINT('',(-28.876986424,37.970993512,-40.535948032));
#17784=CARTESIAN_POINT('',(-28.923115093,37.697245631,-40.58096468));
#17785=CARTESIAN_POINT('',(-26.539473593,39.655655312,-40.09948235));
#17786=CARTESIAN_POINT('',(-26.83466819,39.662224698,-40.12661202));
#17787=CARTESIAN_POINT('',(-27.129771654,39.614641681,-40.166170336));
#17788=CARTESIAN_POINT('',(-27.680226401,39.417548255,-40.264822139));
#17789=CARTESIAN_POINT('',(-27.935407651,39.26809859,-40.323885252));
#17790=CARTESIAN_POINT('',(-28.371439298,38.887412269,-40.453602593));
#17791=CARTESIAN_POINT('',(-28.552154723,38.656292942,-40.524217294));
#17792=CARTESIAN_POINT('',(-28.814693104,38.143467643,-40.667572049));
#17793=CARTESIAN_POINT('',(-28.896434287,37.861919846,-40.740268699));
#17794=CARTESIAN_POINT('',(-28.923115093,37.574108588,-40.809167014));
#17795=CARTESIAN_POINT('',(-26.523115093,39.670260602,-40.154974074));
#17796=CARTESIAN_POINT('',(-26.829505039,39.676102335,-40.171227588));
#17797=CARTESIAN_POINT('',(-27.135786617,39.624871728,-40.20412441));
#17798=CARTESIAN_POINT('',(-27.704256556,39.415559305,-40.298400198));
#17799=CARTESIAN_POINT('',(-27.966243759,39.257551071,-40.359745224));
#17800=CARTESIAN_POINT('',(-28.408174121,38.857426775,-40.502041636));
#17801=CARTESIAN_POINT('',(-28.587960627,38.615451933,-40.582942861));
#17802=CARTESIAN_POINT('',(-28.839373903,38.08232331,-40.752713526));
#17803=CARTESIAN_POINT('',(-28.910911076,37.791358109,-40.841523782));
#17804=CARTESIAN_POINT('',(-28.923115093,37.496843398,-40.927952913));
#17805=CARTESIAN_POINT('',(-26.523115093,39.689939845,-40.209727836));
#17806=CARTESIAN_POINT('',(-26.837274358,39.689939845,-40.209727836));
#17807=CARTESIAN_POINT('',(-27.151310015,39.631155792,-40.23085562));
#17808=CARTESIAN_POINT('',(-27.731800646,39.40487989,-40.312182245));
#17809=CARTESIAN_POINT('',(-27.998027221,39.23747707,-40.372349086));
#17810=CARTESIAN_POINT('',(-28.442315515,38.819373719,-40.522621094));
#17811=CARTESIAN_POINT('',(-28.620202425,38.568837695,-40.612667135));
#17812=CARTESIAN_POINT('',(-28.860649517,38.022559341,-40.809006976));
#17813=CARTESIAN_POINT('',(-28.923115093,37.72703195,-40.915223523));
#17814=CARTESIAN_POINT('',(-28.923115093,37.431388236,-41.021481879));
#17815=B_SPLINE_SURFACE_WITH_KNOTS('',3,3,((#17735,#17736,#17737,#17738,#17739,#17740,#17741,#17742,#17743,#17744),(#17745,#17746,#17747,#17748,#17749,#17750,#17751,#17752,#17753,#17754),(#17755,#17756,#17757,#17758,#17759,#17760,#17761,#17762,#17763,#17764),(#17765,#17766,#17767,#17768,#17769,#17770,#17771,#17772,#17773,#17774),(#17775,#17776,#17777,#17778,#17779,#17780,#17781,#17782,#17783,#17784),(#17785,#17786,#17787,#17788,#17789,#17790,#17791,#17792,#17793,#17794),(#17795,#17796,#17797,#17798,#17799,#17800,#17801,#17802,#17803,#17804),(#17805,#17806,#17807,#17808,#17809,#17810,#17811,#17812,#17813,#17814)),.UNSPECIFIED.,.F.,.F.,.U.,(4,2,2,4),(4,2,2,2,4),(0.004082311,0.004376627,0.004670942,0.005259574),(0.,0.25,0.5,0.75,1.),.UNSPECIFIED.);
#17816=ORIENTED_EDGE('',*,*,#17711,.T.);
#17817=ORIENTED_EDGE('',*,*,#15011,.F.);
#17818=CARTESIAN_POINT('',(-26.62959591,37.231003016,-39.871496984));
#17819=DIRECTION('',(0.099551191,-0.,-0.995032442));
#17820=DIRECTION('',(0.995032442,0.,0.099551191));
#17821=AXIS2_PLACEMENT_3D('',#17818,#17819,#17820);
#17822=CIRCLE('',#17821,2.4);
#17823=EDGE_CURVE('',#17091,#14971,#17822,.T.);
#17824=ORIENTED_EDGE('',*,*,#17823,.F.);
#17825=ORIENTED_EDGE('',*,*,#17097,.F.);
#17826=EDGE_LOOP('',(#17816,#17817,#17824,#17825));
#17827=FACE_BOUND('',#17826,.T.);
#17828=ADVANCED_FACE('',(#17827),#17815,.F.);
#17829=CARTESIAN_POINT('',(-26.523115093,37.231003016,0.));
#17830=DIRECTION('',(0.,0.,-1.));
#17831=DIRECTION('',(-1.,0.,0.));
#17832=AXIS2_PLACEMENT_3D('',#17829,#17830,#17831);
#17833=CYLINDRICAL_SURFACE('',#17832,2.4);
#17834=ORIENTED_EDGE('',*,*,#17729,.T.);
#17835=ORIENTED_EDGE('',*,*,#3199,.F.);
#17836=CARTESIAN_POINT('',(-26.523115093,37.231003016,-36.517685595));
#17837=DIRECTION('',(0.,0.,1.));
#17838=DIRECTION('',(1.,0.,-0.));
#17839=AXIS2_PLACEMENT_3D('',#17836,#17837,#17838);
#17840=CIRCLE('',#17839,2.4);
#17841=EDGE_CURVE('',#14963,#3183,#17840,.T.);
#17842=ORIENTED_EDGE('',*,*,#17841,.F.);
#17843=ORIENTED_EDGE('',*,*,#14968,.F.);
#17844=EDGE_LOOP('',(#17834,#17835,#17842,#17843));
#17845=FACE_BOUND('',#17844,.T.);
#17846=ADVANCED_FACE('',(#17845),#17833,.F.);
#17847=CARTESIAN_POINT('',(-28.923115093,37.89967091,-40.100959418));
#17848=CARTESIAN_POINT('',(-28.851676415,38.147157022,-40.093812108));
#17849=CARTESIAN_POINT('',(-28.74024999,38.382936935,-40.082664096));
#17850=CARTESIAN_POINT('',(-28.448805663,38.806995616,-40.05350562));
#17851=CARTESIAN_POINT('',(-28.268839796,38.995198674,-40.035500361));
#17852=CARTESIAN_POINT('',(-27.858807088,39.304724226,-39.994477333));
#17853=CARTESIAN_POINT('',(-27.628813455,39.425991458,-39.971466887));
#17854=CARTESIAN_POINT('',(-27.142369211,39.589145418,-39.922799023));
#17855=CARTESIAN_POINT('',(-26.88600545,39.631003016,-39.897150293));
#17856=CARTESIAN_POINT('',(-26.62959591,39.631003016,-39.871496984));
#17857=CARTESIAN_POINT('',(-28.923115093,37.952767426,-39.946232846));
#17858=CARTESIAN_POINT('',(-28.84723953,38.194174973,-39.939059738));
#17859=CARTESIAN_POINT('',(-28.733062539,38.423375023,-39.928288676));
#17860=CARTESIAN_POINT('',(-28.43936991,38.834791769,-39.900610981));
#17861=CARTESIAN_POINT('',(-28.259902996,39.016940413,-39.883708917));
#17862=CARTESIAN_POINT('',(-27.853416053,39.316185806,-39.845440411));
#17863=CARTESIAN_POINT('',(-27.626463374,39.433233072,-39.824080277));
#17864=CARTESIAN_POINT('',(-27.147499171,39.590654684,-39.779007762));
#17865=CARTESIAN_POINT('',(-26.895566964,39.631003003,-39.755302807));
#17866=CARTESIAN_POINT('',(-26.643593038,39.631003003,-39.731593945));
#17867=CARTESIAN_POINT('',(-28.923115093,37.997997349,-39.780661767));
#17868=CARTESIAN_POINT('',(-28.843732876,38.234057725,-39.774000028));
#17869=CARTESIAN_POINT('',(-28.727447272,38.457576053,-39.764273111));
#17870=CARTESIAN_POINT('',(-28.432184808,38.858178894,-39.739614874));
#17871=CARTESIAN_POINT('',(-28.25325397,39.035201035,-39.724687368));
#17872=CARTESIAN_POINT('',(-27.849890609,39.325779186,-39.691056257));
#17873=CARTESIAN_POINT('',(-27.625520929,39.439289958,-39.67235785));
#17874=CARTESIAN_POINT('',(-27.152841864,39.591913753,-39.632974722));
#17875=CARTESIAN_POINT('',(-26.904606107,39.631003017,-39.612296086));
#17876=CARTESIAN_POINT('',(-26.656331679,39.631003017,-39.591614253));
#17877=CARTESIAN_POINT('',(-28.923115093,38.065487056,-39.434186029));
#17878=CARTESIAN_POINT('',(-28.838652083,38.293473713,-39.429525346));
#17879=CARTESIAN_POINT('',(-28.719346301,38.508471768,-39.42297187));
#17880=CARTESIAN_POINT('',(-28.421921075,38.892914284,-39.406672798));
#17881=CARTESIAN_POINT('',(-28.243843714,39.062304421,-39.396929478));
#17882=CARTESIAN_POINT('',(-27.845181033,39.339999862,-39.375137085));
#17883=CARTESIAN_POINT('',(-27.624652091,39.448265929,-39.363091053));
#17884=CARTESIAN_POINT('',(-27.161284465,39.593777785,-39.337789266));
#17885=CARTESIAN_POINT('',(-26.918511296,39.631003015,-39.32453704));
#17886=CARTESIAN_POINT('',(-26.6757038,39.631003015,-39.311282966));
#17887=CARTESIAN_POINT('',(-28.923115093,38.087649789,-39.253128927));
#17888=CARTESIAN_POINT('',(-28.837075705,38.312927543,-39.249953646));
#17889=CARTESIAN_POINT('',(-28.716855331,38.525101894,-39.245526223));
#17890=CARTESIAN_POINT('',(-28.418830717,38.904222674,-39.23456276));
#17891=CARTESIAN_POINT('',(-28.241067316,39.071117155,-39.228028214));
#17892=CARTESIAN_POINT('',(-27.84397498,39.344612514,-39.213437468));
#17893=CARTESIAN_POINT('',(-27.624700458,39.451175916,-39.205383255));
#17894=CARTESIAN_POINT('',(-27.16435269,39.594380979,-39.188476932));
#17895=CARTESIAN_POINT('',(-26.923342524,39.631003016,-39.179627124));
#17896=CARTESIAN_POINT('',(-26.682299329,39.631003016,-39.170776111));
#17897=CARTESIAN_POINT('',(-28.923115093,38.104498479,-38.887670117));
#17898=CARTESIAN_POINT('',(-28.835872193,38.327719994,-38.887757861));
#17899=CARTESIAN_POINT('',(-28.714952103,38.537749123,-38.887888653));
#17900=CARTESIAN_POINT('',(-28.416465263,38.912825022,-38.888223499));
#17901=CARTESIAN_POINT('',(-28.238938406,39.077821668,-38.888427497));
#17902=CARTESIAN_POINT('',(-27.843037839,39.348122343,-38.888888726));
#17903=CARTESIAN_POINT('',(-27.62471704,39.453390251,-38.889145883));
#17904=CARTESIAN_POINT('',(-27.166666555,39.594840038,-38.889688223));
#17905=CARTESIAN_POINT('',(-26.926998086,39.631003016,-38.889973318));
#17906=CARTESIAN_POINT('',(-26.687297582,39.631003016,-38.890258459));
#17907=CARTESIAN_POINT('',(-28.923115093,38.099195289,-38.703396183));
#17908=CARTESIAN_POINT('',(-28.836241266,38.323070125,-38.705242196));
#17909=CARTESIAN_POINT('',(-28.715533305,38.533777193,-38.707788115));
#17910=CARTESIAN_POINT('',(-28.41718039,38.910127803,-38.714055981));
#17911=CARTESIAN_POINT('',(-28.239575622,39.075720673,-38.717777104));
#17912=CARTESIAN_POINT('',(-27.843297337,39.347023663,-38.726066763));
#17913=CARTESIAN_POINT('',(-27.624677188,39.452697255,-38.730634209));
#17914=CARTESIAN_POINT('',(-27.165907863,39.59469649,-38.740213069));
#17915=CARTESIAN_POINT('',(-26.925820465,39.631003014,-38.745223224));
#17916=CARTESIAN_POINT('',(-26.685700733,39.631003014,-38.750234037));
#17917=CARTESIAN_POINT('',(-28.923115093,38.062394943,-38.343616925));
#17918=CARTESIAN_POINT('',(-28.838903207,38.29074006,-38.348401398));
#17919=CARTESIAN_POINT('',(-28.719751243,38.506123349,-38.355151333));
#17920=CARTESIAN_POINT('',(-28.422447387,38.891303292,-38.371968351));
#17921=CARTESIAN_POINT('',(-28.244337767,39.0610452,-38.382033062));
#17922=CARTESIAN_POINT('',(-27.845465322,39.339336929,-38.404559744));
#17923=CARTESIAN_POINT('',(-27.624759203,39.447847196,-38.417018539));
#17924=CARTESIAN_POINT('',(-27.160957714,39.593690605,-38.443194229));
#17925=CARTESIAN_POINT('',(-26.917928276,39.631003018,-38.456907434));
#17926=CARTESIAN_POINT('',(-26.674864286,39.631003018,-38.470622573));
#17927=CARTESIAN_POINT('',(-28.923115093,38.030964014,-38.168209601));
#17928=CARTESIAN_POINT('',(-28.841197675,38.263113891,-38.17416001));
#17929=CARTESIAN_POINT('',(-28.723391668,38.482485275,-38.182686344));
#17930=CARTESIAN_POINT('',(-28.427007375,38.875202979,-38.20409799));
#17931=CARTESIAN_POINT('',(-28.248473158,39.048491015,-38.216980147));
#17932=CARTESIAN_POINT('',(-27.847388869,39.332758747,-38.245900127));
#17933=CARTESIAN_POINT('',(-27.624898389,39.443696263,-38.261933695));
#17934=CARTESIAN_POINT('',(-27.156787975,39.592829461,-38.295658628));
#17935=CARTESIAN_POINT('',(-26.911237568,39.631003016,-38.313345035));
#17936=CARTESIAN_POINT('',(-26.665650687,39.631003016,-38.331034043));
#17937=CARTESIAN_POINT('',(-28.923115093,37.947694357,-37.835442998));
#17938=CARTESIAN_POINT('',(-28.847683299,38.189670478,-37.842651169));
#17939=CARTESIAN_POINT('',(-28.733786733,38.419493564,-37.853501334));
#17940=CARTESIAN_POINT('',(-28.440335754,38.832114819,-37.881415612));
#17941=CARTESIAN_POINT('',(-28.260830385,39.014844138,-37.898475089));
#17942=CARTESIAN_POINT('',(-27.854014622,39.315078266,-37.93711705));
#17943=CARTESIAN_POINT('',(-27.626772175,39.432532985,-37.958693121));
#17944=CARTESIAN_POINT('',(-27.147089632,39.590508537,-38.004228896));
#17945=CARTESIAN_POINT('',(-26.894729631,39.631003016,-38.028181047));
#17946=CARTESIAN_POINT('',(-26.642327488,39.631003016,-38.052137171));
#17947=CARTESIAN_POINT('',(-28.923115093,37.895949111,-37.678100893));
#17948=CARTESIAN_POINT('',(-28.851876859,38.143929748,-37.685399888));
#17949=CARTESIAN_POINT('',(-28.740546939,38.380202128,-37.69679593));
#17950=CARTESIAN_POINT('',(-28.449116291,38.805165382,-37.72661483));
#17951=CARTESIAN_POINT('',(-28.26906779,38.993780363,-37.745032354));
#17952=CARTESIAN_POINT('',(-27.85873895,39.303990063,-37.786999473));
#17953=CARTESIAN_POINT('',(-27.62853203,39.4255294,-37.810541573));
#17954=CARTESIAN_POINT('',(-27.14159226,39.58905047,-37.860335718));
#17955=CARTESIAN_POINT('',(-26.884946481,39.631003016,-37.886578875));
#17956=CARTESIAN_POINT('',(-26.628254811,39.631003016,-37.912826717));
#17957=CARTESIAN_POINT('',(-28.923115093,37.77974642,-37.38606085));
#17958=CARTESIAN_POINT('',(-28.862057207,38.040738971,-37.392594174));
#17959=CARTESIAN_POINT('',(-28.757155413,38.291278746,-37.403806399));
#17960=CARTESIAN_POINT('',(-28.47125407,38.743830875,-37.434350873));
#17961=CARTESIAN_POINT('',(-28.290314169,38.945749082,-37.453676759));
#17962=CARTESIAN_POINT('',(-27.872423175,39.278612006,-37.498304778));
#17963=CARTESIAN_POINT('',(-27.635559151,39.409487494,-37.523597626));
#17964=CARTESIAN_POINT('',(-27.132121777,39.585701321,-37.577353097));
#17965=CARTESIAN_POINT('',(-26.865653265,39.631003016,-37.605804541));
#17966=CARTESIAN_POINT('',(-26.59912926,39.631003016,-37.634261902));
#17967=CARTESIAN_POINT('',(-28.923115093,37.715351679,-37.251321206));
#17968=CARTESIAN_POINT('',(-28.868045106,37.983341212,-37.257006054));
#17969=CARTESIAN_POINT('',(-28.767006742,38.241689826,-37.267494815));
#17970=CARTESIAN_POINT('',(-28.484618742,38.709473014,-37.296870054));
#17971=CARTESIAN_POINT('',(-28.303332991,38.918802222,-37.315749847));
#17972=CARTESIAN_POINT('',(-27.881397621,39.26433239,-37.359719102));
#17973=CARTESIAN_POINT('',(-27.64084325,39.400455555,-37.384798576));
#17974=CARTESIAN_POINT('',(-27.128169854,39.583811504,-37.438260009));
#17975=CARTESIAN_POINT('',(-26.856166461,39.631003016,-37.46662983));
#17976=CARTESIAN_POINT('',(-26.584101719,39.631003016,-37.495006093));
#17977=CARTESIAN_POINT('',(-28.923115093,37.580926128,-37.004899082));
#17978=CARTESIAN_POINT('',(-28.881575238,37.862878018,-37.008559097));
#17979=CARTESIAN_POINT('',(-28.789543566,38.13722739,-37.016745586));
#17980=CARTESIAN_POINT('',(-28.515968667,38.636625003,-37.041147445));
#17981=CARTESIAN_POINT('',(-28.334498266,38.861540783,-37.057356277));
#17982=CARTESIAN_POINT('',(-27.904769555,39.233859703,-37.09576666));
#17983=CARTESIAN_POINT('',(-27.656625422,39.381164121,-37.117957944));
#17984=CARTESIAN_POINT('',(-27.124633383,39.579762102,-37.165544757));
#17985=CARTESIAN_POINT('',(-26.840926728,39.631003016,-37.190927576));
#17986=CARTESIAN_POINT('',(-26.557144738,39.631003016,-37.216317175));
#17987=CARTESIAN_POINT('',(-28.923115093,37.51091477,-36.893161871));
#17988=CARTESIAN_POINT('',(-28.889117226,37.79982997,-36.895654319));
#17989=CARTESIAN_POINT('',(-28.802229212,38.082368814,-36.902269413));
#17990=CARTESIAN_POINT('',(-28.533955346,38.598145082,-36.922879466));
#17991=CARTESIAN_POINT('',(-28.352647017,38.831234164,-36.936868366));
#17992=CARTESIAN_POINT('',(-27.919171089,39.217670789,-36.970386689));
#17993=CARTESIAN_POINT('',(-27.667128421,39.370907242,-36.989906276));
#17994=CARTESIAN_POINT('',(-27.125055406,39.577603057,-37.031917794));
#17995=CARTESIAN_POINT('',(-26.835181142,39.631003015,-37.054397401));
#17996=CARTESIAN_POINT('',(-26.54522341,39.631003015,-37.076883604));
#17997=CARTESIAN_POINT('',(-28.923115093,37.370470801,-36.690589852));
#17998=CARTESIAN_POINT('',(-28.905369589,37.672612262,-36.691249597));
#17999=CARTESIAN_POINT('',(-28.829906539,37.971224633,-36.694524886));
#18000=CARTESIAN_POINT('',(-28.57413724,38.519638547,-36.705839405));
#18001=CARTESIAN_POINT('',(-28.393917553,38.769255224,-36.713874696));
#18002=CARTESIAN_POINT('',(-27.954035022,39.184414141,-36.733561139));
#18003=CARTESIAN_POINT('',(-27.694520704,39.349816484,-36.745205468));
#18004=CARTESIAN_POINT('',(-27.132648816,39.573148543,-36.770445983));
#18005=CARTESIAN_POINT('',(-26.830480817,39.631003017,-36.784033433));
#18006=CARTESIAN_POINT('',(-26.528210855,39.631003017,-36.797625586));
#18007=CARTESIAN_POINT('',(-28.923115093,37.300030666,-36.599714014));
#18008=CARTESIAN_POINT('',(-28.914079395,37.608437627,-36.599714014));
#18009=CARTESIAN_POINT('',(-28.844897324,37.914935658,-36.601225874));
#18010=CARTESIAN_POINT('',(-28.59633101,38.479610698,-36.607045433));
#18011=CARTESIAN_POINT('',(-28.417037663,38.737582199,-36.611350844));
#18012=CARTESIAN_POINT('',(-27.974495153,39.167346302,-36.622103988));
#18013=CARTESIAN_POINT('',(-27.711407354,39.338982568,-36.62854749));
#18014=CARTESIAN_POINT('',(-27.13981669,39.570853089,-36.64259715));
#18015=CARTESIAN_POINT('',(-26.831522054,39.631003016,-36.650197779));
#18016=CARTESIAN_POINT('',(-26.523115093,39.631003016,-36.6578014));
#18017=CARTESIAN_POINT('',(-28.923115093,37.231003015,-36.517685595));
#18018=CARTESIAN_POINT('',(-28.923115093,37.545162281,-36.517685595));
#18019=CARTESIAN_POINT('',(-28.860649517,37.859197938,-36.517685595));
#18020=CARTESIAN_POINT('',(-28.620202425,38.439688569,-36.517685594));
#18021=CARTESIAN_POINT('',(-28.442315515,38.705915144,-36.517685594));
#18022=CARTESIAN_POINT('',(-27.998027221,39.150203438,-36.517685594));
#18023=CARTESIAN_POINT('',(-27.731800646,39.328090348,-36.517685594));
#18024=CARTESIAN_POINT('',(-27.151310015,39.56853744,-36.517685594));
#18025=CARTESIAN_POINT('',(-26.837274358,39.631003016,-36.517685594));
#18026=CARTESIAN_POINT('',(-26.523115093,39.631003016,-36.517685594));
#18027=B_SPLINE_SURFACE_WITH_KNOTS('',3,3,((#17847,#17848,#17849,#17850,#17851,#17852,#17853,#17854,#17855,#17856),(#17857,#17858,#17859,#17860,#17861,#17862,#17863,#17864,#17865,#17866),(#17867,#17868,#17869,#17870,#17871,#17872,#17873,#17874,#17875,#17876),(#17877,#17878,#17879,#17880,#17881,#17882,#17883,#17884,#17885,#17886),(#17887,#17888,#17889,#17890,#17891,#17892,#17893,#17894,#17895,#17896),(#17897,#17898,#17899,#17900,#17901,#17902,#17903,#17904,#17905,#17906),(#17907,#17908,#17909,#17910,#17911,#17912,#17913,#17914,#17915,#17916),(#17917,#17918,#17919,#17920,#17921,#17922,#17923,#17924,#17925,#17926),(#17927,#17928,#17929,#17930,#17931,#17932,#17933,#17934,#17935,#17936),(#17937,#17938,#17939,#17940,#17941,#17942,#17943,#17944,#17945,#17946),(#17947,#17948,#17949,#17950,#17951,#17952,#17953,#17954,#17955,#17956),(#17957,#17958,#17959,#17960,#17961,#17962,#17963,#17964,#17965,#17966),(#17967,#17968,#17969,#17970,#17971,#17972,#17973,#17974,#17975,#17976),(#17977,#17978,#17979,#17980,#17981,#17982,#17983,#17984,#17985,#17986),(#17987,#17988,#17989,#17990,#17991,#17992,#17993,#17994,#17995,#17996),(#17997,#17998,#17999,#18000,#18001,#18002,#18003,#18004,#18005,#18006),(#18007,#18008,#18009,#18010,#18011,#18012,#18013,#18014,#18015,#18016),(#18017,#18018,#18019,#18020,#18021,#18022,#18023,#18024,#18025,#18026)),.UNSPECIFIED.,.F.,.F.,.U.,(4,2,2,2,2,2,2,2,4),(4,2,2,2,4),(0.003843361,0.004263641,0.004683921,0.005104201,0.005524482,0.005944762,0.006365042,0.006785322,0.007205602),(0.,0.25,0.5,0.75,1.),.UNSPECIFIED.);
#18028=ORIENTED_EDGE('',*,*,#17823,.T.);
#18029=ORIENTED_EDGE('',*,*,#14983,.F.);
#18030=ORIENTED_EDGE('',*,*,#17841,.T.);
#18031=ORIENTED_EDGE('',*,*,#17104,.F.);
#18032=EDGE_LOOP('',(#18028,#18029,#18030,#18031));
#18033=FACE_BOUND('',#18032,.T.);
#18034=ADVANCED_FACE('',(#18033),#18027,.F.);
#18035=CARTESIAN_POINT('',(-26.523115093,20.081003016,0.));
#18036=DIRECTION('',(0.,0.,-1.));
#18037=DIRECTION('',(-1.,0.,0.));
#18038=AXIS2_PLACEMENT_3D('',#18035,#18036,#18037);
#18039=CYLINDRICAL_SURFACE('',#18038,2.4);
#18040=ORIENTED_EDGE('',*,*,#4740,.F.);
#18041=ORIENTED_EDGE('',*,*,#7234,.F.);
#18042=CARTESIAN_POINT('',(-26.523115093,20.081003016,46.743996984));
#18043=DIRECTION('',(0.,0.,-1.));
#18044=DIRECTION('',(-1.,0.,0.));
#18045=AXIS2_PLACEMENT_3D('',#18042,#18043,#18044);
#18046=CIRCLE('',#18045,2.4);
#18047=EDGE_CURVE('',#3485,#7223,#18046,.T.);
#18048=ORIENTED_EDGE('',*,*,#18047,.F.);
#18049=ORIENTED_EDGE('',*,*,#3490,.F.);
#18050=EDGE_LOOP('',(#18040,#18041,#18048,#18049));
#18051=FACE_BOUND('',#18050,.T.);
#18052=ADVANCED_FACE('',(#18051),#18039,.F.);
#18053=CARTESIAN_POINT('',(-26.523115093,23.481003016,46.743996984));
#18054=DIRECTION('',(1.,0.,0.));
#18055=DIRECTION('',(0.,0.,-1.));
#18056=AXIS2_PLACEMENT_3D('',#18053,#18054,#18055);
#18057=TOROIDAL_SURFACE('',#18056,3.4,2.4);
#18058=ORIENTED_EDGE('',*,*,#18047,.T.);
#18059=ORIENTED_EDGE('',*,*,#7637,.F.);
#18060=ORIENTED_EDGE('',*,*,#717,.F.);
#18061=ORIENTED_EDGE('',*,*,#3497,.F.);
#18062=EDGE_LOOP('',(#18058,#18059,#18060,#18061));
#18063=FACE_BOUND('',#18062,.T.);
#18064=ADVANCED_FACE('',(#18063),#18057,.F.);
#18065=CARTESIAN_POINT('',(-26.646607103,23.481003016,47.743996984));
#18066=CARTESIAN_POINT('',(-26.918104847,23.559757893,47.743996984));
#18067=CARTESIAN_POINT('',(-27.18953246,23.638492427,47.794456072));
#18068=CARTESIAN_POINT('',(-27.698978769,23.786270382,47.990107695));
#18069=CARTESIAN_POINT('',(-27.936865869,23.85527563,48.135249692));
#18070=CARTESIAN_POINT('',(-28.349810335,23.975060753,48.502376121));
#18071=CARTESIAN_POINT('',(-28.524761034,24.025809686,48.724265721));
#18072=CARTESIAN_POINT('',(-28.790175801,24.102800039,49.217500867));
#18073=CARTESIAN_POINT('',(-28.88057131,24.129021573,49.488719006));
#18074=CARTESIAN_POINT('',(-28.923115093,24.141362487,49.76791622));
#18075=CARTESIAN_POINT('',(-26.687698486,23.43933905,47.743996984));
#18076=CARTESIAN_POINT('',(-26.947674625,23.525913774,47.747278225));
#18077=CARTESIAN_POINT('',(-27.207592401,23.610366359,47.797813273));
#18078=CARTESIAN_POINT('',(-27.697506611,23.765271578,47.987578657));
#18079=CARTESIAN_POINT('',(-27.927392993,23.835688984,48.126766311));
#18080=CARTESIAN_POINT('',(-28.330646887,23.954344394,48.477789393));
#18081=CARTESIAN_POINT('',(-28.503923608,24.002555628,48.689546038));
#18082=CARTESIAN_POINT('',(-28.773861677,24.071219845,49.16127324));
#18083=CARTESIAN_POINT('',(-28.870461891,24.091657585,49.42113792));
#18084=CARTESIAN_POINT('',(-28.923115093,24.097047619,49.69010383));
#18085=CARTESIAN_POINT('',(-26.736453395,23.398862416,47.741424163));
#18086=CARTESIAN_POINT('',(-26.983933685,23.488864874,47.748855933));
#18087=CARTESIAN_POINT('',(-27.231366637,23.575117271,47.799815383));
#18088=CARTESIAN_POINT('',(-27.699899029,23.73095643,47.983366721));
#18089=CARTESIAN_POINT('',(-27.920908788,23.800513317,48.115923466));
#18090=CARTESIAN_POINT('',(-28.312961101,23.915525547,48.448551568));
#18091=CARTESIAN_POINT('',(-28.483928437,23.960958937,48.648559423));
#18092=CARTESIAN_POINT('',(-28.757566238,24.022876237,49.094780475));
#18093=CARTESIAN_POINT('',(-28.860183897,24.03934843,49.340908509));
#18094=CARTESIAN_POINT('',(-28.923115093,24.040472484,49.597018252));
#18095=CARTESIAN_POINT('',(-26.834346209,23.323917729,47.732216551));
#18096=CARTESIAN_POINT('',(-27.058996597,23.412171432,47.746260786));
#18097=CARTESIAN_POINT('',(-27.283616537,23.494529452,47.796584143));
#18098=CARTESIAN_POINT('',(-27.712680974,23.640062753,47.965266388));
#18099=CARTESIAN_POINT('',(-27.917067267,23.703218255,48.083602386));
#18100=CARTESIAN_POINT('',(-28.287230311,23.804651385,48.377675252));
#18101=CARTESIAN_POINT('',(-28.452956698,23.842915306,48.553372368));
#18102=CARTESIAN_POINT('',(-28.730816335,23.891123307,48.946377966));
#18103=CARTESIAN_POINT('',(-28.842911525,23.901060961,49.163633343));
#18104=CARTESIAN_POINT('',(-28.923115093,23.896397372,49.391926162));
#18105=CARTESIAN_POINT('',(-26.882910384,23.28931457,47.726100963));
#18106=CARTESIAN_POINT('',(-27.097128303,23.373359276,47.74274942));
#18107=CARTESIAN_POINT('',(-27.311322121,23.45088696,47.792178476));
#18108=CARTESIAN_POINT('',(-27.722177285,23.586610221,47.952563913));
#18109=CARTESIAN_POINT('',(-27.918792378,23.644790681,48.063502307));
#18110=CARTESIAN_POINT('',(-28.278337682,23.737074665,48.337838941));
#18111=CARTESIAN_POINT('',(-28.441227333,23.771167972,48.501206476));
#18112=CARTESIAN_POINT('',(-28.719914196,23.812508114,48.86704508));
#18113=CARTESIAN_POINT('',(-28.835679827,23.819750455,49.069475203));
#18114=CARTESIAN_POINT('',(-28.923115093,23.81328416,49.283177219));
#18115=CARTESIAN_POINT('',(-26.929294148,23.254748849,47.718066561));
#18116=CARTESIAN_POINT('',(-27.134187193,23.331565544,47.735909316));
#18117=CARTESIAN_POINT('',(-27.339060935,23.401517139,47.783276989));
#18118=CARTESIAN_POINT('',(-27.733512026,23.522480348,47.933534801));
#18119=CARTESIAN_POINT('',(-27.923052214,23.573480561,48.036410785));
#18120=CARTESIAN_POINT('',(-28.272646136,23.652719966,48.289995307));
#18121=CARTESIAN_POINT('',(-28.432666935,23.680951691,48.440679953));
#18122=CARTESIAN_POINT('',(-28.711239088,23.712536857,48.778611685));
#18123=CARTESIAN_POINT('',(-28.829764199,23.715887322,48.965826931));
#18124=CARTESIAN_POINT('',(-28.923115093,23.706671151,49.164320047));
#18125=B_SPLINE_SURFACE_WITH_KNOTS('',3,3,((#18065,#18066,#18067,#18068,#18069,#18070,#18071,#18072,#18073,#18074),(#18075,#18076,#18077,#18078,#18079,#18080,#18081,#18082,#18083,#18084),(#18085,#18086,#18087,#18088,#18089,#18090,#18091,#18092,#18093,#18094),(#18095,#18096,#18097,#18098,#18099,#18100,#18101,#18102,#18103,#18104),(#18105,#18106,#18107,#18108,#18109,#18110,#18111,#18112,#18113,#18114),(#18115,#18116,#18117,#18118,#18119,#18120,#18121,#18122,#18123,#18124)),.UNSPECIFIED.,.F.,.F.,.U.,(4,2,4),(4,2,2,2,4),(0.001414549,0.00185255,0.002239292),(0.,0.25,0.5,0.75,1.),.UNSPECIFIED.);
#18126=ORIENTED_EDGE('',*,*,#17451,.F.);
#18127=ORIENTED_EDGE('',*,*,#648,.T.);
#18128=ORIENTED_EDGE('',*,*,#7629,.F.);
#18129=CARTESIAN_POINT('',(-26.646607103,23.481003016,50.143996984));
#18130=DIRECTION('',(-0.278591443,-0.960409708,-0.));
#18131=DIRECTION('',(-0.960409708,0.278591443,0.));
#18132=AXIS2_PLACEMENT_3D('',#18129,#18130,#18131);
#18133=CIRCLE('',#18132,2.4);
#18134=EDGE_CURVE('',#17445,#7187,#18133,.T.);
#18135=ORIENTED_EDGE('',*,*,#18134,.F.);
#18136=EDGE_LOOP('',(#18126,#18127,#18128,#18135));
#18137=FACE_BOUND('',#18136,.T.);
#18138=ADVANCED_FACE('',(#18137),#18125,.F.);
#18139=CARTESIAN_POINT('',(-28.923115093,24.141362487,49.76791622));
#18140=CARTESIAN_POINT('',(-28.88057131,24.129021573,49.488719006));
#18141=CARTESIAN_POINT('',(-28.790175801,24.102800039,49.217500867));
#18142=CARTESIAN_POINT('',(-28.524761034,24.025809686,48.724265721));
#18143=CARTESIAN_POINT('',(-28.349810335,23.975060753,48.502376121));
#18144=CARTESIAN_POINT('',(-27.936865869,23.85527563,48.135249692));
#18145=CARTESIAN_POINT('',(-27.698978769,23.786270382,47.990107695));
#18146=CARTESIAN_POINT('',(-27.18953246,23.638492427,47.794456072));
#18147=CARTESIAN_POINT('',(-26.918104847,23.559757893,47.743996984));
#18148=CARTESIAN_POINT('',(-26.646607103,23.481003016,47.743996984));
#18149=CARTESIAN_POINT('',(-28.923115093,24.162864333,49.805671269));
#18150=CARTESIAN_POINT('',(-28.884097805,24.152537117,49.522622228));
#18151=CARTESIAN_POINT('',(-28.795719632,24.12900587,49.246942709));
#18152=CARTESIAN_POINT('',(-28.531319077,24.058490622,48.744847974));
#18153=CARTESIAN_POINT('',(-28.355368075,24.01152573,48.518568182));
#18154=CARTESIAN_POINT('',(-27.938005194,23.900075472,48.143880365));
#18155=CARTESIAN_POINT('',(-27.69670592,23.835620285,47.995573387));
#18156=CARTESIAN_POINT('',(-27.179092625,23.697337134,47.795604734));
#18157=CARTESIAN_POINT('',(-26.902918223,23.623546606,47.743996984));
#18158=CARTESIAN_POINT('',(-26.626669312,23.549736097,47.743996984));
#18159=CARTESIAN_POINT('',(-28.923115093,24.182642131,49.842039884));
#18160=CARTESIAN_POINT('',(-28.887724181,24.174126133,49.55537831));
#18161=CARTESIAN_POINT('',(-28.801502274,24.153222093,49.275447186));
#18162=CARTESIAN_POINT('',(-28.538432095,24.089318387,48.764846028));
#18163=CARTESIAN_POINT('',(-28.361657936,24.046336797,48.53431971));
#18164=CARTESIAN_POINT('',(-27.940243793,23.943822916,48.152295533));
#18165=CARTESIAN_POINT('',(-27.69572246,23.884319607,48.00090519));
#18166=CARTESIAN_POINT('',(-27.170324298,23.756445511,47.796727186));
#18167=CARTESIAN_POINT('',(-26.889595364,23.688110867,47.743996984));
#18168=CARTESIAN_POINT('',(-26.60878739,23.619756904,47.743996984));
#18169=CARTESIAN_POINT('',(-28.923115093,24.218742362,49.910987623));
#18170=CARTESIAN_POINT('',(-28.89496767,24.213325388,49.617640189));
#18171=CARTESIAN_POINT('',(-28.81320715,24.197393486,49.329726249));
#18172=CARTESIAN_POINT('',(-28.553339196,24.146624966,48.803045972));
#18173=CARTESIAN_POINT('',(-28.375310993,24.111803899,48.564440082));
#18174=CARTESIAN_POINT('',(-27.946741168,24.027929473,48.168419631));
#18175=CARTESIAN_POINT('',(-27.69633014,23.978901788,48.011125703));
#18176=CARTESIAN_POINT('',(-27.156551468,23.873199118,47.798882055));
#18177=CARTESIAN_POINT('',(-26.867348273,23.816556482,47.743996984));
#18178=CARTESIAN_POINT('',(-26.578056948,23.759896507,47.743996984));
#18179=CARTESIAN_POINT('',(-28.923115093,24.23513242,49.94367756));
#18180=CARTESIAN_POINT('',(-28.898593551,24.231010342,49.647244851));
#18181=CARTESIAN_POINT('',(-28.819142576,24.217431235,49.355586297));
#18182=CARTESIAN_POINT('',(-28.561146939,24.17320307,48.821307134));
#18183=CARTESIAN_POINT('',(-28.382683899,24.142568073,48.578855425));
#18184=CARTESIAN_POINT('',(-27.950995178,24.068414965,48.176153215));
#18185=CARTESIAN_POINT('',(-27.697906003,24.024920421,48.016030008));
#18186=CARTESIAN_POINT('',(-27.151507054,23.93099915,47.799917737));
#18187=CARTESIAN_POINT('',(-26.858370029,23.880602269,47.743996984));
#18188=CARTESIAN_POINT('',(-26.565140302,23.830189369,47.743996984));
#18189=CARTESIAN_POINT('',(-28.923115093,24.280321759,50.037012363));
#18190=CARTESIAN_POINT('',(-28.909375183,24.279301491,49.731977021));
#18191=CARTESIAN_POINT('',(-28.837010476,24.27233338,49.429726216));
#18192=CARTESIAN_POINT('',(-28.585360979,24.247514597,48.873812433));
#18193=CARTESIAN_POINT('',(-28.406164418,24.229672909,48.620343819));
#18194=CARTESIAN_POINT('',(-27.966549644,24.185706129,48.198452179));
#18195=CARTESIAN_POINT('',(-27.706285273,24.159596892,48.030176618));
#18196=CARTESIAN_POINT('',(-27.141891534,24.102899829,47.802909308));
#18197=CARTESIAN_POINT('',(-26.837959556,24.072332422,47.743996984));
#18198=CARTESIAN_POINT('',(-26.533921261,24.041754007,47.743996984));
#18199=CARTESIAN_POINT('',(-28.923115093,24.305192387,50.092943293));
#18200=CARTESIAN_POINT('',(-28.91643218,24.305192387,49.783038502));
#18201=CARTESIAN_POINT('',(-28.848999003,24.302030491,49.474577765));
#18202=CARTESIAN_POINT('',(-28.602546836,24.289859489,48.905784538));
#18203=CARTESIAN_POINT('',(-28.423619708,24.280855171,48.645663517));
#18204=CARTESIAN_POINT('',(-27.980622616,24.258366092,48.212117491));
#18205=CARTESIAN_POINT('',(-27.716717519,24.244890179,48.038853633));
#18206=CARTESIAN_POINT('',(-27.142809412,24.21550678,47.804749878));
#18207=CARTESIAN_POINT('',(-26.833019884,24.199610857,47.743996984));
#18208=CARTESIAN_POINT('',(-26.523115093,24.183708676,47.743996984));
#18209=CARTESIAN_POINT('',(-28.923115093,24.326647768,50.143996984));
#18210=CARTESIAN_POINT('',(-28.923115093,24.326647768,49.829837719));
#18211=CARTESIAN_POINT('',(-28.860649517,24.326647768,49.515802062));
#18212=CARTESIAN_POINT('',(-28.620202425,24.326647768,48.935311431));
#18213=CARTESIAN_POINT('',(-28.442315514,24.326647768,48.669084856));
#18214=CARTESIAN_POINT('',(-27.998027221,24.326647768,48.224796562));
#18215=CARTESIAN_POINT('',(-27.731800646,24.326647768,48.046909652));
#18216=CARTESIAN_POINT('',(-27.151310015,24.326647768,47.80646256));
#18217=CARTESIAN_POINT('',(-26.837274358,24.326647768,47.743996984));
#18218=CARTESIAN_POINT('',(-26.523115093,24.326647768,47.743996984));
#18219=B_SPLINE_SURFACE_WITH_KNOTS('',3,3,((#18139,#18140,#18141,#18142,#18143,#18144,#18145,#18146,#18147,#18148),(#18149,#18150,#18151,#18152,#18153,#18154,#18155,#18156,#18157,#18158),(#18159,#18160,#18161,#18162,#18163,#18164,#18165,#18166,#18167,#18168),(#18169,#18170,#18171,#18172,#18173,#18174,#18175,#18176,#18177,#18178),(#18179,#18180,#18181,#18182,#18183,#18184,#18185,#18186,#18187,#18188),(#18189,#18190,#18191,#18192,#18193,#18194,#18195,#18196,#18197,#18198),(#18199,#18200,#18201,#18202,#18203,#18204,#18205,#18206,#18207,#18208),(#18209,#18210,#18211,#18212,#18213,#18214,#18215,#18216,#18217,#18218)),.UNSPECIFIED.,.F.,.F.,.U.,(4,2,2,4),(4,2,2,2,4),(0.004168223,0.004382509,0.004596795,0.005025368),(0.,0.25,0.5,0.75,1.),.UNSPECIFIED.);
#18220=ORIENTED_EDGE('',*,*,#18134,.T.);
#18221=ORIENTED_EDGE('',*,*,#7196,.F.);
#18222=CARTESIAN_POINT('',(-26.523115093,24.326647768,50.143996984));
#18223=DIRECTION('',(0.,-1.,0.));
#18224=DIRECTION('',(1.,0.,0.));
#18225=AXIS2_PLACEMENT_3D('',#18222,#18223,#18224);
#18226=CIRCLE('',#18225,2.4);
#18227=EDGE_CURVE('',#3500,#7179,#18226,.T.);
#18228=ORIENTED_EDGE('',*,*,#18227,.F.);
#18229=ORIENTED_EDGE('',*,*,#17458,.F.);
#18230=EDGE_LOOP('',(#18220,#18221,#18228,#18229));
#18231=FACE_BOUND('',#18230,.T.);
#18232=ADVANCED_FACE('',(#18231),#18219,.F.);
#18233=CARTESIAN_POINT('',(-26.523115093,0.,50.143996984));
#18234=DIRECTION('',(0.,-1.,0.));
#18235=DIRECTION('',(0.,0.,-1.));
#18236=AXIS2_PLACEMENT_3D('',#18233,#18234,#18235);
#18237=CYLINDRICAL_SURFACE('',#18236,2.4);
#18238=ORIENTED_EDGE('',*,*,#18227,.T.);
#18239=ORIENTED_EDGE('',*,*,#7184,.F.);
#18240=CARTESIAN_POINT('',(-26.523115093,27.318996984,50.143996984));
#18241=DIRECTION('',(0.,-1.,0.));
#18242=DIRECTION('',(0.,0.,-1.));
#18243=AXIS2_PLACEMENT_3D('',#18240,#18241,#18242);
#18244=CIRCLE('',#18243,2.4);
#18245=EDGE_CURVE('',#3509,#7171,#18244,.T.);
#18246=ORIENTED_EDGE('',*,*,#18245,.F.);
#18247=ORIENTED_EDGE('',*,*,#3514,.F.);
#18248=EDGE_LOOP('',(#18238,#18239,#18246,#18247));
#18249=FACE_BOUND('',#18248,.T.);
#18250=ADVANCED_FACE('',(#18249),#18237,.F.);
#18251=CARTESIAN_POINT('',(-26.523115093,27.318996984,46.743996984));
#18252=DIRECTION('',(1.,0.,0.));
#18253=DIRECTION('',(0.,0.,-1.));
#18254=AXIS2_PLACEMENT_3D('',#18251,#18252,#18253);
#18255=TOROIDAL_SURFACE('',#18254,3.4,2.4);
#18256=ORIENTED_EDGE('',*,*,#18245,.T.);
#18257=ORIENTED_EDGE('',*,*,#7559,.F.);
#18258=CARTESIAN_POINT('',(-26.523115093,30.718996984,46.743996984));
#18259=DIRECTION('',(0.,0.,1.));
#18260=DIRECTION('',(1.,0.,-0.));
#18261=AXIS2_PLACEMENT_3D('',#18258,#18259,#18260);
#18262=CIRCLE('',#18261,2.4);
#18263=EDGE_CURVE('',#3517,#7139,#18262,.T.);
#18264=ORIENTED_EDGE('',*,*,#18263,.F.);
#18265=ORIENTED_EDGE('',*,*,#3523,.F.);
#18266=EDGE_LOOP('',(#18256,#18257,#18264,#18265));
#18267=FACE_BOUND('',#18266,.T.);
#18268=ADVANCED_FACE('',(#18267),#18255,.F.);
#18269=CARTESIAN_POINT('',(-26.523115093,30.718996984,42.375));
#18270=DIRECTION('',(0.,0.,1.));
#18271=DIRECTION('',(1.,0.,-0.));
#18272=AXIS2_PLACEMENT_3D('',#18269,#18270,#18271);
#18273=CYLINDRICAL_SURFACE('',#18272,2.4);
#18274=ORIENTED_EDGE('',*,*,#5898,.F.);
#18275=ORIENTED_EDGE('',*,*,#3531,.F.);
#18276=ORIENTED_EDGE('',*,*,#18263,.T.);
#18277=ORIENTED_EDGE('',*,*,#7144,.F.);
#18278=EDGE_LOOP('',(#18274,#18275,#18276,#18277));
#18279=FACE_BOUND('',#18278,.T.);
#18280=ADVANCED_FACE('',(#18279),#18273,.F.);
#18281=CARTESIAN_POINT('',(-26.601650237,-1.846610044,53.639518395));
#18282=CARTESIAN_POINT('',(-26.868578764,-1.823434598,53.616342949));
#18283=CARTESIAN_POINT('',(-27.135450782,-1.768002983,53.625433483));
#18284=CARTESIAN_POINT('',(-27.639425817,-1.598787221,53.707136334));
#18285=CARTESIAN_POINT('',(-27.87642214,-1.485038896,53.779731354));
#18286=CARTESIAN_POINT('',(-28.294096335,-1.21190157,53.980341506));
#18287=CARTESIAN_POINT('',(-28.474685784,-1.052570392,54.108314169));
#18288=CARTESIAN_POINT('',(-28.759301497,-0.706088583,54.405373789));
#18289=CARTESIAN_POINT('',(-28.863267507,-0.519011303,54.574397857));
#18290=CARTESIAN_POINT('',(-28.923115093,-0.328492069,54.754524837));
#18291=CARTESIAN_POINT('',(-26.620684477,-1.956225306,53.749133664));
#18292=CARTESIAN_POINT('',(-26.880874,-1.932756202,53.72566456));
#18293=CARTESIAN_POINT('',(-27.141014006,-1.878637652,53.732853873));
#18294=CARTESIAN_POINT('',(-27.633726704,-1.714816529,53.807799462));
#18295=CARTESIAN_POINT('',(-27.866205594,-1.605145109,53.875541575));
#18296=CARTESIAN_POINT('',(-28.27885284,-1.341854118,54.064428247));
#18297=CARTESIAN_POINT('',(-28.458942544,-1.188284591,54.185536999));
#18298=CARTESIAN_POINT('',(-28.747615934,-0.853503296,54.46831754));
#18299=CARTESIAN_POINT('',(-28.85614444,-0.672355178,54.629935656));
#18300=CARTESIAN_POINT('',(-28.923115093,-0.487009991,54.803257653));
#18301=CARTESIAN_POINT('',(-26.640803113,-2.065780899,53.858689215));
#18302=CARTESIAN_POINT('',(-26.894802478,-2.043365997,53.836274314));
#18303=CARTESIAN_POINT('',(-27.148757883,-1.991770579,53.843047642));
#18304=CARTESIAN_POINT('',(-27.631009461,-1.835404396,53.914284459));
#18305=CARTESIAN_POINT('',(-27.859222161,-1.730660616,53.978735609));
#18306=CARTESIAN_POINT('',(-28.266837903,-1.478585449,54.158814975));
#18307=CARTESIAN_POINT('',(-28.446170348,-1.331297596,54.274412048));
#18308=CARTESIAN_POINT('',(-28.737815071,-1.009038414,54.54508694));
#18309=CARTESIAN_POINT('',(-28.850076766,-0.834122775,54.700117959));
#18310=CARTESIAN_POINT('',(-28.923115093,-0.654222161,54.867041143));
#18311=CARTESIAN_POINT('',(-26.676580281,-2.285137516,54.078045902));
#18312=CARTESIAN_POINT('',(-26.920274012,-2.266965681,54.059874066));
#18313=CARTESIAN_POINT('',(-27.163932338,-2.222069982,54.068431327));
#18314=CARTESIAN_POINT('',(-27.628668439,-2.082968456,54.138209045));
#18315=CARTESIAN_POINT('',(-27.849678677,-1.98878276,54.199419354));
#18316=CARTESIAN_POINT('',(-28.248561632,-1.759828944,54.368829475));
#18317=CARTESIAN_POINT('',(-28.426376338,-1.625093996,54.477004696));
#18318=CARTESIAN_POINT('',(-28.722312804,-1.327540915,54.730307895));
#18319=CARTESIAN_POINT('',(-28.840391449,-1.164765931,54.875399115));
#18320=CARTESIAN_POINT('',(-28.923115093,-0.995505812,55.032231972));
#18321=CARTESIAN_POINT('',(-26.692161077,-2.394942876,54.187851221));
#18322=CARTESIAN_POINT('',(-26.93174622,-2.379960888,54.172869233));
#18323=CARTESIAN_POINT('',(-27.171298956,-2.33923995,54.183630202));
#18324=CARTESIAN_POINT('',(-27.62899475,-2.209939795,54.255672059));
#18325=CARTESIAN_POINT('',(-27.847075895,-2.121378013,54.316943167));
#18326=CARTESIAN_POINT('',(-28.242271857,-1.904312789,54.48452128));
#18327=CARTESIAN_POINT('',(-28.419333205,-1.775838652,54.590805595));
#18328=CARTESIAN_POINT('',(-28.716602705,-1.490445971,54.838891742));
#18329=CARTESIAN_POINT('',(-28.83677062,-1.333565983,54.980660006));
#18330=CARTESIAN_POINT('',(-28.923115093,-1.169488164,55.133837097));
#18331=CARTESIAN_POINT('',(-26.712978926,-2.615122884,54.408031242));
#18332=CARTESIAN_POINT('',(-26.947181808,-2.60770675,54.400615108));
#18333=CARTESIAN_POINT('',(-27.181356095,-2.575845796,54.417645556));
#18334=CARTESIAN_POINT('',(-27.629811671,-2.465924106,54.499149724));
#18335=CARTESIAN_POINT('',(-27.844038203,-2.387876735,54.563613457));
#18336=CARTESIAN_POINT('',(-28.23434145,-2.192210381,54.734498659));
#18337=CARTESIAN_POINT('',(-28.4103705,-2.074615233,54.84089924));
#18338=CARTESIAN_POINT('',(-28.709269542,-1.809852939,55.086600854));
#18339=CARTESIAN_POINT('',(-28.832103013,-1.662718072,55.225871877));
#18340=CARTESIAN_POINT('',(-28.923115093,-1.507057539,55.375664231));
#18341=CARTESIAN_POINT('',(-26.718128982,-2.725502346,54.518410698));
#18342=CARTESIAN_POINT('',(-26.951065738,-2.722455755,54.515364106));
#18343=CARTESIAN_POINT('',(-27.183974722,-2.695270477,54.536456933));
#18344=CARTESIAN_POINT('',(-27.630245733,-2.594898672,54.625157324));
#18345=CARTESIAN_POINT('',(-27.843554553,-2.521724117,54.692754319));
#18346=CARTESIAN_POINT('',(-28.232667672,-2.335522408,54.868785949));
#18347=CARTESIAN_POINT('',(-28.408425578,-2.22251746,54.977199603));
#18348=CARTESIAN_POINT('',(-28.707635421,-1.966157175,55.225750649));
#18349=CARTESIAN_POINT('',(-28.831051683,-1.822832406,55.365858411));
#18350=CARTESIAN_POINT('',(-28.923115093,-1.670360474,55.515936134));
#18351=CARTESIAN_POINT('',(-26.71570253,-2.946961745,54.739870095));
#18352=CARTESIAN_POINT('',(-26.949247967,-2.952563875,54.745472226));
#18353=CARTESIAN_POINT('',(-27.182765221,-2.933879232,54.775359784));
#18354=CARTESIAN_POINT('',(-27.630084316,-2.849510467,54.881190711));
#18355=CARTESIAN_POINT('',(-27.843832178,-2.783836531,54.957121314));
#18356=CARTESIAN_POINT('',(-28.233509787,-2.611039383,55.148621469));
#18357=CARTESIAN_POINT('',(-28.409392511,-2.503937029,55.264167919));
#18358=CARTESIAN_POINT('',(-28.708438767,-2.257342126,55.525126939));
#18359=CARTESIAN_POINT('',(-28.831566214,-2.117879337,55.670508023));
#18360=CARTESIAN_POINT('',(-28.923115093,-1.968121933,55.824671411));
#18361=CARTESIAN_POINT('',(-26.708095364,-3.058132324,54.851040677));
#18362=CARTESIAN_POINT('',(-26.943524879,-3.068001662,54.860910014));
#18363=CARTESIAN_POINT('',(-27.178924973,-3.053127924,54.895520017));
#18364=CARTESIAN_POINT('',(-27.629492426,-2.975176885,55.011265513));
#18365=CARTESIAN_POINT('',(-27.844603474,-2.912109365,55.092386608));
#18366=CARTESIAN_POINT('',(-28.236043367,-2.743200177,55.294184789));
#18367=CARTESIAN_POINT('',(-28.412323273,-2.637379638,55.414836724));
#18368=CARTESIAN_POINT('',(-28.710890846,-2.39207752,55.685317284));
#18369=CARTESIAN_POINT('',(-28.833141159,-2.252626602,55.835112166));
#18370=CARTESIAN_POINT('',(-28.923115093,-2.102351142,55.993047179));
#18371=CARTESIAN_POINT('',(-26.683214976,-3.279438312,55.072346661));
#18372=CARTESIAN_POINT('',(-26.925176383,-3.296404372,55.089312722));
#18373=CARTESIAN_POINT('',(-27.167103627,-3.287056992,55.132587486));
#18374=CARTESIAN_POINT('',(-27.628868398,-3.216593883,55.267825322));
#18375=CARTESIAN_POINT('',(-27.848640722,-3.155488143,55.359769363));
#18376=CARTESIAN_POINT('',(-28.245958816,-2.987095232,55.5839496));
#18377=CARTESIAN_POINT('',(-28.423448468,-2.87983186,55.71615421));
#18378=CARTESIAN_POINT('',(-28.719928252,-2.628936842,56.008769137));
#18379=CARTESIAN_POINT('',(-28.838876481,-2.485340627,56.169138196));
#18380=CARTESIAN_POINT('',(-28.923115093,-2.330130937,56.336274223));
#18381=CARTESIAN_POINT('',(-26.666049813,-3.389796646,55.182705029));
#18382=CARTESIAN_POINT('',(-26.912647628,-3.409596182,55.202504563));
#18383=CARTESIAN_POINT('',(-27.159207771,-3.401972357,55.249721446));
#18384=CARTESIAN_POINT('',(-27.628899254,-3.332602424,55.394526383));
#18385=CARTESIAN_POINT('',(-27.851958817,-3.270866906,55.492092389));
#18386=CARTESIAN_POINT('',(-28.253372754,-3.099138035,55.728323496));
#18387=CARTESIAN_POINT('',(-28.43166573,-2.989170873,55.8669526));
#18388=CARTESIAN_POINT('',(-28.726521517,-2.731438004,56.172121549));
#18389=CARTESIAN_POINT('',(-28.843039137,-2.583711609,56.338614856));
#18390=CARTESIAN_POINT('',(-28.923115093,-2.424116213,56.51113748));
#18391=CARTESIAN_POINT('',(-26.628490143,-3.610312018,55.403220338));
#18392=CARTESIAN_POINT('',(-26.886275307,-3.633467184,55.426375504));
#18393=CARTESIAN_POINT('',(-27.14401311,-3.626533239,55.479611309));
#18394=CARTESIAN_POINT('',(-27.632662817,-3.553208507,55.640731206));
#18395=CARTESIAN_POINT('',(-27.863484932,-3.486831185,55.74858577));
#18396=CARTESIAN_POINT('',(-28.274179008,-3.301526962,56.007710652));
#18397=CARTESIAN_POINT('',(-28.453975451,-3.182634061,56.158933455));
#18398=CARTESIAN_POINT('',(-28.743805481,-2.904689138,56.489029338));
#18399=CARTESIAN_POINT('',(-28.853785686,-2.745688115,56.667841858));
#18400=CARTESIAN_POINT('',(-28.923115093,-2.574898971,56.851151352));
#18401=CARTESIAN_POINT('',(-26.608164754,-3.720473275,55.513381648));
#18402=CARTESIAN_POINT('',(-26.872494596,-3.744152834,55.537061207));
#18403=CARTESIAN_POINT('',(-27.1367709,-3.736189973,55.592373527));
#18404=CARTESIAN_POINT('',(-27.636439374,-3.657833386,55.760236998));
#18405=CARTESIAN_POINT('',(-27.871730297,-3.587455398,55.872754149));
#18406=CARTESIAN_POINT('',(-28.28759581,-3.391942886,56.142711516));
#18407=CARTESIAN_POINT('',(-28.46808603,-3.266847789,56.300097098));
#18408=CARTESIAN_POINT('',(-28.75450325,-2.975578268,56.642552245));
#18409=CARTESIAN_POINT('',(-28.860371963,-2.809462675,56.827552494));
#18410=CARTESIAN_POINT('',(-28.923115093,-2.631900974,57.016255747));
#18411=CARTESIAN_POINT('',(-26.57109273,-3.941019046,55.733927375));
#18412=CARTESIAN_POINT('',(-26.849397066,-3.9629452,55.75585353));
#18413=CARTESIAN_POINT('',(-27.12763257,-3.949885082,55.812755049));
#18414=CARTESIAN_POINT('',(-27.650549674,-3.855348385,55.989671364));
#18415=CARTESIAN_POINT('',(-27.895101917,-3.773895058,56.109642409));
#18416=CARTESIAN_POINT('',(-28.321014495,-3.552381467,56.398205702));
#18417=CARTESIAN_POINT('',(-28.502269371,-3.412375819,56.566726631));
#18418=CARTESIAN_POINT('',(-28.779584153,-3.090659487,56.932015101));
#18419=CARTESIAN_POINT('',(-28.875575219,-2.909028208,57.128692352));
#18420=CARTESIAN_POINT('',(-28.923115093,-2.717521858,57.327594629));
#18421=CARTESIAN_POINT('',(-26.554363866,-4.051404592,55.844312944));
#18422=CARTESIAN_POINT('',(-26.840095741,-4.071057354,55.863965706));
#18423=CARTESIAN_POINT('',(-27.12574968,-4.053934096,55.920383525));
#18424=CARTESIAN_POINT('',(-27.660892182,-3.948262635,56.099616612));
#18425=CARTESIAN_POINT('',(-27.910234727,-3.859742937,56.222382854));
#18426=CARTESIAN_POINT('',(-28.341018987,-3.622457178,56.518729672));
#18427=CARTESIAN_POINT('',(-28.522343005,-3.473755509,56.692229366));
#18428=CARTESIAN_POINT('',(-28.793966191,-3.134945665,57.068008695));
#18429=CARTESIAN_POINT('',(-28.884190879,-2.944929649,57.270185827));
#18430=CARTESIAN_POINT('',(-28.923115093,-2.746268941,57.473907167));
#18431=CARTESIAN_POINT('',(-26.530382859,-4.272766663,56.065675013));
#18432=CARTESIAN_POINT('',(-26.830765611,-4.284861763,56.077770113));
#18433=CARTESIAN_POINT('',(-27.131049464,-4.256520337,56.130293545));
#18434=CARTESIAN_POINT('',(-27.689908948,-4.122852344,56.308916744));
#18435=CARTESIAN_POINT('',(-27.948300528,-4.017569483,56.434957567));
#18436=CARTESIAN_POINT('',(-28.387277246,-3.744624654,56.743065404));
#18437=CARTESIAN_POINT('',(-28.567717667,-3.577052236,56.925030928));
#18438=CARTESIAN_POINT('',(-28.825529606,-3.202839573,57.319629553));
#18439=CARTESIAN_POINT('',(-28.902815869,-2.996322294,57.532132729));
#18440=CARTESIAN_POINT('',(-28.923115093,-2.784658463,57.745151796));
#18441=CARTESIAN_POINT('',(-26.523115093,-4.383742197,56.176650548));
#18442=CARTESIAN_POINT('',(-26.830722501,-4.390556759,56.18346511));
#18443=CARTESIAN_POINT('',(-27.138219152,-4.355063814,56.232581818));
#18444=CARTESIAN_POINT('',(-27.708572747,-4.204541222,56.40828775));
#18445=CARTESIAN_POINT('',(-27.971224265,-4.089565238,56.534813403));
#18446=CARTESIAN_POINT('',(-28.413524117,-3.796740894,56.846912241));
#18447=CARTESIAN_POINT('',(-28.593012954,-3.618997474,57.032372902));
#18448=CARTESIAN_POINT('',(-28.842707816,-3.226482011,57.435319646));
#18449=CARTESIAN_POINT('',(-28.912823459,-3.011850984,57.652660608));
#18450=CARTESIAN_POINT('',(-28.923115093,-2.7943397,57.870171892));
#18451=CARTESIAN_POINT('',(-26.523115093,-4.495170933,56.288079284));
#18452=CARTESIAN_POINT('',(-26.837274358,-4.495170933,56.288079284));
#18453=CARTESIAN_POINT('',(-27.151310015,-4.4510011,56.332249116));
#18454=CARTESIAN_POINT('',(-27.731800646,-4.280979331,56.502270886));
#18455=CARTESIAN_POINT('',(-27.998027221,-4.155194291,56.628055926));
#18456=CARTESIAN_POINT('',(-28.442315514,-3.841035025,56.942215191));
#18457=CARTESIAN_POINT('',(-28.620202425,-3.652784409,57.130465808));
#18458=CARTESIAN_POINT('',(-28.860649517,-3.242315548,57.540934669));
#18459=CARTESIAN_POINT('',(-28.923115093,-3.020258805,57.762991412));
#18460=CARTESIAN_POINT('',(-28.923115093,-2.798114658,57.985135559));
#18461=B_SPLINE_SURFACE_WITH_KNOTS('',3,3,((#18281,#18282,#18283,#18284,#18285,#18286,#18287,#18288,#18289,#18290),(#18291,#18292,#18293,#18294,#18295,#18296,#18297,#18298,#18299,#18300),(#18301,#18302,#18303,#18304,#18305,#18306,#18307,#18308,#18309,#18310),(#18311,#18312,#18313,#18314,#18315,#18316,#18317,#18318,#18319,#18320),(#18321,#18322,#18323,#18324,#18325,#18326,#18327,#18328,#18329,#18330),(#18331,#18332,#18333,#18334,#18335,#18336,#18337,#18338,#18339,#18340),(#18341,#18342,#18343,#18344,#18345,#18346,#18347,#18348,#18349,#18350),(#18351,#18352,#18353,#18354,#18355,#18356,#18357,#18358,#18359,#18360),(#18361,#18362,#18363,#18364,#18365,#18366,#18367,#18368,#18369,#18370),(#18371,#18372,#18373,#18374,#18375,#18376,#18377,#18378,#18379,#18380),(#18381,#18382,#18383,#18384,#18385,#18386,#18387,#18388,#18389,#18390),(#18391,#18392,#18393,#18394,#18395,#18396,#18397,#18398,#18399,#18400),(#18401,#18402,#18403,#18404,#18405,#18406,#18407,#18408,#18409,#18410),(#18411,#18412,#18413,#18414,#18415,#18416,#18417,#18418,#18419,#18420),(#18421,#18422,#18423,#18424,#18425,#18426,#18427,#18428,#18429,#18430),(#18431,#18432,#18433,#18434,#18435,#18436,#18437,#18438,#18439,#18440),(#18441,#18442,#18443,#18444,#18445,#18446,#18447,#18448,#18449,#18450),(#18451,#18452,#18453,#18454,#18455,#18456,#18457,#18458,#18459,#18460)),.UNSPECIFIED.,.F.,.F.,.U.,(4,2,2,2,2,2,2,2,4),(4,2,2,2,4),(0.002933729,0.003398268,0.003862807,0.004327345,0.004791884,0.005256423,0.005720961,0.0061855,0.006650039),(0.,0.25,0.5,0.75,1.),.UNSPECIFIED.);
#18462=CARTESIAN_POINT('',(-26.601650237,-0.149553769,55.33657467));
#18463=DIRECTION('',(-0.121870546,-0.70183601,0.70183601));
#18464=DIRECTION('',(0.,0.707106781,0.707106781));
#18465=AXIS2_PLACEMENT_3D('',#18462,#18463,#18464);
#18466=CIRCLE('',#18465,2.4);
#18467=EDGE_CURVE('',#17323,#7281,#18466,.T.);
#18468=ORIENTED_EDGE('',*,*,#18467,.F.);
#18469=ORIENTED_EDGE('',*,*,#17329,.F.);
#18470=CARTESIAN_POINT('',(-26.523115093,-2.798114658,57.985135559));
#18471=DIRECTION('',(0.,0.707106781,-0.707106781));
#18472=DIRECTION('',(0.,0.707106781,0.707106781));
#18473=AXIS2_PLACEMENT_3D('',#18470,#18471,#18472);
#18474=CIRCLE('',#18473,2.4);
#18475=EDGE_CURVE('',#7289,#3585,#18474,.T.);
#18476=ORIENTED_EDGE('',*,*,#18475,.F.);
#18477=ORIENTED_EDGE('',*,*,#7307,.F.);
#18478=EDGE_LOOP('',(#18468,#18469,#18476,#18477));
#18479=FACE_BOUND('',#18478,.T.);
#18480=ADVANCED_FACE('',(#18479),#18461,.F.);
#18481=CARTESIAN_POINT('',(-26.523115093,27.59351045,27.59351045));
#18482=DIRECTION('',(0.,-0.707106781,0.707106781));
#18483=DIRECTION('',(0.,-0.707106781,-0.707106781));
#18484=AXIS2_PLACEMENT_3D('',#18481,#18482,#18483);
#18485=CYLINDRICAL_SURFACE('',#18484,2.4);
#18486=ORIENTED_EDGE('',*,*,#18475,.T.);
#18487=ORIENTED_EDGE('',*,*,#3675,.F.);
#18488=CARTESIAN_POINT('',(-26.523115093,-2.86342533,58.050446231));
#18489=DIRECTION('',(-0.,0.707106781,-0.707106781));
#18490=DIRECTION('',(0.,0.707106781,0.707106781));
#18491=AXIS2_PLACEMENT_3D('',#18488,#18489,#18490);
#18492=CIRCLE('',#18491,2.4);
#18493=EDGE_CURVE('',#7310,#3663,#18492,.T.);
#18494=ORIENTED_EDGE('',*,*,#18493,.F.);
#18495=ORIENTED_EDGE('',*,*,#7315,.F.);
#18496=EDGE_LOOP('',(#18486,#18487,#18494,#18495));
#18497=FACE_BOUND('',#18496,.T.);
#18498=ADVANCED_FACE('',(#18497),#18485,.F.);
#18499=CARTESIAN_POINT('',(-26.523115093,-1.684370696,53.426615326));
#18500=CARTESIAN_POINT('',(-26.837274358,-1.684370696,53.426615326));
#18501=CARTESIAN_POINT('',(-27.151310015,-1.63006649,53.457486045));
#18502=CARTESIAN_POINT('',(-27.731800646,-1.421034741,53.57631589));
#18503=CARTESIAN_POINT('',(-27.998027221,-1.266389444,53.664228262));
#18504=CARTESIAN_POINT('',(-28.442315514,-0.880149136,53.883797185));
#18505=CARTESIAN_POINT('',(-28.620202425,-0.648706094,54.015367347));
#18506=CARTESIAN_POINT('',(-28.860649517,-0.144058812,54.302247971));
#18507=CARTESIAN_POINT('',(-28.923115093,0.128946871,54.457445558));
#18508=CARTESIAN_POINT('',(-28.923115093,0.402060012,54.612704233));
#18509=CARTESIAN_POINT('',(-26.523115184,-1.706724021,53.465936712));
#18510=CARTESIAN_POINT('',(-26.831292271,-1.69996721,53.45405091));
#18511=CARTESIAN_POINT('',(-27.139357484,-1.642398708,53.474306604));
#18512=CARTESIAN_POINT('',(-27.710592484,-1.434010743,53.576221117));
#18513=CARTESIAN_POINT('',(-27.973554846,-1.283267032,53.657843385));
#18514=CARTESIAN_POINT('',(-28.416027579,-0.910533575,53.87060854));
#18515=CARTESIAN_POINT('',(-28.59537712,-0.688678952,54.00167427));
#18516=CARTESIAN_POINT('',(-28.844267869,-0.206134767,54.294155136));
#18517=CARTESIAN_POINT('',(-28.913718328,0.054380003,54.455463759));
#18518=CARTESIAN_POINT('',(-28.923115093,0.315270067,54.620119204));
#18519=CARTESIAN_POINT('',(-26.533332047,-1.731795291,53.503764697));
#18520=CARTESIAN_POINT('',(-26.833211429,-1.718581815,53.484337061));
#18521=CARTESIAN_POINT('',(-27.132992343,-1.65848919,53.497668063));
#18522=CARTESIAN_POINT('',(-27.690958819,-1.452859147,53.588027117));
#18523=CARTESIAN_POINT('',(-27.948961103,-1.307389232,53.665025606));
#18524=CARTESIAN_POINT('',(-28.387360797,-0.951209426,53.872030182));
#18525=CARTESIAN_POINT('',(-28.567614013,-0.740616201,54.001968222));
#18526=CARTESIAN_POINT('',(-28.825296742,-0.283461401,54.296752913));
#18527=CARTESIAN_POINT('',(-28.90264116,-0.037049492,54.461502475));
#18528=CARTESIAN_POINT('',(-28.923115093,0.210209298,54.632211384));
#18529=CARTESIAN_POINT('',(-26.563403776,-1.78606852,53.574840935));
#18530=CARTESIAN_POINT('',(-26.846291858,-1.764302723,53.548459704));
#18531=CARTESIAN_POINT('',(-27.129105216,-1.703312217,53.555089583));
#18532=CARTESIAN_POINT('',(-27.659473235,-1.510469202,53.633570477));
#18533=CARTESIAN_POINT('',(-27.906887732,-1.378667612,53.705400876));
#18534=CARTESIAN_POINT('',(-28.335448135,-1.060646414,53.905327344));
#18535=CARTESIAN_POINT('',(-28.516480583,-0.874510504,54.033370524));
#18536=CARTESIAN_POINT('',(-28.789535521,-0.471049181,54.329700962));
#18537=CARTESIAN_POINT('',(-28.881485375,-0.253829868,54.497909636));
#18538=CARTESIAN_POINT('',(-28.923115093,-0.034576852,54.6756972));
#18539=CARTESIAN_POINT('',(-26.583149319,-1.81527351,53.608181859));
#18540=CARTESIAN_POINT('',(-26.857368489,-1.791407402,53.582261639));
#18541=CARTESIAN_POINT('',(-27.131523292,-1.732032485,53.589002464));
#18542=CARTESIAN_POINT('',(-27.647605348,-1.549202335,53.667001491));
#18543=CARTESIAN_POINT('',(-27.889411423,-1.425789811,53.738241247));
#18544=CARTESIAN_POINT('',(-28.312232458,-1.129380259,53.936840416));
#18545=CARTESIAN_POINT('',(-28.493148024,-0.956452444,54.064153039));
#18546=CARTESIAN_POINT('',(-28.772779731,-0.581342503,54.359873501));
#18547=CARTESIAN_POINT('',(-28.87142994,-0.379247985,54.528211708));
#18548=CARTESIAN_POINT('',(-28.923115093,-0.174415286,54.707157351));
#18549=CARTESIAN_POINT('',(-26.601650237,-1.846610044,53.639518395));
#18550=CARTESIAN_POINT('',(-26.868578764,-1.823434598,53.616342949));
#18551=CARTESIAN_POINT('',(-27.135450782,-1.768002983,53.625433483));
#18552=CARTESIAN_POINT('',(-27.639425817,-1.598787221,53.707136334));
#18553=CARTESIAN_POINT('',(-27.87642214,-1.485038896,53.779731354));
#18554=CARTESIAN_POINT('',(-28.294096335,-1.21190157,53.980341506));
#18555=CARTESIAN_POINT('',(-28.474685784,-1.052570392,54.108314169));
#18556=CARTESIAN_POINT('',(-28.759301497,-0.706088583,54.405373789));
#18557=CARTESIAN_POINT('',(-28.863267507,-0.519011303,54.574397857));
#18558=CARTESIAN_POINT('',(-28.923115093,-0.328492069,54.754524837));
#18559=B_SPLINE_SURFACE_WITH_KNOTS('',3,3,((#18499,#18500,#18501,#18502,#18503,#18504,#18505,#18506,#18507,#18508),(#18509,#18510,#18511,#18512,#18513,#18514,#18515,#18516,#18517,#18518),(#18519,#18520,#18521,#18522,#18523,#18524,#18525,#18526,#18527,#18528),(#18529,#18530,#18531,#18532,#18533,#18534,#18535,#18536,#18537,#18538),(#18539,#18540,#18541,#18542,#18543,#18544,#18545,#18546,#18547,#18548),(#18549,#18550,#18551,#18552,#18553,#18554,#18555,#18556,#18557,#18558)),.UNSPECIFIED.,.F.,.F.,.U.,(4,2,4),(4,2,2,2,4),(0.001793818,0.00225013,0.002706442),(0.,0.25,0.5,0.75,1.),.UNSPECIFIED.);
#18560=ORIENTED_EDGE('',*,*,#18467,.T.);
#18561=ORIENTED_EDGE('',*,*,#7523,.F.);
#18562=CARTESIAN_POINT('',(-26.523115093,0.402060012,54.612704233));
#18563=DIRECTION('',(-0.,-0.494203712,0.869346129));
#18564=DIRECTION('',(0.,0.869346129,0.494203712));
#18565=AXIS2_PLACEMENT_3D('',#18562,#18563,#18564);
#18566=CIRCLE('',#18565,2.4);
#18567=EDGE_CURVE('',#3594,#7510,#18566,.T.);
#18568=ORIENTED_EDGE('',*,*,#18567,.F.);
#18569=ORIENTED_EDGE('',*,*,#17336,.F.);
#18570=EDGE_LOOP('',(#18560,#18561,#18568,#18569));
#18571=FACE_BOUND('',#18570,.T.);
#18572=ADVANCED_FACE('',(#18571),#18559,.F.);
#18573=CARTESIAN_POINT('',(-26.523115093,-5.267588386,55.646283175));
#18574=DIRECTION('',(1.,0.,0.));
#18575=DIRECTION('',(0.,0.,-1.));
#18576=AXIS2_PLACEMENT_3D('',#18573,#18574,#18575);
#18577=TOROIDAL_SURFACE('',#18576,3.4,2.4);
#18578=ORIENTED_EDGE('',*,*,#18493,.T.);
#18579=ORIENTED_EDGE('',*,*,#3669,.F.);
#18580=CARTESIAN_POINT('',(-26.523115093,-7.671751442,58.050446231));
#18581=DIRECTION('',(0.,0.707106781,0.707106781));
#18582=DIRECTION('',(0.,-0.707106781,0.707106781));
#18583=AXIS2_PLACEMENT_3D('',#18580,#18581,#18582);
#18584=CIRCLE('',#18583,2.4);
#18585=EDGE_CURVE('',#7342,#3655,#18584,.T.);
#18586=ORIENTED_EDGE('',*,*,#18585,.F.);
#18587=CARTESIAN_POINT('',(-26.523115093,-5.267588386,55.646283175));
#18588=DIRECTION('',(1.,0.,0.));
#18589=DIRECTION('',(0.,0.,-1.));
#18590=AXIS2_PLACEMENT_3D('',#18587,#18588,#18589);
#18591=CIRCLE('',#18590,1.);
#18592=EDGE_CURVE('',#7599,#7342,#18591,.T.);
#18593=ORIENTED_EDGE('',*,*,#18592,.F.);
#18594=ORIENTED_EDGE('',*,*,#7613,.F.);
#18595=EDGE_LOOP('',(#18578,#18579,#18586,#18593,#18594));
#18596=FACE_BOUND('',#18595,.T.);
#18597=ADVANCED_FACE('',(#18596),#18577,.F.);
#18598=CARTESIAN_POINT('',(-26.523115093,-2.553716825,52.932411614));
#18599=DIRECTION('',(1.,0.,0.));
#18600=DIRECTION('',(0.,0.,-1.));
#18601=AXIS2_PLACEMENT_3D('',#18598,#18599,#18600);
#18602=TOROIDAL_SURFACE('',#18601,3.4,2.4);
#18603=ORIENTED_EDGE('',*,*,#18567,.T.);
#18604=ORIENTED_EDGE('',*,*,#7516,.F.);
#18605=CARTESIAN_POINT('',(-26.523115093,-0.149553769,50.528248558));
#18606=DIRECTION('',(0.,0.707106781,0.707106781));
#18607=DIRECTION('',(0.,-0.707106781,0.707106781));
#18608=AXIS2_PLACEMENT_3D('',#18605,#18606,#18607);
#18609=CIRCLE('',#18608,2.4);
#18610=EDGE_CURVE('',#3603,#7430,#18609,.T.);
#18611=ORIENTED_EDGE('',*,*,#18610,.F.);
#18612=ORIENTED_EDGE('',*,*,#3609,.F.);
#18613=EDGE_LOOP('',(#18603,#18604,#18611,#18612));
#18614=FACE_BOUND('',#18613,.T.);
#18615=ADVANCED_FACE('',(#18614),#18602,.F.);
#18616=CARTESIAN_POINT('',(-26.523115093,-32.861098837,32.861098837));
#18617=DIRECTION('',(0.,-0.707106781,-0.707106781));
#18618=DIRECTION('',(0.,0.707106781,-0.707106781));
#18619=AXIS2_PLACEMENT_3D('',#18616,#18617,#18618);
#18620=CYLINDRICAL_SURFACE('',#18619,2.4);
#18621=ORIENTED_EDGE('',*,*,#18585,.T.);
#18622=ORIENTED_EDGE('',*,*,#3660,.F.);
#18623=CARTESIAN_POINT('',(-26.523115093,-13.850446231,51.871751442));
#18624=DIRECTION('',(-0.,0.707106781,0.707106781));
#18625=DIRECTION('',(0.,-0.707106781,0.707106781));
#18626=AXIS2_PLACEMENT_3D('',#18623,#18624,#18625);
#18627=CIRCLE('',#18626,2.4);
#18628=EDGE_CURVE('',#7350,#3646,#18627,.T.);
#18629=ORIENTED_EDGE('',*,*,#18628,.F.);
#18630=ORIENTED_EDGE('',*,*,#7355,.F.);
#18631=EDGE_LOOP('',(#18621,#18622,#18629,#18630));
#18632=FACE_BOUND('',#18631,.T.);
#18633=ADVANCED_FACE('',(#18632),#18620,.F.);
#18634=CARTESIAN_POINT('',(-26.523115093,-3.238901163,47.438901163));
#18635=DIRECTION('',(0.,0.707106781,0.707106781));
#18636=DIRECTION('',(0.,-0.707106781,0.707106781));
#18637=AXIS2_PLACEMENT_3D('',#18634,#18635,#18636);
#18638=CYLINDRICAL_SURFACE('',#18637,2.4);
#18639=ORIENTED_EDGE('',*,*,#18610,.T.);
#18640=ORIENTED_EDGE('',*,*,#7435,.F.);
#18641=CARTESIAN_POINT('',(-26.523115093,-6.328248558,44.349553769));
#18642=DIRECTION('',(0.,0.707106781,0.707106781));
#18643=DIRECTION('',(0.,-0.707106781,0.707106781));
#18644=AXIS2_PLACEMENT_3D('',#18641,#18642,#18643);
#18645=CIRCLE('',#18644,2.4);
#18646=EDGE_CURVE('',#3612,#7422,#18645,.T.);
#18647=ORIENTED_EDGE('',*,*,#18646,.F.);
#18648=ORIENTED_EDGE('',*,*,#3617,.F.);
#18649=EDGE_LOOP('',(#18639,#18640,#18647,#18648));
#18650=FACE_BOUND('',#18649,.T.);
#18651=ADVANCED_FACE('',(#18650),#18638,.F.);
#18652=CARTESIAN_POINT('',(-26.523115093,-11.446283175,49.467588386));
#18653=DIRECTION('',(1.,0.,0.));
#18654=DIRECTION('',(0.,0.,-1.));
#18655=AXIS2_PLACEMENT_3D('',#18652,#18653,#18654);
#18656=TOROIDAL_SURFACE('',#18655,3.4,2.4);
#18657=ORIENTED_EDGE('',*,*,#18628,.T.);
#18658=ORIENTED_EDGE('',*,*,#3652,.F.);
#18659=CARTESIAN_POINT('',(-26.523115093,-13.850446231,47.06342533));
#18660=DIRECTION('',(-0.,-0.707106781,0.707106781));
#18661=DIRECTION('',(0.,-0.707106781,-0.707106781));
#18662=AXIS2_PLACEMENT_3D('',#18659,#18660,#18661);
#18663=CIRCLE('',#18662,2.4);
#18664=EDGE_CURVE('',#7382,#3638,#18663,.T.);
#18665=ORIENTED_EDGE('',*,*,#18664,.F.);
#18666=ORIENTED_EDGE('',*,*,#7541,.F.);
#18667=EDGE_LOOP('',(#18657,#18658,#18665,#18666));
#18668=FACE_BOUND('',#18667,.T.);
#18669=ADVANCED_FACE('',(#18668),#18656,.F.);
#18670=CARTESIAN_POINT('',(-26.523115093,-8.732411614,46.753716825));
#18671=DIRECTION('',(1.,0.,0.));
#18672=DIRECTION('',(0.,0.,-1.));
#18673=AXIS2_PLACEMENT_3D('',#18670,#18671,#18672);
#18674=TOROIDAL_SURFACE('',#18673,3.4,2.4);
#18675=CARTESIAN_POINT('',(-26.523115093,-8.732411614,43.353716825));
#18676=DIRECTION('',(-0.,1.,-0.));
#18677=DIRECTION('',(0.,0.,-1.));
#18678=AXIS2_PLACEMENT_3D('',#18675,#18676,#18677);
#18679=CIRCLE('',#18678,2.4);
#18680=EDGE_CURVE('',#3620,#7573,#18679,.T.);
#18681=ORIENTED_EDGE('',*,*,#18680,.F.);
#18682=ORIENTED_EDGE('',*,*,#3626,.F.);
#18683=ORIENTED_EDGE('',*,*,#18646,.T.);
#18684=ORIENTED_EDGE('',*,*,#7586,.F.);
#18685=EDGE_LOOP('',(#18681,#18682,#18683,#18684));
#18686=FACE_BOUND('',#18685,.T.);
#18687=ADVANCED_FACE('',(#18686),#18674,.F.);
#18688=CARTESIAN_POINT('',(-26.523115093,-12.49351045,45.70648955));
#18689=DIRECTION('',(0.,0.707106781,-0.707106781));
#18690=DIRECTION('',(0.,0.707106781,0.707106781));
#18691=AXIS2_PLACEMENT_3D('',#18688,#18689,#18690);
#18692=CYLINDRICAL_SURFACE('',#18691,2.4);
#18693=ORIENTED_EDGE('',*,*,#18664,.T.);
#18694=ORIENTED_EDGE('',*,*,#3643,.F.);
#18695=CARTESIAN_POINT('',(-26.523115093,-11.13657467,44.349553769));
#18696=DIRECTION('',(0.,0.707106781,-0.707106781));
#18697=DIRECTION('',(0.,0.707106781,0.707106781));
#18698=AXIS2_PLACEMENT_3D('',#18695,#18696,#18697);
#18699=CIRCLE('',#18698,2.4);
#18700=EDGE_CURVE('',#3629,#7390,#18699,.T.);
#18701=ORIENTED_EDGE('',*,*,#18700,.T.);
#18702=ORIENTED_EDGE('',*,*,#7395,.F.);
#18703=EDGE_LOOP('',(#18693,#18694,#18701,#18702));
#18704=FACE_BOUND('',#18703,.T.);
#18705=ADVANCED_FACE('',(#18704),#18692,.F.);
#18706=CARTESIAN_POINT('',(-23.923115093,-5.267588386,55.646283175));
#18707=DIRECTION('',(-1.,0.,0.));
#18708=DIRECTION('',(0.,0.,1.));
#18709=AXIS2_PLACEMENT_3D('',#18706,#18707,#18708);
#18710=CYLINDRICAL_SURFACE('',#18709,1.);
#18711=ORIENTED_EDGE('',*,*,#7604,.F.);
#18712=ORIENTED_EDGE('',*,*,#18592,.T.);
#18713=ORIENTED_EDGE('',*,*,#7347,.F.);
#18714=ORIENTED_EDGE('',*,*,#7482,.F.);
#18715=EDGE_LOOP('',(#18711,#18712,#18713,#18714));
#18716=FACE_BOUND('',#18715,.T.);
#18717=ADVANCED_FACE('',(#18716),#18710,.T.);
#18718=CARTESIAN_POINT('',(-28.923115093,50.,-50.));
#18719=DIRECTION('',(-1.,0.,0.));
#18720=DIRECTION('',(0.,0.,1.));
#18721=AXIS2_PLACEMENT_3D('',#18718,#18719,#18720);
#18722=TOROIDAL_SURFACE('',#18721,15.,9.7);
#18723=ORIENTED_EDGE('',*,*,#9556,.F.);
#18724=ORIENTED_EDGE('',*,*,#12138,.F.);
#18725=ORIENTED_EDGE('',*,*,#12171,.T.);
#18726=ORIENTED_EDGE('',*,*,#12200,.T.);
#18727=EDGE_LOOP('',(#18723,#18724,#18725,#18726));
#18728=FACE_BOUND('',#18727,.T.);
#18729=ADVANCED_FACE('',(#18728),#18722,.T.);
#18730=CARTESIAN_POINT('',(-28.923115093,50.,-50.));
#18731=DIRECTION('',(-1.,0.,0.));
#18732=DIRECTION('',(0.,0.,1.));
#18733=AXIS2_PLACEMENT_3D('',#18730,#18731,#18732);
#18734=TOROIDAL_SURFACE('',#18733,15.,9.7);
#18735=ORIENTED_EDGE('',*,*,#9627,.F.);
#18736=ORIENTED_EDGE('',*,*,#12270,.F.);
#18737=ORIENTED_EDGE('',*,*,#12303,.T.);
#18738=EDGE_LOOP('',(#18735,#18736,#18737));
#18739=FACE_BOUND('',#18738,.T.);
#18740=ADVANCED_FACE('',(#18739),#18734,.T.);
#18741=CARTESIAN_POINT('',(-28.923115093,50.,-50.));
#18742=DIRECTION('',(-1.,0.,0.));
#18743=DIRECTION('',(0.,0.,1.));
#18744=AXIS2_PLACEMENT_3D('',#18741,#18742,#18743);
#18745=TOROIDAL_SURFACE('',#18744,15.,9.7);
#18746=ORIENTED_EDGE('',*,*,#9698,.F.);
#18747=ORIENTED_EDGE('',*,*,#11979,.F.);
#18748=ORIENTED_EDGE('',*,*,#12012,.T.);
#18749=ORIENTED_EDGE('',*,*,#12050,.T.);
#18750=EDGE_LOOP('',(#18746,#18747,#18748,#18749));
#18751=FACE_BOUND('',#18750,.T.);
#18752=ADVANCED_FACE('',(#18751),#18745,.T.);
#18753=CARTESIAN_POINT('',(-28.923115093,50.,-50.));
#18754=DIRECTION('',(-1.,0.,0.));
#18755=DIRECTION('',(0.,0.,1.));
#18756=AXIS2_PLACEMENT_3D('',#18753,#18754,#18755);
#18757=TOROIDAL_SURFACE('',#18756,15.,9.7);
#18758=ORIENTED_EDGE('',*,*,#9878,.F.);
#18759=CARTESIAN_POINT('',(-32.541125596,50.,-50.));
#18760=DIRECTION('',(-1.,-0.,-0.));
#18761=DIRECTION('',(0.,0.,-1.));
#18762=AXIS2_PLACEMENT_3D('',#18759,#18760,#18761);
#18763=CIRCLE('',#18762,6.);
#18764=EDGE_CURVE('',#1037,#9870,#18763,.T.);
#18765=ORIENTED_EDGE('',*,*,#18764,.F.);
#18766=ORIENTED_EDGE('',*,*,#1076,.F.);
#18767=ORIENTED_EDGE('',*,*,#11827,.T.);
#18768=ORIENTED_EDGE('',*,*,#11870,.T.);
#18769=EDGE_LOOP('',(#18758,#18765,#18766,#18767,#18768));
#18770=FACE_BOUND('',#18769,.T.);
#18771=ADVANCED_FACE('',(#18770),#18757,.T.);
#18772=CARTESIAN_POINT('',(-30.923115093,53.693008816,-42.903403218));
#18773=DIRECTION('',(1.,0.,0.));
#18774=DIRECTION('',(0.,0.,-1.));
#18775=AXIS2_PLACEMENT_3D('',#18772,#18773,#18774);
#18776=CYLINDRICAL_SURFACE('',#18775,2.);
#18777=ORIENTED_EDGE('',*,*,#14863,.F.);
#18778=ORIENTED_EDGE('',*,*,#950,.F.);
#18779=ORIENTED_EDGE('',*,*,#15199,.F.);
#18780=ORIENTED_EDGE('',*,*,#11929,.F.);
#18781=EDGE_LOOP('',(#18777,#18778,#18779,#18780));
#18782=FACE_BOUND('',#18781,.T.);
#18783=ADVANCED_FACE('',(#18782),#18776,.T.);
#18784=CARTESIAN_POINT('',(-30.923115093,50.,-50.));
#18785=DIRECTION('',(-1.,0.,0.));
#18786=DIRECTION('',(0.,0.,1.));
#18787=AXIS2_PLACEMENT_3D('',#18784,#18785,#18786);
#18788=CYLINDRICAL_SURFACE('',#18787,6.);
#18789=ORIENTED_EDGE('',*,*,#15190,.T.);
#18790=ORIENTED_EDGE('',*,*,#932,.T.);
#18791=ORIENTED_EDGE('',*,*,#15169,.T.);
#18792=ORIENTED_EDGE('',*,*,#15639,.T.);
#18793=ORIENTED_EDGE('',*,*,#15708,.T.);
#18794=ORIENTED_EDGE('',*,*,#14590,.T.);
#18795=ORIENTED_EDGE('',*,*,#15738,.F.);
#18796=ORIENTED_EDGE('',*,*,#2630,.T.);
#18797=ORIENTED_EDGE('',*,*,#15118,.T.);
#18798=ORIENTED_EDGE('',*,*,#10089,.T.);
#18799=ORIENTED_EDGE('',*,*,#11591,.F.);
#18800=ORIENTED_EDGE('',*,*,#2588,.T.);
#18801=ORIENTED_EDGE('',*,*,#11678,.T.);
#18802=ORIENTED_EDGE('',*,*,#10025,.T.);
#18803=ORIENTED_EDGE('',*,*,#11736,.F.);
#18804=ORIENTED_EDGE('',*,*,#11769,.T.);
#18805=ORIENTED_EDGE('',*,*,#1084,.T.);
#18806=ORIENTED_EDGE('',*,*,#18764,.T.);
#18807=EDGE_LOOP('',(#18789,#18790,#18791,#18792,#18793,#18794,#18795,#18796,#18797,#18798,#18799,#18800,#18801,#18802,#18803,#18804,#18805,#18806));
#18808=FACE_BOUND('',#18807,.T.);
#18809=ADVANCED_FACE('',(#18808),#18788,.F.);
#18810=CARTESIAN_POINT('',(-32.923115093,-19.5,49.3));
#18811=DIRECTION('',(1.,0.,0.));
#18812=DIRECTION('',(0.,0.,-1.));
#18813=AXIS2_PLACEMENT_3D('',#18810,#18811,#18812);
#18814=CYLINDRICAL_SURFACE('',#18813,3.5);
#18815=ORIENTED_EDGE('',*,*,#17047,.T.);
#18816=ORIENTED_EDGE('',*,*,#2954,.T.);
#18817=ORIENTED_EDGE('',*,*,#8277,.T.);
#18818=ORIENTED_EDGE('',*,*,#17033,.F.);
#18819=ORIENTED_EDGE('',*,*,#17535,.T.);
#18820=ORIENTED_EDGE('',*,*,#3360,.T.);
#18821=EDGE_LOOP('',(#18815,#18816,#18817,#18818,#18819,#18820));
#18822=FACE_BOUND('',#18821,.T.);
#18823=ADVANCED_FACE('',(#18822),#18814,.F.);
#18824=CARTESIAN_POINT('',(-32.923115093,34.4,-38.9));
#18825=DIRECTION('',(1.,0.,0.));
#18826=DIRECTION('',(0.,0.,-1.));
#18827=AXIS2_PLACEMENT_3D('',#18824,#18825,#18826);
#18828=CYLINDRICAL_SURFACE('',#18827,3.7);
#18829=ORIENTED_EDGE('',*,*,#17087,.T.);
#18830=ORIENTED_EDGE('',*,*,#17220,.F.);
#18831=ORIENTED_EDGE('',*,*,#15693,.T.);
#18832=ORIENTED_EDGE('',*,*,#15624,.T.);
#18833=ORIENTED_EDGE('',*,*,#17516,.T.);
#18834=ORIENTED_EDGE('',*,*,#880,.T.);
#18835=EDGE_LOOP('',(#18829,#18830,#18831,#18832,#18833,#18834));
#18836=FACE_BOUND('',#18835,.T.);
#18837=ADVANCED_FACE('',(#18836),#18828,.F.);
#18838=CARTESIAN_POINT('',(-32.923115093,31.3,-36.372155068));
#18839=DIRECTION('',(1.,0.,0.));
#18840=DIRECTION('',(0.,0.,-1.));
#18841=AXIS2_PLACEMENT_3D('',#18838,#18839,#18840);
#18842=CYLINDRICAL_SURFACE('',#18841,0.3);
#18843=ORIENTED_EDGE('',*,*,#17496,.F.);
#18844=ORIENTED_EDGE('',*,*,#3571,.F.);
#18845=ORIENTED_EDGE('',*,*,#2552,.F.);
#18846=ORIENTED_EDGE('',*,*,#17190,.F.);
#18847=EDGE_LOOP('',(#18843,#18844,#18845,#18846));
#18848=FACE_BOUND('',#18847,.T.);
#18849=ADVANCED_FACE('',(#18848),#18842,.T.);
#18850=CARTESIAN_POINT('',(-32.923115093,-21.3,53.094733192));
#18851=DIRECTION('',(1.,0.,0.));
#18852=DIRECTION('',(0.,0.,-1.));
#18853=AXIS2_PLACEMENT_3D('',#18850,#18851,#18852);
#18854=CYLINDRICAL_SURFACE('',#18853,0.7);
#18855=ORIENTED_EDGE('',*,*,#17551,.F.);
#18856=ORIENTED_EDGE('',*,*,#3333,.F.);
#18857=ORIENTED_EDGE('',*,*,#2837,.F.);
#18858=ORIENTED_EDGE('',*,*,#17015,.F.);
#18859=ORIENTED_EDGE('',*,*,#8263,.F.);
#18860=ORIENTED_EDGE('',*,*,#8312,.F.);
#18861=EDGE_LOOP('',(#18855,#18856,#18857,#18858,#18859,#18860));
#18862=FACE_BOUND('',#18861,.T.);
#18863=ADVANCED_FACE('',(#18862),#18854,.T.);
#18864=CARTESIAN_POINT('',(-30.923115093,-21.164028919,62.372966379));
#18865=DIRECTION('',(-1.,0.,0.));
#18866=DIRECTION('',(0.,0.,1.));
#18867=AXIS2_PLACEMENT_3D('',#18864,#18865,#18866);
#18868=CYLINDRICAL_SURFACE('',#18867,0.2);
#18869=ORIENTED_EDGE('',*,*,#17592,.F.);
#18870=ORIENTED_EDGE('',*,*,#6374,.F.);
#18871=ORIENTED_EDGE('',*,*,#6465,.F.);
#18872=ORIENTED_EDGE('',*,*,#2912,.F.);
#18873=EDGE_LOOP('',(#18869,#18870,#18871,#18872));
#18874=FACE_BOUND('',#18873,.T.);
#18875=ADVANCED_FACE('',(#18874),#18868,.T.);
#18876=CARTESIAN_POINT('',(-26.523115093,-8.732411614,46.753716825));
#18877=DIRECTION('',(1.,0.,0.));
#18878=DIRECTION('',(0.,0.,-1.));
#18879=AXIS2_PLACEMENT_3D('',#18876,#18877,#18878);
#18880=TOROIDAL_SURFACE('',#18879,3.4,2.4);
#18881=ORIENTED_EDGE('',*,*,#18680,.T.);
#18882=ORIENTED_EDGE('',*,*,#7579,.F.);
#18883=ORIENTED_EDGE('',*,*,#18700,.F.);
#18884=ORIENTED_EDGE('',*,*,#3635,.F.);
#18885=EDGE_LOOP('',(#18881,#18882,#18883,#18884));
#18886=FACE_BOUND('',#18885,.T.);
#18887=ADVANCED_FACE('',(#18886),#18880,.F.);
#18888=CLOSED_SHELL('',(#839,#1012,#1094,#1135,#1175,#1217,#1259,#1300,#1341,#2556,#2598,#2640,#2783,#2871,#2939,#2989,#3176,#3883,#4751,#4825,#4857,#4899,#5141,#5211,#5284,#5317,
#5360,#5409,#5479,#5555,#5631,#5662,#5692,#5765,#5795,#5826,#5848,#5975,#6006,#6037,#6059,#6090,#6108,#6139,#6157,#6188,#6219,#6259,#6290,#6321,#6352,
#6401,#6423,#6454,#6478,#6496,#6527,#6558,#6589,#6613,#6644,#6675,#6706,#7084,#7131,#7162,#7214,#7245,#7272,#7333,#7373,#7413,#7453,#7502,#7529,#7547,
#7565,#7592,#7617,#7643,#7660,#7677,#7689,#7706,#7723,#7735,#7752,#7769,#7781,#7798,#7815,#7827,#7844,#7861,#7873,#7890,#7907,#7919,#7936,#7953,#7965,
#7983,#8030,#8072,#8090,#8132,#8174,#8192,#8234,#8283,#8326,#8375,#8392,#8412,#8429,#8446,#8458,#8471,#8488,#8505,#8517,#8534,#8545,#8594,#8611,#8631,
#8673,#8715,#8733,#8752,#8769,#8786,#8798,#8816,#8833,#8882,#8902,#8944,#8986,#9013,#9046,#9070,#9097,#9139,#9181,#9199,#9211,#9237,#9254,#9271,#9283,
#9300,#9317,#9329,#9378,#9395,#9415,#9458,#9483,#9541,#9612,#9683,#9787,#9863,#9925,#10029,#10133,#10252,#10347,#10359,#10406,#10682,#10746,#10799,#10901,#10913,
#10944,#10968,#10992,#11016,#11040,#11064,#11088,#11112,#11136,#11159,#11176,#11193,#11210,#11228,#11246,#11263,#11281,#11298,#11316,#11333,#11351,#11368,#11386,#11412,#11435,
#11452,#11477,#11502,#11525,#11542,#11564,#11612,#11637,#11683,#11700,#11750,#11774,#11798,#11831,#11890,#11933,#11992,#12017,#12070,#12104,#12151,#12176,#12220,#12245,#12283,
#12307,#12332,#12356,#12380,#12404,#12428,#12452,#12476,#12500,#12524,#12548,#12572,#12596,#12620,#12644,#12668,#12692,#12716,#12740,#12764,#12788,#12812,#12836,#12860,#12884,
#12908,#12932,#12956,#12980,#13004,#13028,#13052,#13076,#13100,#13124,#13148,#13172,#13196,#13220,#13244,#13268,#13292,#13316,#13340,#13364,#13388,#13412,#13436,#13460,#13484,
#13508,#13532,#13556,#13580,#13604,#13628,#13652,#13676,#13700,#13724,#13748,#13772,#13796,#13820,#13844,#13868,#13892,#13916,#13940,#13964,#13988,#14012,#14036,#14060,#14084,
#14108,#14132,#14156,#14180,#14204,#14228,#14252,#14276,#14300,#14324,#14348,#14372,#14396,#14420,#14444,#14461,#14479,#14524,#14542,#14646,#14657,#14676,#14830,#14853,#14874,
#14906,#14930,#14955,#14994,#15031,#15055,#15080,#15097,#15129,#15148,#15180,#15204,#15222,#15250,#15282,#15306,#15337,#15361,#15378,#15401,#15432,#15455,#15479,#15491,#15522,
#15546,#15570,#15592,#15650,#15681,#15713,#15745,#15764,#15797,#15809,#15821,#15852,#15876,#15900,#15917,#15929,#15960,#15984,#16008,#16025,#16037,#16068,#16092,#16116,#16133,
#16145,#16176,#16200,#16224,#16241,#16253,#16284,#16308,#16332,#16349,#16361,#16392,#16416,#16440,#16457,#16469,#16493,#16517,#16534,#16547,#16571,#16595,#16612,#16624,#16648,
#16672,#16689,#16701,#16737,#16761,#16788,#16800,#16824,#16848,#16865,#16877,#16901,#16925,#16942,#16955,#16979,#17003,#17037,#17075,#17168,#17197,#17209,#17228,#17252,#17276,
#17309,#17367,#17391,#17407,#17431,#17486,#17503,#17522,#17541,#17558,#17570,#17582,#17599,#17623,#17641,#17662,#17680,#17698,#17716,#17734,#17828,#17846,#18034,#18052,#18064,
#18138,#18232,#18250,#18268,#18280,#18480,#18498,#18572,#18597,#18615,#18633,#18651,#18669,#18687,#18705,#18717,#18729,#18740,#18752,#18771,#18783,#18809,#18823,#18837,#18849,
#18863,#18875,#18887));
#18889=MANIFOLD_SOLID_BREP('Amplifier Heatsink (3D printed Aluminium)',#18888);
#18890=COLOUR_RGB('',0.925490201,0.925490201,0.925490201);
#18891=FILL_AREA_STYLE_COLOUR('',#18890);
#18892=FILL_AREA_STYLE('',(#18891));
#18893=SURFACE_STYLE_FILL_AREA(#18892);
#18894=SURFACE_SIDE_STYLE('',(#18893));
#18895=SURFACE_STYLE_USAGE(.BOTH.,#18894);
#18896=PRESENTATION_STYLE_ASSIGNMENT((#18895));
#26=STYLED_ITEM('',(#18896),#18889);
#16=SHAPE_REPRESENTATION('root',(#15),#10);
#17=ADVANCED_BREP_SHAPE_REPRESENTATION('root',(#18889),#10);
#18904=SHAPE_REPRESENTATION_RELATIONSHIP('','',#16,#17);
#18905=CARTESIAN_POINT('',(0.,0.,0.));
#18906=DIRECTION('',(0.,0.,1.));
#18907=DIRECTION('',(1.,0.,0.));
#18908=AXIS2_PLACEMENT_3D('',#18905,#18906,#18907);
#18910=MAPPED_ITEM('',#18909,#18908);
#18909=REPRESENTATION_MAP(#18908,#16);
#18911=APPLICATION_CONTEXT('Managed model based 3d engineering');
#18912=APPLICATION_PROTOCOL_DEFINITION('international standard','ap242_managed_model_based_3d_engineering',2014,#18911);
#18913=PRODUCT_CONTEXT('',#18911,'mechanical');
#18914=PRODUCT_DEFINITION_CONTEXT('part definition',#18911,'design');
#24=PRODUCT('root','root','',(#18913));
#18915=PRODUCT_RELATED_PRODUCT_CATEGORY('part','',(#24));
#18916=PRODUCT_DEFINITION_FORMATION_WITH_SPECIFIED_SOURCE('','',#24,.NOT_KNOWN.);
#25=PRODUCT_DEFINITION('design','',#18916,#18914);
#23=PRODUCT_DEFINITION_SHAPE('','',#25);
#18917=SHAPE_DEFINITION_REPRESENTATION(#23,#16);
#11=DRAUGHTING_MODEL('',(#18910),#10);
#18918=DESCRIPTIVE_REPRESENTATION_ITEM('KEY','/Users/sanyamsaharan/Library/Containers/com.shapr3d.shapr/Data/tmp/B9F93873-9D4B-4CE4-9C77-417ADD85A952.tmp');
#18919=PROPERTY_DEFINITION('KEY','',#25);
#18920=REPRESENTATION('',(#18918),#10);
#18921=PROPERTY_DEFINITION_REPRESENTATION(#18919,#18920);
#18922=GENERAL_PROPERTY('','KEY','');
#18923=GENERAL_PROPERTY_ASSOCIATION('','',#18922,#18919);
#1=MECHANICAL_DESIGN_GEOMETRIC_PRESENTATION_REPRESENTATION('',(#26),#10);
ENDSEC;
END-ISO-10303-21;
